dataset_name,recommended_dim,sample_count,original_dim,class_count,baseline_quality,intrinsic_dim_pca_95,intrinsic_dim_twonn,minority_fraction,class_entropy_normalized,variance_in_top_10_pca,mean_centroid_cosine_distance,intrinsic_dim_mle,intrinsic_dim_lpca,intrinsic_dim_consensus,local_id_std,task_family_code,attr_conc.mean,attr_conc.sd,attr_ent.mean,attr_ent.sd,attr_to_inst,c1,c2,can_cor.mean,can_cor.sd,cat_to_num,class_conc.mean,class_conc.sd,class_ent,cls_coef,cor.mean,cor.sd,cov.mean,cov.sd,density,eigenvalues.mean,eigenvalues.sd,eq_num_attr,f1.mean,f1.sd,f1v.mean,f1v.sd,f2.mean,f2.sd,f3.mean,f3.sd,f4.mean,f4.sd,freq_class.mean,freq_class.sd,g_mean.mean,g_mean.sd,gravity,h_mean.mean,h_mean.sd,hubs.mean,hubs.sd,inst_to_attr,iq_range.mean,iq_range.sd,joint_ent.mean,joint_ent.sd,kurtosis.mean,kurtosis.sd,l1.mean,l1.sd,l2.mean,l2.sd,l3.mean,l3.sd,lh_trace,lsc,mad.mean,mad.sd,max.mean,max.sd,mean.mean,mean.sd,median.mean,median.sd,min.mean,min.sd,mut_inf.mean,mut_inf.sd,n1,n2.mean,n2.sd,n3.mean,n3.sd,n4.mean,n4.sd,nr_attr,nr_bin,nr_cat,nr_class,nr_cor_attr,nr_disc,nr_inst,nr_norm,nr_num,nr_outliers,ns_ratio,num_to_cat,p_trace,range.mean,range.sd,roy_root,sd.mean,sd.sd,sd_ratio,skewness.mean,skewness.sd,sparsity.mean,sparsity.sd,t1,t2,t3,t4,t_mean.mean,t_mean.sd,var.mean,var.sd,w_lambda,task_family,true_intrinsic_dim,is_synthetic,language,linear_sep_metric,linear_sep_value,linear_sep_threshold
IMDb (Binary) [baseline size=2000],16,1200.0,384.0,2.0,0.7166666666666667,150.0,28.80347696221576,0.5,1.0,0.2769473037863393,0.0285279528250885,36.67244524276014,17.0,58.11898055124398,0.0,0.0,0.0074040170619009,0.0010846379497273,3.321928094887362,0.0,0.0266666666666666,1.0,0.0,0.5783344084262688,0.0,0.0,0.0020657567774166,0.0019594031347635,1.0,0.6195722356187431,1.5281402178011527e-16,1.598337532925409e-16,1.7428635972810994e-17,2.230975051863718e-17,0.8775896580483736,0.1255791155542424,0.0748330682374058,73.3674494499306,0.9895477910009448,0.0166241997527339,0.33256806516736,0.0,0.0033541927076043,0.0,0.9908333333333332,0.0,0.88,0.0,0.5,0.0,0.0,0.0,0.5069344922131843,0.0,0.0,0.8162064091007851,0.2076438823290548,37.5,0.4555507686484089,0.1270529965853677,4.308298072207039,0.0132147276147982,0.2155692440135233,0.2474329833265936,0.1474209594674921,0.0,0.2325,0.0,0.2066666666666666,0.0,0.5025634212104635,0.9975229166666668,0.3373945418296218,0.0941946294259455,1.224978483741172,0.2801855783496458,-8.355584742621621e-19,2.1024004922928527e-17,5.235188873246524e-05,0.010575667046220679,-1.2081727351901927,0.3539684674046495,0.0136300226803229,0.0132147276147982,0.5216666666666666,0.491536490439726,0.0264347413253957,0.3675,0.4823252167147173,0.065,0.2466286440651095,32.0,0.0,0.0,2.0,0.0,1.0,1200.0,19.0,32.0,32.0,242.7213915779528,0.0,0.3344706879697623,2.433151218931364,0.5894909192970292,0.5025634212104635,0.3435684488592467,0.0882216358669381,1.023379539084817,0.0123435690781243,0.1176156470394945,0.0,0.0,0.9991666666666666,0.0266666666666666,0.025,0.9375,0.000304494176776,0.0068474270829015,0.1255791155542424,0.0748330682374058,0.6655293120302377,single,,0.0,en,kappa_vs_majority,0.43333333333333335,0.1
IMDb (Binary) [size=385],2,385.0,384.0,2.0,0.6154715762273901,129.0,30.56755529603787,0.4987012987012987,0.9999951334232988,0.3057536268420199,0.0335077814113501,32.49622441601769,17.0,52.265944928013894,0.0,0.0,0.0160246230075524,0.0036788511144615,2.8073549220576037,0.0,0.0831168831168831,0.9999951334232988,1.3492909475942838e-05,0.5746814331116706,0.0,0.0,0.0038930143178414,0.0028027318516567,0.9999951334232988,0.6196381438830989,1.392031301817909e-16,1.461853043671956e-16,1.7315130617187928e-17,2.0139576279363256e-17,0.8754329004329005,0.1363042725997958,0.0880626580032162,58.680416801156746,0.9896794140761472,0.0155705414848208,0.3375846325437729,0.0,0.0022044775048199,0.0,0.9662337662337662,0.0,0.5714285714285714,0.0,0.5,0.0018366409900948,0.0,0.0,0.5538106644749464,0.0,0.0,0.783788734921538,0.2444737371939233,12.03125,0.4704582622882259,0.1436178581949125,3.7903086780003736,0.012387191907342,0.1782170761030984,0.395615717087044,0.1591097520470944,0.0,0.2415584415584415,0.0,0.2129870129870129,0.0,0.4931139441507188,0.99350986675662,0.347425508155459,0.1042227488801749,1.0663739462392492,0.2731209434700437,-9.372012545537035e-19,1.2249387027813965e-17,0.0018694174118069,0.020335650582191837,-1.10444854920718,0.2829543199626844,0.0170413774805291,0.012387191907342,0.5532467532467532,0.4939194043810589,0.0276944975424071,0.4103896103896104,0.4925445241042765,0.2779220779220779,0.4485576934230471,32.0,0.0,0.0,2.0,0.0,1.0,385.0,26.0,32.0,31.0,163.7375586430838,0.0,0.3302587495632835,2.1708224954464295,0.5192139383469947,0.4931139441507188,0.3566959823043274,0.0967724237326598,1.0580621116228557,-0.0300937950108518,0.1462065942636593,0.0,0.0,0.9974025974025974,0.0831168831168831,0.0753246753246753,0.90625,0.0021968009423538,0.0104177609930299,0.1363042725997958,0.0880626580032163,0.6697412504367164,single,,0.0,en,kappa_vs_majority,0.22894040024763115,0.1
IMDb (Binary) [size=391],8,391.0,384.0,2.0,0.6726365237815619,128.0,31.359750381140454,0.4987212276214833,0.9999952816353448,0.3013102126825294,0.0340004866593833,33.76230249285782,17.0,52.53051321849957,0.0,0.0,0.0160227535895407,0.0038198696409987,2.807326490260776,0.0,0.0818414322250639,0.9999952816353448,1.3081984798879454e-05,0.634066599244438,0.0,0.0,0.0046168316067473,0.0035633106428238,0.9999952816353448,0.6156755028957477,1.3489310766150484e-16,1.7022473850409654e-16,1.631552536988508e-17,2.315490786432952e-17,0.8744704570791527,0.1356336283943729,0.0814424007704122,49.35088952419905,0.9874362358663312,0.0189774052202935,0.2720586453281756,0.0,0.0018238579775852,0.0,0.9744245524296676,0.0,0.5703324808184144,0.0,0.5,0.0018084572408863,0.0,0.0,0.5430444930913294,0.0,0.0,0.8031238744832088,0.222163331029928,12.21875,0.4680167986090382,0.1380061452462113,3.787058808223602,0.0158328355409892,0.2344122989598817,0.3671336722326897,0.1405584933315397,0.0,0.1943734015345268,0.0,0.1815856777493606,0.0,0.672353930644021,0.9926544174881116,0.3460891771907776,0.1018612977806398,1.1107246244679945,0.2779908756705816,3.0967697857591085e-18,1.1440909828116221e-17,-0.0007303132758245,0.01847227609673162,-1.1151283540344985,0.244436331437242,0.020262963672519,0.0158328355409892,0.5473145780051151,0.4919393725835627,0.0258388106810753,0.3836317135549872,0.4868929302791057,0.2352941176470588,0.4247259785588174,32.0,0.0,0.0,2.0,0.0,1.0,391.0,25.0,32.0,31.0,137.54471318369488,0.0,0.4020404522774067,2.225852978502493,0.4697925256185994,0.672353930644021,0.3567780383895099,0.0928018893984876,1.0546101518671644,0.0038401976800106,0.1557404923307317,0.0,0.0,1.0,0.0818414322250639,0.0741687979539642,0.90625,0.0003907910591393,0.0101803423453904,0.1356336283943729,0.0814424007704122,0.5979595477225933,single,,0.0,en,kappa_vs_majority,0.3435942605055933,0.1
IMDb (Binary) [size=502],8,502.0,384.0,2.0,0.7211885752304914,136.0,28.00726015412724,0.5,1.0,0.3005469191566693,0.0409119295592081,33.92958415299514,17.0,53.73421107678059,0.0,0.0,0.0118504015041022,0.0030378016849456,2.80732624022787,0.0,0.0637450199203187,1.0,0.0,0.6585608953480973,0.0,0.0,0.0038703108382916,0.0042649113759372,1.0,0.6121425252131976,1.454024403697753e-16,1.4883331749980406e-16,1.6919546985649144e-17,1.946763247788577e-17,0.8748399615112404,0.1321925904049255,0.0786610806961729,58.78158333994517,0.9864467983474472,0.0232338866163113,0.2468392434366343,0.0,0.002313900632814,0.0,0.9741035856573704,0.0,0.6952191235059761,0.0,0.5,0.0,0.0,0.0,0.621742096608642,0.0,0.0,0.8078510205995288,0.2204769678639604,15.6875,0.46238638825613,0.1366251427128205,3.7903141091626544,0.0189504448443163,0.1922279006071895,0.2695932195636855,0.1234547206854613,0.0,0.1912350597609562,0.0,0.1573705179282868,0.0,0.7658561388595899,0.9944485008174472,0.3437847086802607,0.101266981123507,1.1042036180777948,0.2780257463364193,6.904337659365857e-18,2.4262050629043765e-17,0.00067985583107,0.014555419591766906,-1.1335087681989446,0.3068601636914094,0.0170121310652149,0.0189504448443163,0.5318725099601593,0.4923385501411719,0.0278509000575099,0.3784860557768924,0.4854934510606044,0.2669322709163346,0.4427979351483913,32.0,0.0,0.0,2.0,0.0,1.0,502.0,24.0,32.0,31.0,164.01908135236943,0.0,0.4337024528816875,2.2377123862767396,0.5456785241780773,0.7658561388595899,0.3520190130256945,0.0924237359449934,1.04538719933168,-0.0185796377660444,0.1484835997911006,0.0,0.0,1.0,0.0637450199203187,0.0577689243027888,0.90625,0.0018332880900467,0.009690582223442,0.1321925904049255,0.0786610806961729,0.5662975471183125,single,,0.0,en,kappa_vs_majority,0.4423771504609828,0.1
AG News (4 classes) [baseline size=2000],16,1200.0,384.0,4.0,0.8525,151.0,14.89388244437799,0.25,1.0,0.2372691396544853,0.7626220425955279,25.92329187224538,17.0,52.204293579155845,0.1264911064067351,0.0,0.0079539605174445,0.0012452818516653,3.321928094887362,0.0,0.0266666666666666,1.0,0.0,0.7825593704806776,0.0809545569316348,0.0,0.0114922359307756,0.0226084423311271,2.0,0.4898437559003443,1.45615310133613e-16,1.531823111236027e-16,3.0361956771775856e-17,3.2412660826171106e-17,0.9131498470948012,0.232053799250752,0.1036455126322267,26.52712847933076,0.9421779527270449,0.1435933056511578,0.0794662956118902,0.0326578983987238,0.0015255155617746,0.0008138556108404,0.7230555555555555,0.1538773561663338,0.3566666666666667,0.171269767715535,0.25,0.0,0.0,0.0,1.576096863888685,0.0,0.0,0.8679821950332587,0.2450637466218262,37.5,0.6324551578291211,0.1405436551297759,5.246533579361177,0.1485847659626051,0.0890741228279848,0.2411197539841601,0.0477128479612155,0.0275134590606381,0.0502777777777777,0.0332401475238514,0.0336111111111111,0.0265710089857069,5.376297795011374,0.9949291666666666,0.4680674799337916,0.1035551886276547,1.572784557684717,0.291049034798214,2.266705341943028e-18,1.933816209434442e-17,-0.0025103745135124,0.026245990040755222,-1.5584301544325552,0.2532388095613612,0.0753945155261847,0.1485847659626051,0.3583333333333333,0.4663872670875741,0.0509998805921647,0.2316666666666666,0.4220730706323449,0.5616666666666666,0.4963895221365589,32.0,0.0,0.0,4.0,0.0,3.0,1200.0,19.0,32.0,31.0,43.06060668608776,0.0,1.8503047855573376,3.131214712117272,0.4525957278568278,2.639673638965822,0.4725109583498461,0.0952399671596974,1.1704428827537745,0.0002206592200973,0.1720950067250807,0.0,0.0,0.9616666666666668,0.0266666666666666,0.025,0.9375,-0.0015119962300107,0.0191895698652213,0.232053799250752,0.1036455126322267,0.0507515764287241,single,,0.0,en,kappa_vs_majority,0.8033333333333333,0.1
AG News (4 classes) [size=415],4,415.0,384.0,4.0,0.7784381190699614,133.0,16.38140502371549,0.2481927710843373,0.9999937072618518,0.2649689832126027,0.7728921744620333,25.818303731612193,16.996,48.048927188831925,0.063118935352238,0.0,0.0141115211942387,0.0030557832059155,2.807313138198708,0.0,0.0771084337349397,0.9999937072618518,7.729349111418315e-06,0.7898755747631228,0.0991700274552102,0.0,0.0195395456334833,0.0339130724719928,1.9999874145237035,0.4974232171604812,1.287592742144622e-16,1.4018613273082528e-16,3.147323424072327e-17,3.753017586590762e-17,0.9142890402188464,0.2535903522624652,0.1165566381852977,23.26440027879132,0.9408943608057768,0.1370733133274957,0.075763175975058,0.0394239093106619,0.000308507362003,0.0002885663573275,0.5456614641397249,0.3044017420591831,0.0,0.0,0.25,0.0012048192771084,0.0,0.0,1.6067588264847774,0.0,0.0,0.862713732637272,0.2541408400940591,12.96875,0.6656356782910828,0.1535852965027748,4.72133283421015,0.1495797899379481,0.0738359972916899,0.3331568623682747,0.0330059173205468,0.0396071992265031,0.0257068314133531,0.0284936887009943,0.0289080886906973,0.0276952925819216,6.1962528612808025,0.9907446654086224,0.4951844303045423,0.1139375892489919,1.483929298348828,0.3107667529870954,-2.0064271529370283e-19,1.6903297552853378e-17,0.0058968973832044,0.03163803631840983,-1.4771354798110223,0.3548411306937674,0.0859677185122612,0.1495797899379481,0.4530120481927711,0.4771531412130144,0.0465084105591101,0.3156626506024096,0.4653402286849599,0.3710843373493976,0.4836780680849188,32.0,0.0,0.0,4.0,0.0,3.0,415.0,27.0,32.0,29.0,31.655433769576103,0.0,1.8913796595130548,2.9610647781598503,0.56875931500268,3.4987592619960917,0.4930423942862277,0.1041068914652081,1.2692397406162632,0.0224010746201215,0.230257607452782,0.0,0.0,0.9783132530120482,0.0771084337349397,0.072289156626506,0.9375,0.0018201289544683,0.0207075735907864,0.2535903522624651,0.1165566381852976,0.0419411027704766,single,,0.0,en,kappa_vs_majority,0.7045841587599485,0.1
AG News (4 classes) [size=581],8,581.0,384.0,4.0,0.8037319943735199,141.0,16.874057561416933,0.2495697074010327,0.99999679825736,0.2438957881204753,0.7861551492765005,26.22273755861793,16.828,50.23119878000871,0.3878350164696323,0.0,0.0133899671935918,0.0043988796213531,2.999967908821489,0.0,0.0550774526678141,0.99999679825736,3.954429158459227e-06,0.7835547666393848,0.0806009932921802,0.0,0.0155467680334629,0.0251215636002947,1.99999359651472,0.4996309989973854,1.7280422849174367e-16,1.77779394722914e-16,3.8290625816597865e-17,4.3049802830257015e-17,0.9143569351296812,0.2414619232909173,0.104651937405846,24.315030357305613,0.9420353766674172,0.1386885495973931,0.0822757657045051,0.0364170178567878,0.0007570614582001,0.0005130798447118,0.7344886834933049,0.1225897783585171,0.0350574712643678,0.0858729162699849,0.25,0.0008605851979345,0.0,0.0,1.526107940421917,0.0,0.0,0.8753568438963011,0.2309313734346621,18.15625,0.643406446055901,0.1601997203986248,4.917708118557533,0.1371658844729257,0.1343540666593121,0.4261977601364445,0.041244494884211,0.0379769435776715,0.0447288383299759,0.0445536999156618,0.0430086503140182,0.02880818051873,5.49163396970687,0.992940535192158,0.4771642817257931,0.1219321462437196,1.493284715887988,0.2463732416600872,3.65456374284959e-18,2.5989991711431706e-17,0.0038414173616435,0.02946470288720706,-1.537013741078778,0.268224143210546,0.0822533867786765,0.1371658844729256,0.3941480206540447,0.4777879836885603,0.0427414787355647,0.2788296041308089,0.4488099285328596,0.3356282271944922,0.4726165167358276,32.0,0.0,0.0,4.0,0.0,3.0,581.0,22.0,32.0,29.0,35.472272161797534,0.0,1.8548672572092748,3.030298456966766,0.4497777646666304,2.889328978920739,0.4823677337865096,0.0952188254229473,1.2364972091254185,-0.0299521462830379,0.1759595279981678,0.0,0.0,0.974182444061962,0.0550774526678141,0.0516351118760757,0.9375,0.001893907134752,0.0159740284522337,0.2414619232909172,0.104651937405846,0.0496103366585761,single,,0.0,en,kappa_vs_majority,0.7383093258313599,0.1
Emotion (6 classes) [baseline size=2000],32,1029.0,384.0,6.0,0.4946550048590865,141.0,20.02026340580864,0.0699708454810495,0.9747096894211464,0.3436414374884078,0.1455719568865588,25.629911321217687,16.912,50.89054368175658,0.2832948993540123,0.0,0.0089208638692472,0.0015484396148121,3.3219219475743027,0.0,0.0310981535471331,0.9747096894211464,0.0166345085205154,0.4831074369475828,0.1425827184855438,0.0,0.0088268563411229,0.0060433030339844,2.5195879962432284,0.5925597440806415,1.3170376002743975e-16,1.518897681282117e-16,3.307097304752905e-17,4.216603777632634e-17,0.951853448438853,0.3017031510678097,0.2117282626200486,43.000366691590344,0.960991132159536,0.0543057529978666,0.1960364074337648,0.0625955488289186,0.002380809517634,0.0020469064960283,0.9265624666169232,0.0285987387523351,0.353420634920635,0.2332178508140549,0.1666666666666666,0.0502336488291441,0.0,0.0,1.2069296489979977,0.0,0.0,0.9026206949479496,0.2135027876251093,32.15625,0.7161605244542755,0.2438508122002071,5.7829153738150385,0.0419129640738513,-0.0014576042285713,0.3202853809716495,0.10476136161313,0.0239591952287762,0.1297490000366959,0.0474677069784017,0.1040915195772632,0.0479060117024613,1.9045384241449093,0.998317027769042,0.5306391089822519,0.1804413023841161,1.6905218616683997,0.4551642972148245,4.450602503963821e-18,4.6424008702498516e-17,0.0010255357151823,0.021752749405039393,-1.613124586736956,0.4486429833045908,0.0585945700024923,0.0419129640738513,0.7589893100097181,0.5074690491456637,0.0365979374588695,0.6355685131195336,0.4815044035943635,0.3731778425655976,0.4838839584728195,32.0,0.0,0.0,6.0,0.0,5.0,1029.0,23.0,32.0,31.0,55.69334116511149,0.0,1.2482833046132245,3.303646448405355,0.8393429523878376,0.8739597334765358,0.5251583801814618,0.1635472169540409,1.1708975994129938,-0.0114678377264135,0.1583483120952732,0.0,0.0,0.9951409135082604,0.0310981535471331,0.0281827016520894,0.90625,0.0002535518130704,0.0155538476536803,0.3017031510678097,0.2117282626200486,0.2185405120622436,single,,0.0,en,kappa_vs_majority,0.39358600583090375,0.1
Emotion (6 classes) [size=360],2,360.0,384.0,6.0,0.4527777777777778,120.0,20.211501573360938,0.0361111111111111,0.8785948720900488,0.3447539654843015,0.1887008532684056,24.704218493565353,16.912,45.45693001673157,0.2832948993540123,0.0,0.0179082253379737,0.0039820646249938,2.8072881913513537,0.0,0.0888888888888888,0.8785948720900488,0.1019340658253993,0.4948572449334255,0.1747488801671061,0.0,0.0185746524935728,0.0098745714228646,2.271134797678677,0.6364917014712155,1.2087331872031558e-16,1.3601242063541065e-16,3.4708683953374403e-17,4.246965313881032e-17,0.941287527081399,0.3191668954011927,0.2033164157222591,26.896289131674656,0.9579197642939212,0.0547074652478202,0.1257779036330638,0.0757918447648788,9.562727650556264e-05,0.0001590976402626,0.781829151840012,0.0765302005164492,0.0091445427728613,0.0354166618679734,0.1666666666666666,0.1199022235401685,0.0,0.0,1.4952019085820036,0.0,0.0,0.8614815082108213,0.211694859273809,11.25,0.7295068297756584,0.2366273754070621,4.993982537540235,0.0432955993675718,0.05455598209087,0.3941200540964226,0.0422452841479737,0.0498142557337064,0.0413162986530137,0.05943773942162,0.0739902422084534,0.0475645461703071,2.2758792218389994,0.9952546296296296,0.5380849918485202,0.1733359495143936,1.600726074527021,0.4437871195825919,3.681468710128557e-18,1.9485421051200373e-17,0.0017980064758538,0.024165201575175547,-1.5823431781338249,0.3941103419978771,0.0844404514897951,0.0432955993675718,0.7361111111111112,0.5082667856817255,0.0370170268088398,0.6055555555555555,0.4894112456600487,0.4638888888888889,0.4993883600345905,32.0,0.0,0.0,6.0,0.0,5.0,360.0,25.0,32.0,26.0,32.2457742920835,0.0,1.3465671487941324,3.1830692526608457,0.7743842876016115,1.1174376662009315,0.5435312007621906,0.1565457095335795,0.0,-0.0004046787832829,0.1885234620837123,0.0,0.0,1.0,0.0888888888888888,0.0805555555555555,0.90625,0.0010949610359952,0.0135366626830014,0.3191668954011927,0.2033164157222591,0.1801196061521788,single,,0.0,en,kappa_vs_majority,0.3433333333333333,0.1
Emotion (6 classes) [size=437],2,437.0,384.0,6.0,0.5080774681152574,124.0,17.821498804503413,0.0366132723112128,0.8809006092889496,0.3581291901840399,0.2007585829303473,24.790547452465496,16.904,45.87901156424223,0.2945912422323515,0.0,0.0147134409481134,0.0036353416147607,2.807309628499616,0.0,0.0732265446224256,0.8809006092889496,0.0999649662638884,0.4950162915917454,0.1596195124903554,0.0,0.0173531895506481,0.0104701913307282,2.2770950418743534,0.6104080875620395,1.124995371860951e-16,1.326696576591176e-16,3.175449461568303e-17,4.276561810214788e-17,0.9372493859299226,0.3202966202316538,0.2281304057868533,28.793802203512104,0.958527513124238,0.0625356615766358,0.1258877674085362,0.0584496769848671,0.000564606629762,0.0008034112925649,0.8022812305701454,0.0861205034164781,0.0173382173382173,0.0671506270038404,0.1666666666666666,0.118723657782173,0.0,0.0,1.2920365883448994,0.0,0.0,0.8559135868717225,0.2214392545574983,13.65625,0.7262620358218089,0.2563192057216434,5.005321851586091,0.0523559222199133,0.0312360485007658,0.2867179557519497,0.048021820697336,0.0467218354156134,0.0503507340699024,0.0529259643325151,0.0652857929303603,0.0424443959318099,2.2911603163371335,0.9956170896847132,0.538799865772737,0.1909371716287226,1.5777180363853416,0.3940112667484755,-4.779421201547084e-18,2.2985744028845968e-17,0.0028122617752123,0.02580258102445274,-1.6051886904887058,0.466423846289037,0.0790828187878781,0.0523559222199133,0.6933638443935927,0.503946676184998,0.040245367204308,0.5491990846681922,0.4981438475412468,0.4027459954233409,0.4910125860358609,32.0,0.0,0.0,6.0,0.0,5.0,437.0,28.0,32.0,30.0,34.49835060924665,0.0,1.3271191997768546,3.182906726874047,0.8073566466222803,1.3395216353453605,0.5405941232838194,0.1701752086948944,0.0,-0.0161460887634289,0.1628882431166392,0.0,0.0,0.9954233409610984,0.0732265446224256,0.0663615560640732,0.90625,0.0024139322822411,0.0185909146849047,0.3202966202316537,0.2281304057868532,0.1836172036688332,single,,0.0,en,kappa_vs_majority,0.40969296173830894,0.1
"Emotion (6 classes) [size=896, imbalanced]",8,803.0,384.0,6.0,0.602763336873684,138.0,20.05997083252011,0.0348692403486924,0.8191010408174954,0.346973636741038,0.1792092966536931,25.867212188866453,16.856,50.19579575534664,0.351089732119867,0.0,0.0102721886914282,0.00187861339084,3.16990937199875,0.0,0.0398505603985056,0.8191010408174954,0.1505419334610318,0.4586074611635281,0.1792245680623904,0.0,0.0101126870189284,0.007532533962029,2.1173454748148948,0.6198193538265047,1.4019038525239084e-16,1.608231515430346e-16,3.520766232727594e-17,4.296581849963587e-17,0.930199408080049,0.3068681516793585,0.21438603383122,34.68148430605288,0.9631221871742904,0.0547279038966582,0.1453719496579407,0.0545164490049001,0.0003339353141809,0.0008388891160584,0.7935334437963053,0.1122189606358043,0.112386180697679,0.1958268570998529,0.1666666666666666,0.147002579371506,0.0,0.0,1.7193594708934254,0.0,0.0,0.859271257247131,0.199214131124462,25.09375,0.7089260619851808,0.2393316739125504,5.226203668723054,0.0467952890156257,0.1127509485237393,0.2587421861022879,0.0568605317558818,0.0353253765417409,0.0529250795460882,0.0415384913932307,0.06108297667238,0.0280997108177464,1.9013890033489529,0.997496933200374,0.5258134312037402,0.1727764047497627,1.707051506507716,0.498443372706152,3.715721517658914e-19,3.3278424469745364e-17,-0.0036807097070389,0.02522637128888567,-1.69040486257857,0.4516681291349904,0.0610511780905916,0.0467952890156257,0.6749688667496887,0.5010287919667031,0.039595247855649,0.5442092154420921,0.498352113462235,0.3897882938978829,0.4880061015239887,32.0,0.0,0.0,6.0,0.0,5.0,803.0,21.0,32.0,32.0,50.92216548704488,0.0,1.1800898003628864,3.397456369086286,0.8598710079675648,1.021535419967747,0.529582925401304,0.1651121278529671,0.0,0.0145801387413763,0.1617173599007615,0.0,0.0,0.9925280199252802,0.0398505603985056,0.0361145703611457,0.90625,-0.0014669192991257,0.014060881585223,0.3068681516793585,0.2143860338312201,0.2298857055440059,single,,0.0,en,kappa_vs_majority,0.5233160042484208,0.1
Yelp Polarity (Binary) [baseline size=2000],8,1200.0,384.0,2.0,0.8341666666666666,144.0,28.958216605701367,0.5,1.0,0.3368289546227585,0.1344344966367453,30.291705684723432,17.0,55.0624805726062,0.0,0.0,0.007869317859746,0.0013300380519627,3.321928094887362,0.0,0.0266666666666666,1.0,0.0,0.7164671572550008,0.0,0.0,0.0026407952682131,0.0060937330071985,1.0,0.612898080814759,1.3312117846069258e-16,1.520997863917203e-16,2.057050621252512e-17,3.1837814884467736e-17,0.8732012788434806,0.1881418999761035,0.1495653419085585,54.45780550073333,0.9839585878929668,0.0533588839260982,0.1918646040163167,0.0,0.0011437087029499,0.0,0.9425,0.0,0.7825,0.0,0.5,0.0,0.0,0.0,1.013280329528202,0.0,0.0,0.8132799623358837,0.2104938773421763,37.5,0.5498322195403971,0.2214918410265147,4.303565254321072,0.0452433675439841,0.3172967120644924,0.4020944926968153,0.1045840832501516,0.0,0.1366666666666667,0.0,0.1158333333333333,0.0,1.054760127628385,0.9970715277777776,0.4063055655560152,0.1622512552709153,1.5338442830628207,0.4941579727641349,7.083454193571962e-18,2.6536080719527402e-17,-0.0026044120853985,0.018834377020639257,-1.4497821044647128,0.4107556439933624,0.01836284056629,0.0452433675439841,0.4758333333333333,0.4874314342635415,0.0282166906909762,0.3233333333333333,0.4679437626749724,0.1,0.300125078179293,32.0,0.0,0.0,2.0,0.0,1.0,1200.0,14.0,32.0,31.0,179.90491407879756,0.0,0.513325187425062,2.9836263875275337,0.8476577404873241,1.054760127628385,0.4122248197054902,0.1371134608855186,1.0405711093553685,0.0567615586497458,0.1586322244775116,0.0,0.0,0.9966666666666668,0.0266666666666666,0.0241666666666666,0.90625,-0.0021422510353285,0.0102700411929598,0.1881418999761034,0.1495653419085585,0.486674812574938,single,,0.0,en,kappa_vs_majority,0.6683333333333332,0.1
Yelp Polarity (Binary) [size=370],8,370.0,384.0,2.0,0.8107789142407554,120.0,24.397551511403034,0.5,1.0,0.357918482063338,0.1441226434204627,26.180064420946056,16.976,46.88840398308727,0.1530490117576719,0.0,0.0167428103983738,0.00336102441426,2.807323163504328,0.0,0.0864864864864864,1.0,0.0,0.738122798490375,0.0,0.0,0.0050301444221992,0.0070141960461034,1.0,0.6233145994440451,1.3004754101752066e-16,1.546379230100243e-16,2.158061417039893e-17,2.831123955627651e-17,0.873243975683,0.1963965022325826,0.1483764850168029,44.168014525932094,0.982974210448398,0.0436782943668062,0.1735522418857216,0.0,0.001668121380008,0.0,0.927027027027027,0.0,0.4513513513513513,0.0,0.5,0.0,0.0,0.0,1.0491617609448944,0.0,0.0,0.7881455629111059,0.2378816855172064,11.5625,0.5569894628665326,0.2069830775601817,3.78468234501309,0.0329718022084261,0.2834276837645897,0.5164030831152532,0.1052508598504221,0.0,0.1081081081081081,0.0,0.1081081081081081,0.0,1.1969584964569646,0.9924835646457268,0.4144471965289407,0.1558211313286772,1.307366436020437,0.3547251896168372,2.878703281756107e-18,1.5450281835057216e-17,-0.0032298386744549,0.023722224218531672,-1.3058320503371756,0.4193328842325409,0.0226408184912381,0.0329718022084261,0.5378378378378378,0.4916872593463878,0.0286977352845413,0.4054054054054054,0.4916351490220163,0.2675675675675675,0.4432902687403829,32.0,0.0,0.0,2.0,0.0,1.0,370.0,22.0,32.0,28.0,122.9938902646448,0.0,0.5448252656512628,2.6131984863576125,0.7047810990614867,1.1969584964569646,0.4225210703847419,0.1358270145148419,1.0810660493975428,0.0222565893690494,0.2320663886500853,0.0,0.0,1.0,0.0864864864864864,0.0783783783783783,0.90625,-4.0208868354480896e-05,0.0130422972402556,0.1963965022325827,0.1483764850168031,0.4551747343487372,single,,0.0,en,kappa_vs_majority,0.6215578284815109,0.1
Yelp Polarity (Binary) [size=544],2,544.0,384.0,2.0,0.8180033594398236,131.0,28.75301040160181,0.5,1.0,0.3508470676907294,0.1552225876352273,28.979437296751343,16.976,51.42711192458829,0.1530490117576719,0.0,0.0138369878822273,0.0030675415891854,3.0,0.0,0.0588235294117647,1.0,0.0,0.7458599550867158,0.0,0.0,0.0044700551045519,0.0100926347482221,1.0,0.6019083282187584,1.3574572634589708e-16,1.6449917621973048e-16,2.06026688466045e-17,2.704225259329399e-17,0.8704907377315567,0.1966843509042873,0.1594931217291831,41.188760168734504,0.9826154039811889,0.0676131697376615,0.1667554472828919,0.0,0.0009963940305418,0.0,0.8492647058823529,0.0,0.5349264705882353,0.0,0.5,0.0,0.0,0.0,1.0770177589202028,0.0,0.0,0.8029787179199657,0.2233649986096185,17.0,0.5570358877700334,0.2378098024759385,3.9757215318959984,0.0593481095272735,0.4553559599768253,0.6806028112393289,0.0901996621978035,0.0,0.1121323529411765,0.0,0.0808823529411765,0.0,1.2538109991167108,0.993752027465398,0.4120148822087399,0.1721901200958084,1.3612317017210225,0.3847949922732134,-1.1224681315144045e-18,2.282624033350615e-17,0.0031123388758877,0.024170520593115048,-1.3856146070666575,0.4081693161375764,0.0242784681040017,0.0593481095272735,0.46875,0.4856435357653857,0.028730573962859,0.3033088235294117,0.4601105722612037,0.2775735294117647,0.4482139654852675,32.0,0.0,0.0,2.0,0.0,1.0,544.0,18.0,32.0,30.0,122.56628050620353,0.0,0.5563070726019577,2.74684630878768,0.6803814882529233,1.2538109991167108,0.4210338148527088,0.1415668182549341,1.0556183216554902,-0.0263470744088899,0.2468997042333403,0.0,0.0,0.9981617647058824,0.0588235294117647,0.0533088235294117,0.90625,0.0021111709446621,0.0120986741044789,0.1966843509042873,0.159493121729183,0.4436929273980423,single,,0.0,en,kappa_vs_majority,0.6360067188796472,0.1
Yelp Polarity (Binary) [size=594],2,594.0,384.0,2.0,0.7929292929292929,133.0,28.98147456070904,0.5,1.0,0.3559723361119191,0.1352975248601048,28.281457268457505,17.0,51.81573295729164,0.0,0.0,0.0126847415305547,0.0023179211070823,2.999975521619561,0.0,0.0538720538720538,1.0,0.0,0.7239088570397981,0.0,0.0,0.0039840404316633,0.0099817702235138,1.0,0.620010850972363,1.5195873122904092e-16,1.8601886564721415e-16,2.3980690693220644e-17,3.801360464873042e-17,0.8751767250924081,0.1951780591758549,0.1534781912008261,45.674259439023466,0.983623623959354,0.0629558250665822,0.1855525092093612,0.0,0.0004946476135843,0.0,0.9528619528619529,0.0,0.6313131313131313,0.0,0.5,0.0,0.0,0.0,1.018932968995767,0.0,0.0,0.8056097064600757,0.2173029980891476,18.5625,0.5508848611642543,0.2282088656521621,3.978081351636684,0.0595594376524968,0.5491910924744255,0.6348296961940633,0.0967905591886064,0.0,0.1481481481481481,0.0,0.0858585858585858,0.0,1.1010346964128122,0.9948871430352912,0.4090364396821607,0.1679397361734043,1.5027326718351794,0.5299474399112837,-2.0734910234739617e-18,2.4871846839103185e-17,-0.0047298335161014,0.01804618529748822,-1.3748489384413611,0.5291565657928885,0.0218941699828769,0.0595594376524968,0.5016835016835017,0.4903800223822875,0.0288888366857487,0.3518518518518518,0.4779505202098945,0.2929292929292929,0.4554898462656453,32.0,0.0,0.0,2.0,0.0,1.0,594.0,13.0,32.0,32.0,136.0216602851716,0.0,0.5240440333006668,2.8775816102765406,0.8623425964846007,1.1010346964128122,0.4196771605275006,0.1402270605054235,1.0611454451445312,0.0983792942943216,0.2218318568114769,0.0,0.0,0.9966329966329966,0.0538720538720538,0.0488215488215488,0.90625,-0.0040057815853907,0.0113138743707968,0.1951780591758549,0.1534781912008261,0.4759559666993331,single,,0.0,en,kappa_vs_majority,0.5858585858585859,0.1
Customer Reviews (Binary) [baseline size=2000],2,1200.0,384.0,2.0,0.8616666666666667,138.0,15.368570288795054,0.5,1.0,0.3644209676531397,0.4137657012659477,21.16207052507222,16.664,47.79866020346681,0.4723388614120164,0.0,0.0090098893632076,0.0041164787343566,3.321928094887362,0.0,0.0266666666666666,1.0,0.0,0.7907389943929283,0.0,0.0,0.0036676083800916,0.0120167717199278,1.0,0.6006039679867425,1.4855444106980835e-16,1.8715973142734596e-16,4.1317560991031793e-17,5.805392950731238e-17,0.8697539616346956,0.3413015914383425,0.2506742593933584,36.38611372824288,0.9804603700858268,0.0986223433030551,0.130494199292184,0.0,0.0056032994811206,0.0,0.7733333333333333,0.0,0.655,0.0,0.5,0.0,0.0,0.0,1.759278433071363,0.0,0.0,0.8328867416575868,0.1869362656526229,37.5,0.7532754455002477,0.2962334792993959,4.294445082893591,0.0979360647756942,0.1393795196658775,0.5028558346567873,0.079937673307107,0.0,0.0991666666666666,0.0,0.0566666666666666,0.0,1.6685749272622905,0.9950368055555556,0.5559732841282329,0.2133383703897117,1.7883050794248114,0.5172172963333744,9.830099697201903e-20,3.57464397882713e-17,-2.7254412086960035e-05,0.037333695360174904,-1.8014768189396912,0.4853837915251223,0.0274830119937705,0.0979360647756942,0.3608333333333333,0.4663804412162402,0.0480191705483761,0.2225,0.4160985841036683,0.0833333333333333,0.2765006318046655,32.0,0.0,0.0,2.0,0.0,1.0,1200.0,15.0,32.0,29.0,119.87205345761676,0.0,0.6252681572535395,3.5897818983645022,0.8480393295342311,1.6685749272622905,0.5564598454501469,0.1807626334208193,1.0634964189281724,0.0152254738366992,0.2549842456825817,0.0,0.0,0.9675,0.0266666666666666,0.0241666666666666,0.90625,-0.0013017415814682,0.0251517121544491,0.3413015914383425,0.2506742593933585,0.3747318427464605,single,,0.0,en,kappa_vs_majority,0.7233333333333334,0.1
Customer Reviews (Binary) [size=390],2,390.0,384.0,2.0,0.8230769230769232,116.0,16.391052448085897,0.358974358974359,0.9418285354475155,0.3905204213752512,0.4427981916858597,19.90190009841423,16.66,42.23823813662504,0.4820788317277579,0.0,0.0175520725112722,0.0041661546396339,2.807307373585914,0.0,0.082051282051282,0.9418285354475155,0.1473812423873326,0.8012549380555446,0.0,0.0,0.0065621670193544,0.0172679501921178,0.9418285354475155,0.6220735416265313,1.344857964713491e-16,1.495274849856727e-16,4.07562196806149e-17,5.005915409517099e-17,0.8643728165579065,0.3606499924057598,0.270798032705761,30.16601933425715,0.97993720388255,0.0931521760788776,0.1142489197241734,0.0,0.0011614359217182,0.0,0.6384615384615384,0.0,0.2717948717948718,0.0,0.5,0.1994403741808211,0.0,0.0,1.840953030486286,0.0,0.0,0.7500470653748403,0.2150359878024876,12.1875,0.7629913609298423,0.2979161182086732,3.717914403636529,0.0894359037991764,0.3390222500907792,0.5077266278396853,0.0600249936032398,0.0,0.0846153846153846,0.0,0.0692307692307692,0.0,1.7933700259761811,0.9859368836291912,0.564916810946132,0.2209994578643028,1.7508270383797218,0.5457135622646379,6.832141690000964e-18,2.1942733377884308e-17,-0.003503749330251,0.044928903151010474,-1.758006546916442,0.481077671319026,0.0312215053969005,0.0894359037991764,0.341025641025641,0.4650200927249795,0.0467082820595432,0.182051282051282,0.3863824675695557,0.2282051282051282,0.4202146091123238,32.0,0.0,0.0,2.0,0.0,1.0,390.0,17.0,32.0,28.0,88.91582365738856,0.0,0.6420094757583946,3.5088335852961636,0.886338563580792,1.7933700259761811,0.5703567502816566,0.1910059477240676,1.0907977302305163,-0.007241405499079,0.3415571103372065,0.0,0.0,0.964102564102564,0.082051282051282,0.0743589743589743,0.90625,2.3493994409657347e-05,0.0339129646308874,0.3606499924057598,0.2707980327057609,0.3579905242416054,single,,0.0,en,kappa_vs_majority,0.5071428571428575,0.1
"Customer Reviews (Binary) [size=655, imbalanced]",2,448.0,384.0,2.0,0.946428038777032,119.0,17.130811154882956,0.0625,0.3372900666170139,0.3988915028722633,0.4290664794292641,19.728804315873735,16.264,43.030903867689176,0.705906509390585,0.0,0.0152204783864847,0.0049674330084333,2.8073549220576037,0.0,0.0714285714285714,0.3372900666170139,0.8672566371681416,0.5772462706207593,0.0,0.0,0.0040550321029764,0.0038413944710873,0.3372900666170139,0.6460569949595476,1.3351727350469623e-16,1.5933008750390755e-16,3.915132521772269e-17,5.1596783809171226e-17,0.7975990731863215,0.343336609057696,0.2647021266767728,19.603843920636415,0.9895870857204508,0.017960512149938,0.1055271846969418,0.0,3.3267121775108336e-06,0.0,0.6629464285714286,0.0,0.0,0.0,0.5,0.6187184335382291,0.0,0.0,1.814365155176182,0.0,0.0,0.6715087614453787,0.1482844069900692,14.0,0.7120936844250771,0.2335489334338389,3.1274396860828153,0.0140479405907133,0.2934521907011613,0.4100479610729722,0.0294858494973292,0.0,0.0200892857142857,0.0,0.0200892857142857,0.0,0.499729876780674,0.9264090401785714,0.526356909017468,0.1686156317243068,1.6932890985221931,0.6073173272576815,-5.467476669819758e-18,1.6871095906509128e-17,-0.0061754726108696,0.07287741850154006,-1.70804689005467,0.5065229662853317,0.0172053025918023,0.0140479405907133,0.1116071428571428,0.4248298094118569,0.0579171131292576,0.0714285714285714,0.2578272912484169,0.0424107142857142,0.2017495979862954,32.0,0.0,0.0,2.0,0.0,1.0,448.0,22.0,32.0,31.0,162.16800632121416,0.0,0.3332132569455748,3.4013359885768635,0.9721613155478864,0.499729876780674,0.5544172469367397,0.1926604912389156,22.102013453882932,0.0096546712079025,0.3548227001460047,0.0,0.0,0.7098214285714286,0.0714285714285714,0.0625,0.875,-0.0043643389623362,0.0513397591046779,0.343336609057696,0.2647021266767729,0.6667867430544251,single,,0.0,en,kappa_vs_majority,0.14284862043251145,0.1
Customer Reviews (Binary) [size=1031],2,1031.0,384.0,2.0,0.8477326146405407,135.0,17.567840377082653,0.3588748787584869,0.9417452890968964,0.3774199034454509,0.3953411896205797,21.11693118581474,16.572,47.56419289072435,0.5028081144929942,0.0,0.0109437336601213,0.0037193061463486,3.32192200302716,0.0,0.0310378273520853,0.9417452890968964,0.147573894995129,0.7659030782443186,0.0,0.0,0.0036085890377582,0.010734764399128,0.9417452890968964,0.602157224726905,1.440484327109795e-16,1.706820349192326e-16,4.30576932808313e-17,7.405740600568316e-17,0.860329776915616,0.3449690562759144,0.2583897482649722,36.596709800976065,0.9816685148354962,0.0834687706564993,0.1397596023577124,0.0,0.0041445315331003,0.0,0.9136760426770126,0.0,0.7187196896217265,0.0,0.5,0.1995810604512952,0.0,0.0,1.7254039596421005,0.0,0.0,0.8006215763184771,0.1751868466878209,32.21875,0.7314693730385342,0.2770201870960737,4.237934233217439,0.0809714373349019,0.2686021122580813,0.3919043449456577,0.0848093482089663,0.0,0.1028128031037827,0.0,0.0766246362754606,0.0,1.4190087171734689,0.993256572912835,0.5415028092360539,0.2049687407075513,1.8480235154251583,0.5472658060142259,7.685952316452043e-18,2.868457680510488e-17,-0.0084305824333917,0.03465005671256123,-1.7783049250578835,0.4659513715716484,0.0257330589066173,0.0809714373349019,0.3443258971871969,0.4656246789428276,0.0491709801630727,0.2133850630455868,0.4098961342863388,0.2075654704170708,0.4057606895872458,32.0,0.0,0.0,2.0,0.0,1.0,1031.0,14.0,32.0,31.0,128.09160994353925,0.0,0.5866075252641227,3.6263284404830425,0.8917381718233941,1.4190087171734689,0.5577006116032748,0.1871734309605557,1.0623820390166925,0.0666720031284286,0.2853407115806058,0.0,0.0,0.953443258971872,0.0310378273520853,0.0271580989330746,0.875,-0.0073378701871057,0.0296543609306853,0.3449690562759143,0.2583897482649722,0.4133924747358772,single,,0.0,en,kappa_vs_majority,0.5757089883632365,0.1
Banking77 Intent (77 classes) [baseline size=2000],179,765.0,384.0,77.0,0.722875816993464,96.0,6.616195946277279,0.0091503267973856,0.9997887885619616,0.4921605300341647,0.59218532210613,10.55854837588194,15.22,32.09868608053981,0.6225752966509353,0.0,0.0418300653594771,0.692967527252806,0.1899819955442987,0.0,1.4128605478383682e-16,1.7290142099317521e-16,4.465734629245253e-17,6.737281145370103e-17,0.4250587265809682,0.415452158990597,0.0129870129870129,0.0005338402496657,0.0,0.0,3.3669900571373677,0.0,0.0,23.90625,0.788347296986402,0.3711341664540444,0.228130834538346,0.4981109504250196,65.45892178612033,0.5759677856507,0.2470958323704732,1.8849247380881549,0.5963104555211469,-1.0775694062538284e-17,3.5523041749853075e-17,0.0055477075639875,0.0738311292299229,-1.7362162613750391,0.6392809138577494,32.0,0.0,0.0,77.0,0.0,32.0,765.0,10.0,32.0,30.0,0.0,16.485415720020605,3.6211409994631936,1.1216320611687391,10.359681094471416,0.6003972682943789,0.2581959182218846,0.0,0.0648526648583631,0.3051392898951093,0.0,0.0,0.0029088512776732,0.0524566812899247,0.4250587265809682,0.4154521589905969,4.242925804367267e-13,single,,0.0,en,,,,,,,,,,,,,,,,,,,,,,,,,,,,,,,,,,,,,,,,,,,,,,,,kappa_vs_majority,0.7192294461644306,0.1
"Banking77 Intent (77 classes) [size=1402, imbalanced]",179,752.0,384.0,77.0,0.7114528552456839,96.0,6.283216090429741,0.0066489361702127,0.9987077375392416,0.4939503532362906,0.5870647655782258,10.939185859311612,15.336,32.13960048743534,0.5857508002555352,0.0,0.0425531914893617,0.6784946955960395,0.1984378573019124,0.0,1.2800035061652783e-16,1.5139925772528772e-16,3.888554066250409e-17,5.122804643986471e-17,0.4209491292022501,0.4241667628622331,0.0129870129870129,0.0012743209755506,0.0,0.0,4.364674166703887,0.0,0.0,23.5,0.7857156674394986,0.3819558539354919,0.2348752296528947,0.6125441627326625,63.581733392147775,0.5782374955889942,0.2723833634342112,1.866676534364884,0.7020448058418187,4.262990669687685e-18,2.550357548407651e-17,-0.0086157267758206,0.0683024493905031,-1.786526201866259,0.554649390862991,32.0,0.0,0.0,77.0,0.0,32.0,752.0,15.0,32.0,30.0,0.0,15.95206674199059,3.653202736231143,1.1827902363575018,9.548445989633755,0.5955124384660304,0.2616356784084505,0.0,0.0687910465524892,0.3194378812181338,0.0,0.0,-0.0052982431256237,0.0536328382466706,0.4209491292022501,0.4241667628622331,1.0818546030494335e-12,single,,0.0,en,,,,,,,,,,,,,,,,,,,,,,,,,,,,,,,,,,,,,,,,,,,,,,,,kappa_vs_majority,0.7076561822883903,0.1
"Banking77 Intent (77 classes) [size=1466, imbalanced]",128,752.0,384.0,77.0,0.7074634794156708,97.0,6.569354212196747,0.0026595744680851,0.9978294654883954,0.4923553517053551,0.5857387945599578,10.363627340717988,15.312,32.311245388228684,0.5784945980733096,0.0,0.0425531914893617,0.6800193820763658,0.1984181053385192,0.0,1.4383359147375966e-16,1.7045711069148494e-16,4.27237221840137e-17,6.350593953316333e-17,0.419259702147245,0.4216690995783063,0.0129870129870129,0.0015389787750052,0.0,0.0,3.958901032318676,0.0,0.0,23.5,0.7831320096942284,0.3766479857909005,0.3665855644210823,0.7433275946599667,63.44519575687463,0.5753943974888988,0.2692336645729155,1.8518304825177312,0.6509995790345141,6.938893903907228e-18,2.8807107331948644e-17,0.0078125491154342,0.0699698405382623,-1.8386195888561865,0.7031720398727225,32.0,0.0,0.0,77.0,0.0,32.0,752.0,17.0,32.0,30.0,0.0,16.018105600294675,3.6904500713739177,1.2003343996904985,9.970343549772268,0.5948185276311175,0.2599267814204747,0.0,0.0313740940131789,0.3885177522968625,0.0,0.0,0.005657095228864,0.055603152462557,0.419259702147245,0.4216690995783064,1.0008300958961942e-12,single,,0.0,en,,,,,,,,,,,,,,,,,,,,,,,,,,,,,,,,,,,,,,,,,,,,,,,,kappa_vs_majority,0.7036143146711401,0.1
Rotten Tomatoes (Binary) [baseline size=2000],4,1200.0,384.0,2.0,0.7216666666666667,152.0,27.867029738541557,0.5,1.0,0.305959776531984,0.0878907296186598,32.39942444952764,17.0,57.3166135470173,0.0,0.0,0.0077016692808239,0.0010121519024995,3.321928094887362,0.0,0.0266666666666666,1.0,0.0,0.6115160471131628,0.0,0.0,0.0019837737654782,0.0049534525332428,1.0,0.6272811148223554,1.45895068658436e-16,1.6745764403683978e-16,3.0012150691767616e-17,3.7894496552120595e-17,0.878705865999444,0.248251957414193,0.1604085550760099,73.89849914290156,0.9883140038788464,0.0431101081429074,0.2953945302494649,0.0,0.0054500340746627,0.0,0.9783333333333334,0.0,0.8508333333333333,0.0,0.5,0.0,0.0,0.0,0.9024773736562434,0.0,0.0,0.8341379619007011,0.1864744958223568,37.5,0.6413671724345336,0.2140559341649247,4.308396020331068,0.0354180038581199,0.2214368774474619,0.3202215841754937,0.1360959039409496,0.0,0.2225,0.0,0.1616666666666666,0.0,0.5973212944303662,0.9977006944444444,0.4748175588068135,0.1549975773642645,1.6243994149409635,0.4081354373709999,-3.238150488490039e-18,2.5172252036357947e-17,-0.0006676027754068,0.03179712025926645,-1.6751399967398102,0.3857467244698134,0.0135320745562943,0.0354180038581199,0.5366666666666666,0.4922819780959501,0.0270254135167817,0.3833333333333333,0.4864011142313444,0.0966666666666666,0.2956265404725169,32.0,0.0,0.0,2.0,0.0,1.0,1200.0,15.0,32.0,31.0,244.48550047281432,0.0,0.3739518758769079,3.2995394116807737,0.690453924536609,0.5973212944303662,0.4794444820294099,0.1377606941114125,1.025848898938387,-0.0305639656695476,0.1729931031683926,0.0,0.0,0.9983333333333332,0.0266666666666666,0.0241666666666666,0.90625,0.0006202210631842,0.0181733253916425,0.248251957414193,0.1604085550760099,0.6260481241230921,single,,0.0,en,kappa_vs_majority,0.44333333333333336,0.1
Rotten Tomatoes (Binary) [size=304],2,304.0,384.0,2.0,0.6511680579822688,119.0,25.53852431011806,0.5,1.0,0.3396661002274176,0.0988058721540346,28.055802024418224,16.924,47.37958158363407,0.2649981132008301,0.0,0.0162579656420254,0.0045060848238635,2.584899918905238,0.0,0.1052631578947368,1.0,0.0,0.6451751948320811,0.0,0.0,0.0054423092679458,0.008601718230143,1.0,0.6292088157236817,1.2067606510986832e-16,1.412449843053877e-16,3.2190469856208475e-17,5.0202531452586865e-17,0.8742183428869202,0.2793782171490324,0.1859575438766771,49.31885512212088,0.9869921552491684,0.0415320611691939,0.2608585204771732,0.0,0.0009156789449083,0.0,0.9539473684210528,0.0,0.4177631578947368,0.0,0.5,0.0,0.0,0.0,0.958311155608798,0.0,0.0,0.7828602760849438,0.2473926369364788,9.5,0.6675409066177225,0.2314400473070552,3.5646236980253367,0.0337461135259285,0.4055721270395401,0.5532053086426554,0.1466768618374277,0.0,0.1776315789473684,0.0,0.1447368421052631,0.0,0.7130651270728946,0.9917763157894736,0.495313944748867,0.1694739566592192,1.6046545706533464,0.4522337354798862,5.249821045719284e-18,2.3879677828425997e-17,0.0049592805609531,0.03970571548833634,-1.5257128558315505,0.4743108567555645,0.0202762208799018,0.0337461135259285,0.5526315789473685,0.493384761989266,0.0314452983209845,0.3914473684210526,0.4888788384384416,0.2565789473684211,0.4374651032014101,32.0,0.0,0.0,2.0,0.0,1.0,304.0,21.0,32.0,30.0,126.48430460566948,0.0,0.4162510320266138,3.130367426484897,0.7734135604288763,0.7130651270728946,0.5080026916207179,0.1483204289068444,1.0795947403122843,-0.0005105343296246,0.3237381631818056,0.0,0.0,0.9967105263157896,0.1052631578947368,0.0953947368421052,0.90625,0.0026367082659876,0.026356461811802,0.2793782171490322,0.185957543876677,0.5837489679733863,single,,0.0,en,kappa_vs_majority,0.3023361159645377,0.1
Rotten Tomatoes (Binary) [size=411],2,411.0,384.0,2.0,0.6958637469586374,131.0,23.996604175262927,0.4987834549878345,0.999995729671076,0.3289140669107618,0.1054283423103874,30.401086021728997,16.984,50.59542254924798,0.1254750971308649,0.0,0.0154322513665022,0.0039955718674673,2.807312114103723,0.0,0.0778588807785888,0.999995729671076,1.1839784042400048e-05,0.6155764672833909,0.0,0.0,0.0044320965404132,0.0063031399590375,0.999995729671076,0.6330026439706549,1.2889435554271758e-16,1.4935716296869371e-16,3.02215597622298e-17,3.533682883167775e-17,0.8766245326686843,0.2636682076678501,0.1723167440544507,50.25029440326079,0.9881583004039656,0.0399845229143941,0.2916565842533539,0.0,0.003733169546795,0.0,0.948905109489051,0.0,0.6082725060827251,0.0,0.5,0.0017204544554417,0.0,0.0,0.9795903044788316,0.0,0.0,0.8013239149444251,0.2231690796723928,12.84375,0.6460929116677326,0.2080219570996073,3.7874075478353153,0.0301139598658325,0.2735065539843301,0.4308114364535153,0.1430377870042535,0.0,0.1970802919708029,0.0,0.170316301703163,0.0,0.6101358361917557,0.9939971939545704,0.4817887045427675,0.1549019044876106,1.4691886483795784,0.3569719000233007,3.0304901599789482e-18,1.8484480705385205e-17,-0.0005359011276612,0.029558108970689695,-1.57916163816705,0.433675621675211,0.0199002959394837,0.0301139598658325,0.5498783454987834,0.4926004497374984,0.0304568856924871,0.3990267639902676,0.4902951095043605,0.291970802919708,0.455223085620706,32.0,0.0,0.0,2.0,0.0,1.0,411.0,23.0,32.0,31.0,140.06886262599687,0.0,0.3789343870730996,3.0483502865466283,0.716818046766981,0.6101358361917557,0.4934316928005049,0.1443771841786583,1.0567754016050854,-0.0425067553984625,0.1656689780168028,0.0,0.0,1.0,0.0778588807785888,0.0705596107055961,0.90625,0.0014494662652451,0.0127793883779487,0.2636682076678501,0.1723167440544507,0.6210656129269003,single,,0.0,en,kappa_vs_majority,0.3902439024390242,0.1
"Rotten Tomatoes (Binary) [size=528, imbalanced]",2,316.0,384.0,2.0,0.7913147648996706,121.0,22.40153907048313,0.1645569620253164,0.645100644208848,0.3363903216179494,0.151903954737664,28.807950994980764,16.996,47.30137251636597,0.063118935352238,0.0,0.0161661573502991,0.004103084690345,2.5849045866135847,0.0,0.1012658227848101,0.645100644208848,0.6207734806629834,0.5756672533918672,0.0,0.0,0.004879480473905,0.0053080557400859,0.645100644208848,0.6442088339820613,1.2241765280499922e-16,1.4666496333410695e-16,2.991491842439506e-17,4.3876247167644416e-17,0.8305003013863773,0.2762676178041841,0.1781988757897168,35.614920131889136,0.9896439754178834,0.0233009242371332,0.2180252465983047,0.0,9.05254649312172e-05,0.0,0.7468354430379747,0.0,0.0632911392405063,0.0,0.5,0.4743880937074306,0.0,0.0,1.1045396934254894,0.0,0.0,0.7263027572039276,0.1693407893619414,9.875,0.6699989298367863,0.2173831939651873,3.211892017544966,0.0209792727624735,0.1846375066075018,0.3511972206007402,0.0776740512245659,0.0,0.0791139240506328,0.0,0.069620253164557,0.0,0.4956464423353821,0.98225444640282,0.4978175485777077,0.1564816000202197,1.4218801060159985,0.3402284637454107,7.301209566611245e-18,2.1029639468214954e-17,0.0083820631039901,0.03257452765890259,-1.5440508634538237,0.5470622745440983,0.0181132132774666,0.0209792727624735,0.360759493670886,0.4800475323133965,0.0343004633177047,0.2626582278481013,0.4407762528122388,0.0917721518987341,0.2891619395520671,32.0,0.0,0.0,2.0,0.0,1.0,316.0,25.0,32.0,32.0,141.7082289054301,0.0,0.3313927866277362,2.965930969469822,0.7568899024949851,0.4956464423353821,0.5056004075159943,0.1459503962534846,1.1259091791583185,-0.0682132487489399,0.2480000350355061,0.0,0.0,0.990506329113924,0.1012658227848101,0.0917721518987341,0.90625,0.0050668773142912,0.0240589335075754,0.2762676178041841,0.1781988757897167,0.6686072133722638,single,,0.0,en,kappa_vs_majority,-0.26816412099430975,0.1
SST-2 (Binary) [baseline size=2000],2,1200.0,384.0,2.0,0.7925,152.0,15.508668871860712,0.5,1.0,0.3149185680682915,0.1425582371872055,31.82304898690194,17.0,54.082929464690665,0.0894427190999915,0.0,0.0079418019036314,0.0011897228493175,3.321928094887362,0.0,0.0266666666666666,1.0,0.0,0.6822500222350667,0.0,0.0,0.0023707335818276,0.0080097411234621,1.0,0.6170177449210184,1.2660849708165991e-16,1.3888709994518783e-16,2.7568709058486376e-17,3.5249624604209125e-17,0.8740061162079511,0.2620452668771548,0.1841025392488244,57.91035161326942,0.9854542158487578,0.0689010948681024,0.2233471166187532,0.0,0.0077939770311933,0.0,0.8683333333333333,0.0,0.755,0.0,0.5,0.0,0.0,0.0,1.1481981279122164,0.0,0.0,0.835577118029374,0.1855479065130721,37.5,0.6523673013396323,0.235203691863831,4.304660024980308,0.0624027004677112,0.1887488564259495,0.2631676229303428,0.1187243028368701,0.0,0.17,0.0,0.12,0.0,0.8707852127236376,0.9973194444444444,0.4831706962557215,0.1691180775239773,1.666952185922391,0.4045735979406945,8.534839501805892e-18,4.2145407202101316e-17,-0.0013682238166637,0.03250867311742724,-1.639492806456237,0.4464353361908577,0.0172680699070537,0.0624027004677112,0.4958333333333333,0.489072808842113,0.0341871361464097,0.3383333333333333,0.4733398332280122,0.0966666666666666,0.2956265404725169,32.0,0.0,0.0,2.0,0.0,1.0,1200.0,19.0,32.0,31.0,191.37402400892535,0.0,0.465465092839749,3.306444992378628,0.7844896979326981,0.8707852127236376,0.490017923402023,0.1504494826695475,1.036335183790683,0.0216291676658018,0.1715194191599361,3.04326443846371e-07,3.505952825395711e-07,0.9975,0.0266666666666666,0.0241666666666666,0.90625,-0.0016902233501763,0.0215615873568706,0.2620452668771549,0.1841025392488244,0.534534907160251,single,,0.0,en,kappa_vs_majority,0.585,0.1
SST-2 (Binary) [size=642],2,642.0,384.0,2.0,0.7585669781931464,143.0,27.344398752189974,0.4781931464174455,0.9986274495533544,0.3230378299996888,0.1479436803760407,31.18261922145664,16.928,54.613754493411655,0.2735251359564601,0.0,0.0122061057842296,0.002380032644117,2.9999790416188095,0.0,0.0498442367601246,0.9986274495533544,0.0037970882532425,0.6915885539612368,0.0,0.0,0.0036913160567734,0.0093323150128879,0.9986274495533544,0.6141172238103573,1.2841849757018246e-16,1.3908917019482595e-16,2.9479561283365315e-17,3.7830265073203646e-17,0.8736884054801445,0.2703863131556418,0.1874529408434595,49.80706663820026,0.9850532897509316,0.0634604491164521,0.2144639985209085,0.0,0.0031966899733031,0.0,0.9299065420560748,0.0,0.6978193146417445,0.0,0.5,0.0308395480891329,0.0,0.0,1.1676071088232844,0.0,0.0,0.8279852863778069,0.2052015698910825,20.0625,0.6642014636783525,0.2450508804477961,3.97855657623123,0.0546316530290448,0.1575625255254875,0.3171545701831591,0.1125526594449584,0.0,0.1744548286604361,0.0,0.1791277258566977,0.0,0.9167910573517628,0.995288283304704,0.4899108666689994,0.1705319119951719,1.5582327539416414,0.363478000481425,2.1076079614671487e-18,5.130308844234582e-17,0.0104115334631661,0.03762301805529354,-1.628723258358693,0.5442088976513266,0.0200499149409341,0.0546316530290448,0.484423676012461,0.4901553137676799,0.0268709039776016,0.3566978193146417,0.4793980224475216,0.2647975077881619,0.4415693606610296,32.0,0.0,0.0,2.0,0.0,1.0,642.0,20.0,32.0,31.0,148.62552461975864,0.0,0.4782947279701944,3.1869560123003344,0.8478961929433162,0.9167910573517628,0.4982997739746447,0.1509835228351108,1.0529728119613653,-0.0232593903188887,0.1970742580803572,0.0,0.0,1.0,0.0498442367601246,0.0451713395638629,0.90625,0.0055777001711721,0.0208798605576988,0.2703863131556419,0.1874529408434596,0.5217052720298055,single,,0.0,en,kappa_vs_majority,0.49511400651465803,0.1
SST-2 (Binary) [size=1300],4,1200.0,384.0,2.0,0.7966666666666667,152.0,15.038655571915902,0.5,1.0,0.3093874160593861,0.1407630472957124,32.97712527051881,16.996,54.25294521060868,0.109471457467232,0.0,0.0076093105797441,0.0011875390944672,3.321927781798877,1.7710959271471282e-06,0.0266666666666666,1.0,0.0,0.6871121413697718,0.0,0.0,0.0026315843021433,0.0066482602770574,1.0,0.6183952525758785,1.2406716431386087e-16,1.3319359477673062e-16,2.8091698999464036e-17,5.16008556875827e-17,0.8745593550180706,0.2598616474468137,0.1763049544558216,54.36720548567574,0.9852461532869452,0.0563409150179702,0.2187436338444673,0.0,0.0090021479667891,0.0,0.9716666666666668,0.0,0.8533333333333334,0.0,0.5,0.0,0.0,0.0,1.1377234042431794,0.0,0.0,0.8203796155137056,0.202990004808194,37.5,0.6495559691579138,0.2128706973979215,4.303534340549382,0.049385853929948,0.2154336099324597,0.2624252620131649,0.1130845940213524,0.0,0.1691666666666667,0.0,0.1416666666666667,0.0,0.8943810388044071,0.9973326388888888,0.4823491404930847,0.1583058260862408,1.6591608252607652,0.4858158918642029,1.006139616066548e-17,2.846903567312845e-17,0.0010964185471771,0.021439789369343633,-1.6664202744009822,0.4714964367453171,0.018393441249495,0.0493859155846175,0.46,0.4891354102673722,0.0344339877511789,0.3408333333333333,0.4741870411703597,0.0766666666666666,0.2661727424616957,32.0,0.0,0.0,2.0,0.0,1.0,1200.0,18.0,32.0,32.0,179.60393032163455,0.0,0.4721230948177533,3.3255810996617474,0.8637452164459718,0.8943810388044071,0.4892175702575229,0.1455678674154628,1.0365189807835524,0.0025195931063619,0.1889021469361554,6.956033002202765e-07,0.0,0.9958333333333332,0.0266666666666666,0.0241666666666666,0.90625,-0.0001460852158073,0.0157343190954807,0.2598616474468138,0.1763049544558216,0.5278769051822466,single,,0.0,en,kappa_vs_majority,0.5933333333333335,0.1
"SST-2 (Binary) [size=1475, imbalanced]",2,847.0,384.0,2.0,0.9031902363230834,147.0,8.291791035464952,0.0920897284533648,0.4434068606144891,0.3188950647025346,0.1807945659637955,30.406609339621586,16.976,50.66860009377163,0.1530490117576719,0.0,0.0096017100658663,0.0016404407583376,3.169901124091965,6.088700927193557e-06,0.037780401416765,0.4434068606144891,0.7992049477357749,0.515720378171999,0.0,0.0,0.0023574651879717,0.002842377207996,0.4434068606144891,0.6434446281887582,1.43954705173418e-16,1.7204445535199086e-16,3.366829837330597e-17,6.170120381665696e-17,0.808153376818754,0.262985304556978,0.1761136383236048,31.827924489387303,0.9916885153605666,0.0170851589639435,0.1878548540672806,0.0,1.2246688317750408e-05,0.0,0.8654073199527745,0.0,0.3246753246753247,0.0,0.5,0.5768722382525434,0.0,0.0,1.255821070460819,0.0,0.0,0.682044083630747,0.158877055387325,26.46875,0.6509613507633341,0.2220854233514225,3.5993766062792383,0.0164826205934332,0.2391415066237777,0.3217287919985777,0.0564178923104911,0.0,0.0543093270365997,0.0,0.0613931523022431,0.0,0.3623375143851566,0.981643664910811,0.4810287503827904,0.1600540414821711,1.6322069049818235,0.4090915407682527,-3.0393502223725868e-18,3.72491657284339e-17,0.008059648348514,0.03108391111708913,-1.6478601273984093,0.5318766695246382,0.0139313784272153,0.0164821097883891,0.1983471074380165,0.4620945962867693,0.0473219031004507,0.1310507674144037,0.3376552524745351,0.0566706021251475,0.2313487310110369,32.0,0.0,0.0,2.0,0.0,1.0,847.0,19.0,32.0,32.0,226.53678974791708,0.0,0.2659675084618697,3.280067032380233,0.8435862885539216,0.3623375143851566,0.4919911172916869,0.1469871008184906,1.0528948474152495,-0.0108236380364112,0.1882449358427433,2.7977114720158e-06,0.0,0.9681227863046044,0.037780401416765,0.0342384887839433,0.90625,0.0044971517798949,0.0202050903070774,0.262985304556978,0.1761136383236047,0.7340324915381303,single,,0.0,en,kappa_vs_majority,-0.05125474146600479,0.1
TweetEval Sentiment (3 classes) [baseline size=2000],16,1125.0,384.0,3.0,0.56,151.0,18.66757903011676,0.2888888888888888,0.9958549382669746,0.2907001652415032,0.1047010698146616,28.1450342029381,16.988,53.700153308263715,0.1088852607105295,0.0,0.0085989478990727,0.0015367029336805,3.3219138460005415,0.0,0.0284444444444444,0.9958549382669746,0.0064239828693789,0.4995851467929724,0.1205240460627259,0.0,0.0035532631520781,0.0030089713013799,1.578392733311137,0.6260820573020107,1.5175504991713307e-16,1.6548323329514844e-16,3.1542398452065296e-17,4.039348814943076e-17,0.9176955318307632,0.2459628561645359,0.1538096461270011,68.04267884747625,0.983946977825086,0.0272500369675471,0.3204643548413706,0.0986814329019038,0.0069028871837922,0.0021970569055828,0.9771551724137932,0.0077427999618041,0.796293103448276,0.0309936273224297,0.3333333333333333,0.038490017945975,0.0,0.0,0.737822640864107,0.0,0.0,0.8551088236187877,0.2140265337297013,35.15625,0.6356392738877632,0.1818741714212174,4.877109480666441,0.0199827991480247,0.1347198418961107,0.3020781487168276,0.1406660640001253,0.0203909622471029,0.2244109195402298,0.0591662043686896,0.1893821839080459,0.0491701409354454,0.7270449023602908,0.9983668148148148,0.4700169006817632,0.1347819881593382,1.5686548670753522,0.3248894752842209,7.247289188525328e-18,2.6524567382362992e-17,0.005229628820941,0.018673178710692274,-1.5944383502755235,0.3567686523661633,0.0231970986452377,0.0199827991480247,0.7093333333333334,0.5028485574910113,0.040156285926782,0.568,0.4955747229730569,0.1875555555555555,0.3905304561347827,32.0,0.0,0.0,3.0,0.0,2.0,1125.0,19.0,32.0,32.0,142.20385048164275,0.0,0.5136966834716415,3.163093217350876,0.6373638404074768,0.5197591523253686,0.478482592783501,0.1325375742422795,1.0465995945707718,-0.0331182901966966,0.1425007892951617,0.0,0.0,0.9911111111111112,0.0284444444444444,0.0257777777777777,0.90625,0.0033089562536685,0.013478584158558,0.245962856164536,0.1538096461270011,0.545023411694448,single,,0.0,en,kappa_vs_majority,0.3400000000000001,0.1
TweetEval Sentiment (3 classes) [size=303],2,303.0,384.0,3.0,0.4521452145214522,121.0,22.018110204508737,0.1551155115511551,0.9239109004590064,0.3158234824616521,0.125905752121453,26.31845732649145,17.0,46.584141882750046,0.0,0.0,0.0174428535673058,0.0058263585182388,2.584891786153322,0.0,0.1056105610561056,0.9239109004590064,0.0940027066609814,0.5193671744245294,0.0456371389052194,0.0,0.0081420993461265,0.0046323275599213,1.4643641312350422,0.6387337710109793,1.2678547569365172e-16,1.517226646923169e-16,3.096435939673031e-17,4.117296024488975e-17,0.9071536292702118,0.2725244787804878,0.157949586184373,48.499807251873925,0.9830760189109228,0.0204173546799171,0.2567568743566633,0.0779976530267952,0.0003000393489871,0.0004179470427313,0.8887977180460974,0.0461058899765558,0.1145833333333333,0.1984641550339338,0.3333333333333333,0.1571733452117578,0.0,0.0,0.8432020211844345,0.0,0.0,0.8270467468046659,0.216683104206023,9.46875,0.6632068225161567,0.1791127648159534,4.019062722524101,0.0172584549150552,0.1449471677825442,0.451365618009281,0.1296964577348853,0.0203489326069968,0.1440844901344508,0.0808684936803108,0.1524228708311507,0.060906740412789,0.7484777932340878,0.9944123125183806,0.4900124799669157,0.1294784843899506,1.4667492445116794,0.437002228473368,4.4198235097494875e-18,2.242056294036914e-17,-0.0007857138567122,0.03769041634086739,-1.5084929860726357,0.3933550633923188,0.0301931948642633,0.0172584549150552,0.7326732673267327,0.5081384609521737,0.0327423950061463,0.6105610561056105,0.4884297200810815,0.3003300330033003,0.4591597818701949,32.0,0.0,0.0,3.0,0.0,2.0,303.0,25.0,32.0,30.0,84.61173462344651,0.0,0.5415672721868934,2.975242230584315,0.7517422545217866,0.4374093124639821,0.5054422449659487,0.1326751678514388,1.210058851090495,0.0042853642851926,0.2450968310585516,0.0,0.0,1.0,0.1056105610561056,0.0957095709570957,0.90625,-0.0029149500464662,0.0224122784771708,0.2725244787804878,0.1579495861843729,0.5306328948348508,single,,0.0,en,kappa_vs_majority,0.17821782178217827,0.1
TweetEval Sentiment (3 classes) [size=878],8,878.0,384.0,3.0,0.5592126794146525,148.0,21.261471400590963,0.1560364464692483,0.924532347128866,0.2903774601443043,0.1418982872392523,28.58904378617456,16.988,53.709628796691376,0.1088852607105296,0.0,0.0102055785938797,0.0021291186117555,3.169906279438482,0.0,0.0364464692482915,0.924532347128866,0.0937505685228236,0.499405236471317,0.1142722292894227,0.0,0.00384560202486,0.0029434641372929,1.4653491009029675,0.6324678317044653,1.5684844806999478e-16,1.630533826202904e-16,3.280966477858425e-17,3.572191918791148e-17,0.907624096435612,0.2482194554667664,0.1535928622881215,65.7275626096507,0.9840040825607042,0.0234971579096905,0.2895851072119658,0.1266993102624724,0.0034311221042753,0.0029417171565219,0.9511763960884716,0.0347809809095306,0.6010112260942315,0.1677420274668823,0.3333333333333333,0.156705635405678,0.0,0.0,0.8779926035549968,0.0,0.0,0.8331550606309706,0.204807917545337,27.4375,0.6322202947693529,0.1970407908851784,4.612961094006727,0.0167599947315193,0.195189444298397,0.2982554120712978,0.1211867567346325,0.037114831831621,0.1797015378729594,0.0784157225774758,0.1749601132594246,0.075672880780443,0.719936295010342,0.997889436024097,0.468859445597851,0.1467398130145652,1.5586400618116425,0.3564279987579939,-1.9520578522381383e-18,2.5862969026368005e-17,0.0034056307881103,0.02044882405809213,-1.5722574973927068,0.428355509683468,0.0222942863347227,0.0167599947315193,0.7072892938496583,0.5032653331570103,0.0373367188374404,0.5671981776765376,0.4957462241102744,0.3109339407744875,0.4631396426397254,32.0,0.0,0.0,3.0,0.0,2.0,878.0,17.0,32.0,31.0,141.18469395458703,0.0,0.5118693228167185,3.1308975592043495,0.7007671634841262,0.5074798421531638,0.480972274524909,0.1320219985778596,1.0683773328472912,-0.0015154538961909,0.1846010030325137,0.0,0.0,0.9965831435079726,0.0364464692482915,0.0330296127562642,0.90625,0.0015449798632983,0.0168307987220414,0.2482194554667663,0.1535928622881215,0.5471196806753238,single,,0.0,en,kappa_vs_majority,0.3388190191219787,0.1
TweetEval Sentiment (3 classes) [size=998],16,998.0,384.0,3.0,0.5681283693331886,150.0,19.40857705143817,0.156312625250501,0.9248164242675492,0.2892595569176973,0.1167707642682529,28.90628421160633,16.992,53.82671531576112,0.0890842298052803,0.0,0.008863575898394,0.0020824788074915,3.1699191939077953,0.0,0.032064128256513,0.9248164242675492,0.093414210194328,0.4867012791933815,0.0938403069715997,0.0,0.0038090868381444,0.0025197649596141,1.4657993525150923,0.6333078610165499,1.529233884278316e-16,1.7022758968417192e-16,3.248336092339424e-17,5.411414400225659e-17,0.9074477942846576,0.2464021201263809,0.1539805031461736,66.01677507981064,0.984919926371686,0.019747380985499,0.3012946106303152,0.1022704362876056,0.0025411743071999,0.0028758321706688,0.9693676558089298,0.0173220999440135,0.6860658883489862,0.1143807467405772,0.3333333333333333,0.1564196403283154,0.0,0.0,0.7575807148383624,0.0,0.0,0.8300912590255535,0.2052869853064873,31.1875,0.637774882572492,0.1940115548598351,4.613515108724773,0.0150143214910517,0.1368481768975436,0.241236125043228,0.126055895513754,0.0254690414296518,0.1879742990233364,0.0762414603603107,0.1798698776602264,0.0644208027579738,0.6552658293787317,0.9979739037192622,0.4730234677928342,0.1436041961046408,1.5919080807351011,0.3075092988536554,-1.7103886777166116e-18,2.1031762991259514e-17,0.0040570033260255,0.025116296634303988,-1.5645680252805585,0.3826545401170343,0.0222034376981156,0.0150143214910517,0.6773547094188377,0.5000254063311573,0.0405993226973454,0.5190380761523046,0.499887927814054,0.313627254509018,0.4641994320081699,32.0,0.0,0.0,3.0,0.0,2.0,998.0,18.0,32.0,31.0,141.76704522096648,0.0,0.4825622735494719,3.15647610601566,0.6398093135555043,0.4406551870202652,0.4791174359929488,0.131879133927018,1.0516243923362876,-0.0015917436868804,0.159666615857102,0.0,0.0,0.9899799599198396,0.032064128256513,0.0290581162324649,0.90625,0.0029088843429574,0.0166112779372856,0.2464021201263809,0.1539805031461736,0.5714824141752964,single,,0.0,en,kappa_vs_majority,0.35219255399978283,0.1
TweetEval Emotion [baseline size=2000],16,1083.0,384.0,4.0,0.6278855032317635,151.0,8.533043259858136,0.1689750692520775,0.986249072274952,0.3116576166401683,0.1862052113943432,24.223171033186265,16.788,50.13605357326111,0.5282575129612451,0.0,0.0102121495375458,0.002071400226029,3.3219005444818483,7.851678204491752e-05,0.0295475530932594,0.986249072274952,0.0143597586880789,0.6001905289878843,0.0702319643676669,0.0,0.0068952665952376,0.0069962583642787,1.972498144549904,0.5757729856685245,1.4413806154894115e-16,1.5422310591331015e-16,3.1136185675305656e-17,3.7252089687696803e-17,0.927819109989196,0.2670167933060967,0.209385676790141,43.29007667421702,0.9659202664423489,0.0578487718579875,0.1802127512122115,0.0316343415400659,0.0016475251331407,0.0005901018548077,0.9382539682539682,0.0190161350504989,0.608956176673568,0.0630355376548815,0.25,0.0540166204986149,0.0,0.0,1.2244195081839313,0.0,0.0,0.8826747582707138,0.2069761003961977,33.84375,0.6570717645387232,0.253131327700528,5.248834017030958,0.0466063928785424,0.2247757566289291,0.4100816395779412,0.1019245256619797,0.0144457002111955,0.1366821946169772,0.0244712927667901,0.1085955831608005,0.0316605842878911,1.772321298122716,0.997803713735912,0.4829592251603682,0.1738249214861116,1.648644126650882,0.3480528662501854,-5.330710736889026e-18,3.890078357314377e-17,0.0050390281081837,0.04626332463065417,-1.697201596185997,0.4658235044694041,0.0455646720007935,0.0465614437194355,0.6472760849492152,0.4890256083870706,0.0914662364208555,0.5050784856879039,0.500205196645461,0.3167128347183748,0.4654093041800656,32.0,0.0,0.0,4.0,0.0,3.0,1083.0,14.0,32.0,31.0,71.90517847739564,0.0,1.0905510708981514,3.345845722836879,0.7126061249908372,0.8321431617720316,0.4935390766350606,0.1555376876318626,1.10799823060807,-0.0102994026139298,0.1761794159881571,9.483543465666088e-06,0.0,0.9667590027700832,0.0295475530932594,0.0267774699907663,0.90625,0.0024326937679137,0.0202713153012803,0.2670167933060967,0.209385676790141,0.2531434526161477,single,,0.0,en,kappa_vs_majority,0.5038473376423513,0.1
TweetEval Emotion [size=438],4,438.0,384.0,4.0,0.5502283105022832,132.0,6.1904145810034885,0.091324200913242,0.9119283853246352,0.3332998665550699,0.2042732326150492,27.0659009367844,16.84,45.524078879446975,0.397994974842648,0.0,0.0146804915302313,0.0031327536761663,2.8073097663273434,0.0,0.0730593607305936,0.9119283853246352,0.1024392346063139,0.5840948996684703,0.0842990715970579,0.0,0.0119775804016628,0.0089511859064485,1.8238567706492703,0.595629741392954,1.2063341698227789e-16,1.4776481606846216e-16,2.898458884671745e-17,3.894098899531136e-17,0.9175260963606156,0.2825139794404731,0.2149712760629589,34.888488295962404,0.9675714491415852,0.049386673566613,0.1620012678168554,0.0402726724281942,0.000551770279834,0.0007276374223128,0.893561318475299,0.056622635591596,0.1295000524787461,0.2050397682484019,0.25,0.1397053834194057,0.0,0.0,1.251759112373358,0.0,0.0,0.8396649032202121,0.2084412459820118,13.6875,0.6812493831170522,0.262368107922846,4.5788897872597065,0.0390627291679604,0.2559900369620415,0.3704717739152117,0.0969595480605633,0.0248458339521818,0.1054090103715712,0.044078547131663,0.0917415696166203,0.0625149111690546,1.6582853946145562,0.9950793352932592,0.5022123635235362,0.1808585685382212,1.6378012588525312,0.5383317261206676,3.8179758695014654e-18,1.9925838833132906e-17,-0.0050597017581608,0.04781377922631675,-1.5600955739971656,0.3841066040736,0.0522767497169071,0.0390627291679604,0.6552511415525114,0.4956523368116508,0.0787409804843301,0.4931506849315068,0.5005247865094045,0.3698630136986301,0.4833194521869493,32.0,0.0,0.0,4.0,0.0,3.0,438.0,22.0,32.0,31.0,52.70092405380388,0.0,1.0377132224004129,3.197896832849697,0.8329516678762836,0.8073713293944753,0.5079997753382967,0.1588676306678821,1.255523166164011,0.0311932761934648,0.2285772188707067,5.236451989590171e-06,0.0,0.9794520547945206,0.0730593607305936,0.0662100456621004,0.90625,-0.0035219526730799,0.0234456972971345,0.2825139794404732,0.2149712760629589,0.2734504024466573,single,,0.0,en,kappa_vs_majority,0.40030441400304423,0.1
TweetEval Emotion [size=1021],8,1021.0,384.0,4.0,0.6552210913690989,149.0,8.285348646260603,0.0901077375122429,0.9108043466457204,0.3202651865078221,0.1896092616798038,24.238916940101497,16.476,49.500066396590526,0.6703909307262442,0.0,0.0107483671257197,0.0028422751930411,3.321913223159961,4.00906855997218e-05,0.0313418217433888,0.9108043466457204,0.1033905582566209,0.5769668864033274,0.1086329414076914,0.0,0.0069777208391348,0.0066977617758378,1.821608693291441,0.5846507596281829,1.4530434912780986e-16,1.5513805579775583e-16,3.172745529540186e-17,4.01265113249813e-17,0.915692035874095,0.2679385397224431,0.2215944896924868,39.882065903165255,0.9680539090753963,0.0541678390686777,0.1770206580505263,0.0279662954500308,0.0010065022946175,0.0011427145477659,0.9287510166555148,0.0461020454217165,0.4467760598468047,0.2133296611329166,0.25,0.1404415113225974,0.0,0.0,1.1641550222736932,0.0,0.0,0.8613745463423399,0.1797913025912705,31.90625,0.6642330816185746,0.2731787358803862,5.097847033467296,0.0434782014019407,0.2671131095526486,0.392672946886222,0.0936103214530507,0.0151129056059034,0.1130969724475771,0.0274785415829374,0.096210404581839,0.0270652510922013,1.6475726122943413,0.9974972204661944,0.4903682420477022,0.1895336551295184,1.6864023713663794,0.3862718047002885,2.2563298492626838e-18,3.004090625582749e-17,0.0106490020863194,0.042419775835143864,-1.6387987062372833,0.4153924850566362,0.0456748829841051,0.0434817090960598,0.6072477962781586,0.4880417536501189,0.0881409046260172,0.4671890303623898,0.4991667886187353,0.3976493633692458,0.4896520958523853,32.0,0.0,0.0,4.0,0.0,3.0,1021.0,10.0,32.0,30.0,71.72953987240624,0.0,1.0222745959356243,3.3252010776036625,0.7097434190486324,0.7868193588072308,0.4921773851325028,0.1628772307470244,1.1136048002850372,-0.0262723103773472,0.198986931571227,5.795421616922581e-06,0.0,0.9686581782566112,0.0313418217433888,0.0284035259549461,0.90625,0.0049353144793077,0.0210810474202646,0.2679385397224431,0.2215944896924868,0.2774196074631746,single,,0.0,en,kappa_vs_majority,0.5402947884921319,0.1
TweetEval Emotion [size=1388],8,1025.0,384.0,4.0,0.6224411631881921,149.0,9.673640840803758,0.1219512195121951,0.9633090449871096,0.3176801264222947,0.1984568503980214,28.445935944759057,16.516,50.9088941963907,1.1071332349812286,0.0,0.0102530072378866,0.00212592112725,3.321898050316617,7.285903147218063e-05,0.0312195121951219,0.9633090449871096,0.034004163775156,0.6036125089207983,0.0676013281899729,0.0,0.0073593641235568,0.0076437539410513,1.9266180899742191,0.5805255401285211,1.3695360887557216e-16,1.57187061883536e-16,3.129502574212658e-17,4.34092859680378e-17,0.9242473323170732,0.2712270421382577,0.2175476475533415,39.59937344810442,0.9655567352362728,0.0614634690573321,0.1699148602766428,0.0223884658741636,0.0024205446842855,0.0011445366770223,0.9279411764705882,0.0340207097069679,0.5333986928104575,0.1371130873346582,0.25,0.0853658536585365,0.0,0.0,1.2587687121601367,0.0,0.0,0.8838751350168946,0.1981919563017186,32.03125,0.6656816502482563,0.2681375385193894,5.199863398537256,0.0510721811724696,0.1669122862466164,0.2855843967810815,0.0948727620008974,0.0132087494782804,0.1204738562091503,0.0239761043949107,0.0994934640522875,0.0297014761934266,1.793754555750136,0.9977308744794764,0.490577445826564,0.1852625550794083,1.6467284713155177,0.4243594084192232,-3.3848262945888926e-18,3.281733265389034e-17,0.0094745918045763,0.04274730768636084,-1.6510215812392115,0.4131890966266143,0.0486527417535805,0.0510330588424728,0.6673170731707317,0.4881999009094019,0.0879235857933449,0.5180487804878049,0.4999180573097857,0.2565853658536585,0.4369617769464454,32.0,0.0,0.0,4.0,0.0,3.0,1025.0,17.0,32.0,30.0,67.27771530619124,0.0,1.1021840619230792,3.297750052554729,0.7903442617538691,0.7989594077630939,0.4963987117736499,0.1600495442251467,1.1145047521154234,-0.0165003181627905,0.1526530250407154,8.650652066929118e-06,0.0,0.9668292682926828,0.0312195121951219,0.0282926829268292,0.90625,0.0023906453696467,0.0197514161602492,0.2712270421382577,0.2175476475533415,0.2490831208385768,single,,0.0,en,kappa_vs_majority,0.49658821758425614,0.1
20 Newsgroups [baseline size=2000],128,1200.0,384.0,20.0,0.5783333333333334,154.0,19.75947587654801,0.05,1.0,0.2982568618039584,0.6477856743889112,384.0,16.852,143.652868969137,0.8331242404347625,0.0,0.0266666666666666,0.4751950884366974,0.2357945195323313,0.0,1.290054493761264e-16,1.3338234137615802e-16,2.2097203556016468e-17,2.789567534523186e-17,0.2017273704893606,0.1563249969811347,0.05,7.119154932824459e-18,0.0,0.0,2.2821302023774437,0.0,0.0,37.5,0.5658544314271842,0.2220236836472831,0.3625067443221339,0.8176599593710807,12.016076903979016,0.4180861987707183,0.1593238951314022,1.4638989540051872,0.3488450145812991,3.446317305607258e-18,3.336506060222517e-17,0.0078537784462544,0.0332610918122985,-1.4750545177524426,0.3390566264980997,32.0,0.0,0.0,20.0,0.0,19.0,1200.0,11.0,32.0,31.0,0.0,5.291180067359547,2.93895347175763,0.6091377294008521,3.407172742202967,0.4293147230105767,0.1340822630331479,1.626595785239398,0.023881002192326,0.3061481426166479,1.5125697337253591e-05,3.544481812060598e-07,0.0027353479888298,0.0206428840944531,0.2017273704893606,0.1563249969811347,0.0005544671217986,single,,0.0,en,,,,,,,,,,,,,,,,,,,,,,,,,,,,,,,,,,,,,,,,,,,,,,,,kappa_vs_majority,0.556140350877193,0.1
20 Newsgroups [size=380],16,380.0,384.0,20.0,0.4578594342373869,129.0,20.843561421258308,0.0342105263157894,0.9983041899909598,0.3213341100601897,0.6824668281857509,23.57509655123117,16.756,47.54366449312237,1.196855881048341,0.0,0.0842105263157894,0.5216958128001978,0.2304343021603397,0.0,1.29012615720292e-16,1.3812494877835076e-16,2.448077307765473e-17,2.6135761589706802e-17,0.219992449446429,0.1622355685387579,0.05,0.0049784489627732,0.0,0.0,1.9923524629272005,0.0,0.0,11.875,0.5878767863280363,0.2286307103798516,0.2893490477929378,0.548711162403553,15.057155294488648,0.4311869840324096,0.1622885556007199,1.350841639238173,0.361761992907317,3.2503239865670706e-18,1.6732563708976774e-17,0.0058814618678202,0.0338521183148378,-1.3862496361454806,0.3853389258563419,32.0,0.0,0.0,20.0,0.0,19.0,380.0,19.0,32.0,31.0,0.0,6.126963317790132,2.7370912753836536,0.6623147838702717,4.312443946316239,0.4495945528539601,0.1357690163351755,0.0,-0.0247022865145509,0.265959057089709,4.232923680386059e-05,0.0,0.0025621246760925,0.0219283062162917,0.219992449446429,0.1622355685387579,0.0001309346959235,single,,0.0,en,,,,,,,,,,,,,,,,,,,,,,,,,,,,,,,,,,,,,,,,,,,,,,,,kappa_vs_majority,0.42932572024988097,0.1
"20 Newsgroups [size=643, imbalanced]",24,613.0,384.0,20.0,0.5318747010999522,142.0,19.630776888497444,0.0065252854812398,0.9874954464136212,0.3130698392800925,0.6714747698195508,384.0,16.896,140.63169422212434,0.6174010042103917,0.0,0.0522022838499184,0.4982292481075864,0.230268883674725,0.0,1.4271157674322872e-16,1.5543443561700527e-16,2.4473368127252457e-17,2.905587161469006e-17,0.209827170123652,0.1642956734708749,0.05,0.0116832800767034,0.0,0.0,2.7109517423552076,0.0,0.0,19.15625,0.5668015443746584,0.2243118927025518,0.6432395153773387,1.7699129130701392,13.07516413407237,0.4207680168747421,0.1661022311842109,1.4561115460480014,0.44354843968837,-6.0446481968784e-18,3.2656833807739546e-17,-0.0077805121472032,0.0277628002681043,-1.3777318922231336,0.2953253538622535,32.0,0.0,0.0,20.0,0.0,19.0,613.0,14.0,32.0,31.0,0.0,5.6708429479256415,2.833843438271135,0.6184939427330319,3.535629750782565,0.4375405593679019,0.1377625035615134,0.0,0.1322785610107589,0.4961922356209938,4.379194447181448e-05,0.0,-0.0042095713478888,0.0214711368877006,0.209827170123652,0.1642956734708748,0.0003040918148618,single,,0.0,en,,,,,,,,,,,,,,,,,,,,,,,,,,,,,,,,,,,,,,,,,,,,,,,,kappa_vs_majority,0.5072365274736339,0.1
DBpedia 14 [baseline size=2000],80,1190.0,384.0,14.0,0.9453773672917252,146.0,24.234820917569948,0.0714285714285714,1.0,0.2902393168402367,0.7731161330714399,28.20531334700605,16.812,53.813033566144,0.3907121702737195,0.0,0.0080737003715236,0.0013275577036972,3.321928094887362,0.0,0.026890756302521,1.0,-2.220446049250313e-16,0.6928099227725617,0.2171125319425641,0.0,0.0472391789562812,0.0468872178154113,3.8073549220576033,0.2126661207716447,1.4812416767296098e-16,1.6582391048151452e-16,3.038146921393471e-17,4.485984137429181e-17,0.9535546430515016,0.2189603558574659,0.1208030622991006,12.993048860197767,0.7873290104120203,0.2258369386433284,0.0179717302683194,0.0143074523760442,2.4497144447579155e-05,4.830999939959846e-05,0.2848093083387201,0.2422502256062501,0.0,0.0,0.0714285714285714,1.4401661021034318e-17,0.0,0.0,1.89641423030619,0.0,0.0,0.9365954038616966,0.2306150918996753,37.1875,0.6015276583565393,0.1844395801257229,6.836252877289226,0.276697030299717,0.178475629578233,0.3707791586890412,0.0,0.0,0.0,0.0,0.0031027795733678,0.0094988074421212,30.740277382987344,0.9942080361556388,0.4453003274526635,0.1353053552142466,1.4618762515545312,0.335787022862786,-6.997203936713169e-19,2.7611360899130457e-17,-0.0012150194521278,0.031369085144617115,-1.5518458282384466,0.3519692247018018,0.2930301396557399,0.276697030299717,0.3680672268907563,0.4677687803777977,0.0448972715307312,0.2126050420168067,0.4093225283153854,0.4605042016806722,0.4986472006142185,32.0,0.0,0.0,14.0,0.0,13.0,1190.0,13.0,32.0,29.0,10.336472414714942,0.0,6.805466876515731,3.013722079792978,0.5795777596093368,7.694336192947159,0.4542876979492469,0.1139690658626946,1.4045711593927643,0.0001985361009528,0.2499331676012319,0.0,0.0,0.965546218487395,0.026890756302521,0.0252100840336134,0.9375,-0.0005632205911606,0.0236193064707668,0.2189603558574659,0.1208030622991006,4.257642561172599e-06,single,,0.0,en,kappa_vs_majority,0.9411756263141655,0.1
"DBpedia 14 [size=593, imbalanced]",80,558.0,384.0,14.0,0.92831541218638,133.0,21.489184988201306,0.0125448028673835,0.985238241683738,0.2985035517750567,0.7891044064786745,25.57827653102224,16.82,49.22186537980589,0.3841874542459709,0.0,0.0131958301146267,0.0036804836019643,2.9999721323448267,0.0,0.057347670250896,0.985238241683738,0.0040871558913642,0.7096692218572207,0.2124731668404652,0.0,0.0673763537060751,0.0590958815519834,3.751151668873959,0.2097643467979213,1.4702308957894464e-16,1.8170301311636096e-16,3.093059829082429e-17,4.902233108222298e-17,0.9516418601957491,0.2290513056888007,0.1212201384995154,11.07950506776941,0.7784706776333835,0.2203966448785989,0.0115879107583037,0.0085858067759802,2.168801591690483e-06,5.44907145705689e-06,0.1485671263138529,0.1915537982867454,0.0,0.0,0.0714285714285714,0.0169703259641691,0.0,0.0,2.2559041632426564,0.0,0.0,0.9291892640604152,0.2480347889691627,17.4375,0.6175288428559502,0.1818030798860604,6.412557083127184,0.2769251243663963,0.1831496191041339,0.4059415254476717,0.0,0.0,0.0,0.0,0.0010388770892972,0.0054770109278651,31.12765555377296,0.991171105201629,0.4571700282132734,0.1369874823439429,1.3986343726660913,0.3043928780395338,-4.047688110612549e-18,5.607140422858489e-17,0.0040505140190073,0.028246212406240877,-1.519295106444512,0.3542530091317662,0.3385667180916017,0.2769251243663963,0.3888888888888889,0.4676114840639984,0.0465869632747099,0.2383512544802867,0.4264573348477678,0.3422939068100358,0.4749031155077846,32.0,0.0,0.0,14.0,0.0,13.0,558.0,20.0,32.0,30.0,7.8608004627707135,0.0,7.088933417395226,2.917929479110603,0.5630372127448788,8.285323264310323,0.465475854172389,0.1130619464634375,0.0,-0.0506553638317651,0.2294185014442114,0.0,0.0,0.9767025089605734,0.057347670250896,0.053763440860215,0.9375,0.0030332082678661,0.0223004707167336,0.2290513056888006,0.1212201384995155,2.7398039439973203e-06,single,,0.0,en,kappa_vs_majority,0.9228012131237939,0.1
"DBpedia 14 [size=662, imbalanced]",56,630.0,384.0,14.0,0.9428571428571428,135.0,23.6673738903248,0.0238095238095238,0.991369857858406,0.300185758952864,0.7909203636986207,25.488165138720813,16.748,50.2258847572614,0.4432786933747211,0.0,0.0115699370178954,0.0028463828297484,2.9999781441357594,0.0,0.0507936507936507,0.991369857858406,0.002717290146872,0.6930765475711606,0.2322385554070692,0.0,0.065539463270733,0.0617918648991236,3.774496907896749,0.211774907462532,1.381458956011873e-16,1.65278987246539e-16,2.7976658556190975e-17,3.695621436839518e-17,0.9521942110177404,0.2293292019400757,0.1289502455239689,11.509140704655907,0.7846300560874386,0.228505263091912,0.0127614444589183,0.0091271195110458,2.9511734857249887e-06,6.36050996708086e-06,0.200630734561121,0.2099542527418201,0.0,0.0,0.0714285714285714,0.0137534826279157,0.0,0.0,2.11526917882624,0.0,0.0,0.9332276307494444,0.2381995408405879,19.6875,0.6182520823892605,0.199430095803058,6.446518603783526,0.293703486019133,0.2098707690319901,0.4502201379696948,0.0,0.0,0.0,0.0,0.0012811556437156,0.0056693847038309,34.747458690385166,0.9918543713781808,0.4555170193668797,0.1429186379903551,1.409011245478217,0.2791385340268211,-4.653464562540958e-18,4.8800166431869786e-17,0.0003615693262289,0.02551766754727556,-1.5061074620974306,0.3751343102240276,0.3279564482489829,0.293703486019133,0.3825396825396825,0.4679092719456288,0.0464455581917633,0.2301587301587301,0.4212687780381265,0.346031746031746,0.4760814471291684,32.0,0.0,0.0,14.0,0.0,13.0,630.0,16.0,32.0,29.0,8.147489430847203,0.0,6.891833269721818,2.9151187075756475,0.5509128107306296,9.09927051741462,0.4646096898672752,0.1179044469171929,0.0,-0.0583680460478688,0.2471240278490382,0.0,0.0,0.9698412698412698,0.0507936507936507,0.046031746031746,0.90625,0.0040893730180571,0.018411187610574,0.2293292019400758,0.128950245523969,2.2234892296160993e-06,single,,0.0,en,kappa_vs_majority,0.9384615384615385,0.1
Amazon Polarity [baseline size=2000],8,1200.0,384.0,2.0,0.8250000000000001,149.0,26.16423531507511,0.5,1.0,0.3388183046211637,0.1496878216287694,28.54433100337455,17.0,55.17714157961241,0.0,0.0,0.0078457020906091,0.0010912332355632,3.321928094887362,0.0,0.0266666666666666,1.0,0.0,0.7407878036328707,0.0,0.0,0.0028846223907782,0.0086612239328646,1.0,0.6072557370245382,1.4032481512860666e-16,1.6714311367446686e-16,1.9944946003065136e-17,2.505527112079167e-17,0.8768974145120934,0.1969544196201247,0.1936333166086195,48.68304835243043,0.9828510446871496,0.0727009311234714,0.170750920964732,0.0,0.0084350538914936,0.0,0.8975,0.0,0.7691666666666667,0.0,0.5,0.0,0.0,0.0,0.7977506170382207,0.0,0.0,0.8246355925131014,0.1965393706485732,37.5,0.5560258897330207,0.2764650429886208,4.301387063997909,0.0659236540969663,0.2765863837545511,0.3903361014148394,0.0957659360367162,0.0,0.1324999999999999,0.0,0.1025,0.0,1.2161478594900397,0.9973673611111112,0.4076439597502522,0.1910217429201409,1.3836634774937329,0.3861794487497381,-2.584737979205442e-18,3.124340204931044e-17,-0.0022651619128387,0.044015075823352824,-1.3734618173408115,0.3517942792152302,0.0205410308894528,0.0659236540969663,0.485,0.4882897804261705,0.0318882116342827,0.3333333333333333,0.4716010621882686,0.08,0.2714063088564312,32.0,0.0,0.0,2.0,0.0,1.0,1200.0,13.0,32.0,31.0,160.72158606669856,0.0,0.5487665700112125,2.7571252948345446,0.6423641062729725,1.2161478594900397,0.4158010185852471,0.1576077042937434,1.0261719247237513,0.0426134625338345,0.2642366019900932,0.0,0.0,0.9958333333333332,0.0266666666666666,0.0241666666666666,0.90625,-0.0020450537341513,0.0326542223930168,0.1969544196201248,0.1936333166086195,0.4512334299887874,single,,0.0,en,kappa_vs_majority,0.6500000000000001,0.1
Amazon Polarity [size=452],8,452.0,384.0,2.0,0.7498896247240617,132.0,25.321685878045635,0.5,1.0,0.3509968902433373,0.1624769345595147,25.671857141111065,16.992,49.99638575478917,0.0890842298052803,0.0,0.0129431952754629,0.0027709496205381,2.8073125212926255,0.0,0.0707964601769911,1.0,0.0,0.7275370481500252,0.0,0.0,0.0048010794856531,0.0081615319714817,1.0,0.6219515173169883,1.2269399251287682e-16,1.795203186089867e-16,2.127054063702665e-17,3.0667356791240976e-17,0.8778525597001746,0.2140035998527178,0.2008914438180812,45.51908216475191,0.9834590576115358,0.048245054390615,0.182539654491251,0.0,0.0048650491066839,0.0,0.8606194690265486,0.0,0.495575221238938,0.0,0.5,0.0,0.0,0.0,0.8183123552873575,0.0,0.0,0.7823298049064961,0.2398572974028406,14.125,0.5764305922164781,0.2810848673482296,3.785343712774462,0.0405968991373707,0.2468064177385418,0.408791463761929,0.1043753201459213,0.0,0.1460176991150442,0.0,0.1261061946902655,0.0,1.1245412741800376,0.9933921998590336,0.4216357892687098,0.1926944673167135,1.3142632812972597,0.3765260180143609,-3.500150022324886e-18,1.5349015346215392e-17,0.006169380613063,0.04338196780282304,-1.2959680559193922,0.3184610849669403,0.0219688085181638,0.0405968991373707,0.504424778761062,0.4885802872127742,0.0324895374002699,0.3606194690265487,0.4807123007292871,0.2787610619469026,0.4488865411409603,32.0,0.0,0.0,2.0,0.0,1.0,452.0,18.0,32.0,30.0,126.78628931885584,0.0,0.5293101564308521,2.6102313372166517,0.6310218025575562,1.1245412741800376,0.4357261613407784,0.1578772481136723,1.0591541972566672,-0.0105166864913391,0.269942726579664,0.0,0.0,0.9977876106194692,0.0707964601769911,0.0641592920353982,0.90625,-1.2094937609557524e-05,0.0282360100727267,0.2140035998527178,0.2008914438180811,0.4706898435691479,single,,0.0,en,kappa_vs_majority,0.49977924944812346,0.1
Amazon Polarity [size=655],8,655.0,384.0,2.0,0.8244103724184156,141.0,25.330268457601765,0.499236641221374,0.9999983186345768,0.3447918044902066,0.1458258705126277,26.99361328527348,17.004,52.58197043571881,0.063118935352238,0.0,0.0129342053492364,0.008300715641663,2.9999881943111726,0.0,0.048854961832061,0.9999983186345768,4.661722133425528e-06,0.7622163042338898,0.0,0.0,0.0041019776925176,0.0089810963168163,0.9999983186345768,0.6078467381512893,1.3168448579067507e-16,1.4369022702457758e-16,1.9328575592515194e-17,2.120671400691199e-17,0.8750659476620678,0.2017494185446759,0.2015133655139623,45.088188442684384,0.981844572048751,0.0615471453790996,0.1531622567166883,0.0,0.0040541709682401,0.0,0.8366412213740458,0.0,0.5679389312977099,0.0,0.5,0.0010795523376893,0.0,0.0,0.7956353702571567,0.0,0.0,0.8226464214855547,0.2019469833917391,20.46875,0.5596431529743234,0.2806432600134126,3.9778077926827753,0.0528739817757564,0.2755427278324656,0.4328131767398144,0.0777993932456219,0.0,0.1007633587786259,0.0,0.0977099236641221,0.0,1.3864850171243923,0.9952357088747742,0.4097994595339237,0.1922217854708272,1.312655993672918,0.3620108481218566,2.0710744400211653e-18,2.8021486645157044e-17,0.0014051052062608,0.04581017401538146,-1.3368354543214216,0.3397932864610942,0.0221787202629745,0.0528739817757564,0.5068702290076336,0.4878868488394466,0.0318580257482509,0.3557251908396946,0.4790983352969711,0.2412213740458015,0.4281512474277636,32.0,0.0,0.0,2.0,0.0,1.0,655.0,16.0,32.0,31.0,134.26426045958112,0.0,0.5809736944399696,2.649491447994339,0.6079316170056637,1.3864850171243923,0.4210055717741995,0.159041409352343,1.0385759112369766,-0.0360624121080064,0.2518744336295366,0.0,0.0,1.0,0.048854961832061,0.0442748091603053,0.90625,0.0022472273691193,0.029900603972234,0.2017494185446758,0.2015133655139623,0.4190263055600304,single,,0.0,en,kappa_vs_majority,0.6482837734986613,0.1
Amazon Polarity [size=1398],8,1200.0,384.0,2.0,0.805,149.0,25.748582880584376,0.5,1.0,0.3365219080335651,0.1593589701981738,28.72537779742237,16.996,55.117490169501686,0.063118935352238,0.0,0.0086804376927735,0.0067677902119532,3.321928094887362,0.0,0.0266666666666666,1.0,0.0,0.752237975957022,0.0,0.0,0.002947122381056,0.0064776373700875,1.0,0.6085572434485745,1.2795592761406523e-16,1.5247912526559495e-16,1.8571284398570864e-17,2.5021835980834613e-17,0.8754990269669168,0.1972603151462064,0.1915724093995891,49.127791638602574,0.9823168133602526,0.0579249480489417,0.1611611296923779,0.0,0.0101860848654516,0.0,0.9683333333333334,0.0,0.8341666666666666,0.0,0.5,0.0,0.0,0.0,0.8207425793766814,0.0,0.0,0.8051507425374731,0.218008472155529,37.5,0.5555727807936941,0.2676864514295993,4.301573017513718,0.046672619112583,0.25950500453544,0.3381944225789174,0.0941932973143634,0.0,0.1175,0.0,0.0933333333333333,0.0,1.30341489708665,0.9972423611111112,0.4089498274727209,0.1903775415585898,1.3326780382630457,0.2870066071457745,3.917583849914289e-18,2.981352271047498e-17,0.0101063451330476,0.044850309502662396,-1.4263153736168244,0.3959953329367437,0.0203550773736436,0.046672619112583,0.4575,0.486791286416745,0.0312534670155231,0.3091666666666666,0.4623427006737291,0.1,0.300125078179293,32.0,0.0,0.0,2.0,0.0,1.0,1200.0,16.0,32.0,31.0,162.19899128404631,0.0,0.5658619724719173,2.75899341187987,0.62174942433318,1.30341489708665,0.4165405700384473,0.1565903425794934,1.0301383036860334,-0.0907260591366987,0.2639914915153427,0.0,0.0,0.9975,0.0266666666666666,0.0241666666666666,0.90625,0.0075287748832523,0.0340501211396095,0.1972603151462064,0.191572409399589,0.4341380275280827,single,,0.0,en,kappa_vs_majority,0.6100000000000001,0.1
Enron Spam [baseline size=2000],8,1200.0,384.0,2.0,0.9533333333333333,149.0,7.029544990095942,0.5,1.0,0.3204968480359121,0.2907970382073327,24.854805303452192,16.78,49.41608757338703,0.532541078227774,0.0,0.0087552508730291,0.0018183101464373,3.321927781798877,1.7710959271471282e-06,0.0266666666666666,1.0,0.0,0.8681585109550825,0.0,0.0,0.0041165377977762,0.0130513511371649,1.0,0.5699596640385987,1.349621718232417e-16,1.5929421798537362e-16,1.875012131399501e-17,2.5118811835091237e-17,0.8593299972199056,0.1671608222261212,0.1132000795020768,32.363238211437455,0.976446899995508,0.1069263282822502,0.075643514277221,0.0,0.0003078764634549,0.0,0.7991666666666667,0.0,0.575,0.0,0.5,0.0,0.0,0.0,1.225534124752932,0.0,0.0,0.8072270400341975,0.2181131548949396,37.5,0.518668820362419,0.1930126584425283,4.291028525257651,0.1073453060341907,0.4452297245875006,0.5139744412341131,0.0369864836222427,0.0,0.0374999999999999,0.0,0.0358333333333333,0.0,3.060076136917216,0.9879972222222222,0.3829867176006405,0.1365939359734645,1.355685539179318,0.2732868366172223,4.117077049651622e-18,1.6221837837974285e-17,0.006501778866757,0.02035485155380889,-1.4048052268615896,0.3907604787298082,0.0308992565412255,0.1073453625941702,0.1316666666666666,0.4194447364550817,0.0943474410785813,0.0775,0.267494631375745,0.0183333333333333,0.1342096584300181,32.0,0.0,0.0,2.0,0.0,1.0,1200.0,6.0,32.0,30.0,106.50834012354908,0.0,0.753699200143746,2.7604907660409075,0.5638956206745191,3.060076136917216,0.3917347097421315,0.1189404379402284,1.1497631402580288,-0.0489869529098269,0.2638362132224303,2.789392498207813e-06,0.0,0.8666666666666667,0.0266666666666666,0.0241666666666666,0.90625,0.004669705864002,0.0131120621325111,0.1671608222261212,0.1132000795020768,0.2463007998562539,single,,0.0,en,kappa_vs_majority,0.9066666666666665,0.1
Enron Spam [size=909],4,909.0,384.0,2.0,0.9427942794279428,146.0,11.238796195733867,0.4906490649064906,0.9997476868190296,0.3203091228418122,0.2839104004972638,23.705780295898528,16.572,49.3791441229081,0.5336815529882966,0.0,0.0099897247510163,0.0023221520756038,3.1699225459790767,1.136696187263668e-05,0.0352035203520352,0.9997476868190296,0.0006992753184847,0.8590016974117015,0.0,0.0,0.0045290242048223,0.0142613894523015,0.9997476868190296,0.5744930467946975,1.3682472448945103e-16,1.5072404299826032e-16,1.9599827703872292e-17,2.2911308468558317e-17,0.8612455959252313,0.1699048439461346,0.1132996292579406,32.8032505472279,0.9769411276201192,0.1033165429041774,0.0817025709512235,0.0,0.0004438610913313,0.0,0.7436743674367436,0.0,0.5159515951595159,0.0,0.5,0.0132242192301114,0.0,0.0,1.2141031569448442,0.0,0.0,0.8137994384871013,0.210350890703714,28.40625,0.5226607623574112,0.1894065589646432,4.139193140737378,0.1053818237456476,0.3825766808393048,0.5733932891782246,0.039193687397893,0.0,0.0484048404840483,0.0,0.0319031903190318,0.0,2.8151035424283988,0.9866994400210098,0.3868260301165159,0.135530291856371,1.3305844553344035,0.3420224074626517,-3.8663913776996814e-18,2.0615895947937556e-17,0.0049248148173151,0.02394371789101337,-1.3686468333108008,0.4094671002304671,0.0304770920607291,0.1053820071720718,0.1518151815181518,0.4229882671802135,0.0894555883730506,0.0836083608360836,0.2769519523216566,0.2497249724972497,0.4330920882164527,32.0,0.0,0.0,2.0,0.0,1.0,909.0,9.0,32.0,30.0,103.01000658667284,0.0,0.7378839161561844,2.699231288645205,0.5866854251872436,2.8151035424283988,0.3953664188961993,0.1184425327063246,1.1681448126102794,-0.0309663182511333,0.2788433716572638,2.428493022939642e-06,0.0,0.8745874587458746,0.0352035203520352,0.0319031903190319,0.90625,0.0037010955524386,0.014403408522431,0.1699048439461346,0.1132996292579406,0.2621160838438156,single,,0.0,en,kappa_vs_majority,0.8834080717488789,0.1
Enron Spam [size=1095],8,1095.0,384.0,2.0,0.9488584474885844,148.0,3.275436564820003,0.4904109589041096,0.9997346729553366,0.3147214376405124,0.2875589294640207,24.113785897092058,16.66,48.01230561547801,0.6755738301621815,0.0,0.0108670811637923,0.0038854771631788,3.321911924763258,4.6986759269080385e-06,0.0292237442922374,0.9997346729553366,0.000735327220613,0.8634536678174478,0.0,0.0,0.0047072728153342,0.0140231591817387,0.9997346729553366,0.571521367192062,1.3431403256357782e-16,1.635233510494884e-16,1.937643977719346e-17,2.7055716252172274e-17,0.8591253245181271,0.1690451145189053,0.1108156870142888,28.199105173809823,0.9767014926103936,0.1091322630401055,0.0787203994877527,0.0,0.0006849560777274,0.0,0.719634703196347,0.0,0.5442922374429223,0.0,0.5,0.0135609519679612,0.0,0.0,1.2180275986447908,0.0,0.0,0.812994963441119,0.2120207830074914,34.21875,0.5249883879146484,0.1809957498837762,4.286193888606255,0.1175234217686458,0.4205482485854392,0.4754519123876769,0.0356310769875902,0.0,0.0447488584474885,0.0,0.0264840182648401,0.0,2.930079738633243,0.989006901440754,0.3891109372815045,0.1311398928877686,1.3275835924707895,0.2725577696312273,1.0186549726512211e-17,2.731488509438481e-17,0.0051582975135197,0.017677748596713408,-1.4304361073574317,0.3879488270382525,0.0354527091123391,0.1175236320173765,0.1251141552511415,0.4194037544198438,0.1010318184146097,0.0684931506849315,0.2527056761805816,0.228310502283105,0.419935546579265,32.0,0.0,0.0,2.0,0.0,1.0,1095.0,10.0,32.0,31.0,92.69980483683506,0.0,0.7455522364674035,2.758019699828221,0.5621363277683203,2.930079738633243,0.3950168967345851,0.1158720799149996,1.1490641566984403,-0.0625063051236117,0.2147023770182998,5.4586222132952364e-06,4.291451104211608e-07,0.8657534246575342,0.0292237442922374,0.0264840182648401,0.90625,0.0036740834822813,0.0119439245309956,0.1690451145189053,0.1108156870142888,0.2544477635325964,single,,0.0,en,kappa_vs_majority,0.8957169459962754,0.1
Enron Spam [size=1340],8,1200.0,384.0,2.0,0.9425,148.0,4.373257181297348,0.5,1.0,0.3223257446648452,0.3108750806295559,24.56181056101401,16.74,48.41876693557784,0.4737087712930804,0.0,0.0100336528326063,0.0025539781881611,3.321927468710392,2.4639782088400557e-06,0.0266666666666666,1.0,0.0,0.8675207741427023,0.0,0.0,0.0045542790625875,0.0142705610511124,1.0,0.5643877163782917,1.393088293450565e-16,1.6408062360111111e-16,1.9422004921046258e-17,2.6592749540878885e-17,0.8577425632471504,0.1698249826351691,0.1171835314202027,29.076667271704288,0.976481490825964,0.1108954979476456,0.0760608642968563,0.0,0.0008818827892493,0.0,0.72,0.0,0.5308333333333334,0.0,0.5,0.0,0.0,0.0,1.2667778414048574,0.0,0.0,0.8269707891954571,0.1970587253119439,37.5,0.5225604300239017,0.1891274034994742,4.287535631755503,0.1185897566845646,0.4521044332946201,0.7770966392295555,0.0381173084745191,0.0,0.0424999999999999,0.0,0.0316666666666666,0.0,3.041911282498844,0.9879888888888888,0.3858745468308292,0.1366276319897365,1.3388541773387337,0.3256809576107414,-3.134067079931432e-18,2.4807002155813072e-17,0.0032437399007645,0.014147509042122723,-1.4063338617889944,0.4268176969276515,0.0343918369548886,0.1185898344547044,0.14,0.4140657742931931,0.1055897846889862,0.0791666666666666,0.2701112838138975,0.0491666666666666,0.2163060234992481,32.0,0.0,0.0,2.0,0.0,1.0,1200.0,10.0,32.0,31.0,95.59057970842692,0.0,0.7525922935691536,2.745188039127728,0.6408422496859055,3.041911282498844,0.3945456711870802,0.1208942848573906,1.160707511374793,-0.0416163332701143,0.2792869075663275,4.432621108052786e-06,3.390528867291621e-07,0.8608333333333333,0.0266666666666666,0.0241666666666666,0.90625,0.0020395529724903,0.0107218061361933,0.1698249826351692,0.1171835314202027,0.2474077064308464,single,,0.0,en,kappa_vs_majority,0.885,0.1
Amazon Counterfactual [baseline size=2000],40,815.0,384.0,2.0,0.8515393242167715,138.0,21.363622575275752,0.263803680981595,0.8324321056101425,0.3427578775293695,0.1298427341027163,24.30103199693632,16.812,50.11916364305302,0.3907121702737195,0.0,0.010692249214191,0.0030840466861309,3.16990327246925,0.0,0.0392638036809816,0.8324321056101425,0.3648839928610992,0.6746992801122044,0.0,0.0,0.0028579183530463,0.0031472939926048,0.8324321056101425,0.6460383487735755,1.5180071653562606e-16,1.7514225017959115e-16,4.184196809556928e-17,6.660134014561785e-17,0.8635926500957176,0.3220818230685663,0.2509312405312469,48.70985306588032,0.9857744025442524,0.0273335221695343,0.1889945634115089,0.0,0.0023921900644554,0.0,0.9644171779141104,0.0,0.6380368098159509,0.0,0.5,0.3340320377384304,0.0,0.0,1.0090556450938013,0.0,0.0,0.7583876919080345,0.1766205779070296,25.46875,0.7147087743567624,0.2366667279171354,3.9852457739599902,0.0191061993101167,0.1021231002429353,0.2901882334211251,0.0981235464585962,0.0,0.1239263803680981,0.0,0.1092024539877301,0.0,0.8356003929518516,0.9948857691294366,0.5239062094055059,0.1568147763291658,1.6608182981096689,0.4096576148065223,8.318158704438481e-18,3.897143306683853e-17,-0.0115199316714262,0.06818798020353536,-1.6477786397117322,0.3974162864681705,0.0170896041194021,0.0191061993101167,0.4134969325153374,0.4810306765195146,0.0356815303250938,0.2736196319018404,0.4460897846046368,0.0773006134969325,0.2672318315263919,32.0,0.0,0.0,2.0,0.0,1.0,815.0,22.0,32.0,32.0,184.48722663917047,0.0,0.4552191185839268,3.3085969378214015,0.7092325864917868,0.8356003929518516,0.5404260659579592,0.176039556557027,1.042640071563653,0.0307041373386044,0.2378998636056681,0.0,0.0,0.9938650306748468,0.0392638036809816,0.0355828220858895,0.90625,-0.0090890963739162,0.0442380260911952,0.3220818230685662,0.2509312405312469,0.5447808814160732,single,,0.0,en,kappa_vs_majority,0.437230461565901,0.1
Amazon Counterfactual [size=320],2,320.0,384.0,2.0,0.8937577146887675,115.0,21.891275052020287,0.10625,0.4885001607588282,0.3819863036735883,0.1485976144660241,22.90167965936995,16.78,44.14323867784756,0.4142463035441596,0.0,0.0144014933312133,0.0042992824889258,2.584906261759072,0.0,0.1,0.4885001607588282,0.7655511621178512,0.5787417471845425,0.0,0.0,0.0048309701663104,0.0035015673322712,0.4885001607588282,0.6541008077071009,1.1526667557366296e-16,1.2865136396951995e-16,3.431248860846371e-17,4.637315500401025e-17,0.819474921630094,0.3448119586169822,0.2775061400099544,27.05462024834532,0.9895330621895556,0.0154667602352201,0.1594761380595058,0.0,1.0269105411500378e-05,0.0,0.80625,0.0,0.0,0.0,0.5,0.5568465901844062,0.0,0.0,1.1075171557317929,0.0,0.0,0.6623614479156814,0.1711842916929974,10.0,0.7259484656267541,0.2448702899164841,3.0553503509014925,0.0134863986064501,0.1434353848315126,0.4240545049139235,0.0633860808842554,0.0,0.0593749999999999,0.0,0.05625,0.0,0.5036282774395157,0.968388671875,0.5317765499146623,0.1659619580382013,1.565283712836637,0.4019905333376111,3.285132582631078e-18,2.4516859538380197e-17,0.0124460905193207,0.07054195023665209,-1.599184177934689,0.4982051549563699,0.0180560716164073,0.0134863986064501,0.25625,0.4645142834290421,0.0429028656980119,0.184375,0.3883970555079848,0.128125,0.3347523999600255,32.0,0.0,0.0,2.0,0.0,1.0,320.0,21.0,32.0,28.0,142.15994733927576,0.0,0.3349420099342169,3.164467890771326,0.8368673126382231,0.5036282774395157,0.5563779141950308,0.1907691060752303,1.3710946624842086,-0.0023044271295802,0.2911943350350652,0.0,0.0,0.9625,0.1,0.090625,0.90625,0.0080753314217123,0.050870085360524,0.3448119586169823,0.2775061400099545,0.6650579900657831,single,,0.0,en,kappa_vs_majority,7.260883545863056e-05,0.1
Amazon Counterfactual [size=634],2,634.0,384.0,2.0,0.8848624400131152,136.0,21.353084651716287,0.1056782334384858,0.4867409730370185,0.3446449450104563,0.1425748178452693,24.129035321440806,16.804,49.571529993289275,0.3969685126052191,0.0,0.0114089870119466,0.0025263910146141,2.99997850992186,0.0,0.0504731861198738,0.4867409730370185,0.7669229211787298,0.5133543313727926,0.0,0.0,0.0026486061209984,0.0017786929370178,0.4867409730370185,0.6526088739617173,1.2674371220504563e-16,1.4681991734813895e-16,3.239493102401848e-17,3.69730273972159e-17,0.824365472114661,0.329168377136703,0.2558642740440493,34.64193749546892,0.9917646040768998,0.0114918018620293,0.209548882519394,0.0,2.6533581777154715e-05,0.0,0.8990536277602523,0.0,0.2555205047318612,0.0,0.5,0.5576551902102109,0.0,0.0,0.9820060100046548,0.0,0.0,0.7465616413062275,0.1328793380265592,19.8125,0.7261762506260789,0.2342676872024855,3.4726688550717784,0.0091932336257114,0.0535307064505292,0.2664621422370352,0.0683935246873442,0.0,0.0899053627760252,0.0,0.082018927444795,0.0,0.3578334824089478,0.984209714496114,0.5332127979455634,0.1598138078083662,1.660165935241512,0.4800865605906584,-8.252249216949607e-18,4.6002474999598766e-17,-0.0116950868755861,0.06050496276447207,-1.671756861806996,0.411312453414833,0.0140506278871002,0.0091932336257114,0.2397476340694006,0.4639964133768481,0.0425476344667473,0.1750788643533123,0.3803346120869291,0.1498422712933754,0.3571985615384436,32.0,0.0,0.0,2.0,0.0,1.0,634.0,21.0,32.0,32.0,212.51206038814237,0.0,0.2635326695392069,3.3319227970485077,0.8264086494507243,0.3578334824089478,0.5461689551327721,0.1785037441324254,1.0583808427756043,0.0056207804974368,0.2321534280683348,0.0,0.0,0.9574132492113564,0.0504731861198738,0.0457413249211356,0.90625,-0.0076597719263651,0.0429314208598164,0.329168377136703,0.2558642740440493,0.736467330460793,single,,0.0,en,kappa_vs_majority,-0.08951064226395455,0.1
Amazon Counterfactual [size=644],2,644.0,384.0,2.0,0.9161559081359124,136.0,20.002421437600717,0.1055900621118012,0.4864692476242521,0.3436815032665579,0.1507975700006493,24.130578009129135,16.712,49.21124986168246,0.452831094338717,0.0,0.0122499299067686,0.0034414125496483,2.999972171129253,0.0,0.0496894409937888,0.4864692476242521,0.7671343638525565,0.5394713421895496,0.0,0.0,0.0028601301584069,0.001747401914327,0.4864692476242521,0.6586979353144766,1.3762587666420794e-16,1.6579380293591404e-16,3.685650996272715e-17,4.873077330980585e-17,0.8251741158969504,0.3259717311504508,0.237001569846651,32.048162356608074,0.9909053334673814,0.0101751593487281,0.1876026917631185,0.0,1.4451827702614504e-05,0.0,0.8105590062111802,0.0,0.1723602484472049,0.0,0.5,0.5577798832962207,0.0,0.0,1.0569219908153098,0.0,0.0,0.740795339964116,0.1299005172884959,20.125,0.7207683982501665,0.2325754966313146,3.4712621007566984,0.0094212147750919,0.1307748896596823,0.2901571988277918,0.0611807867332719,0.0,0.0714285714285714,0.0,0.062111801242236,0.0,0.4104955831970818,0.9854003510667028,0.5293370206207574,0.1618927294257959,1.652839115834473,0.4392133931395457,-8.43657442043379e-18,3.196068958339516e-17,0.0017560530196889,0.052729914503064204,-1.6733141927957746,0.413358595552465,0.0151793179968069,0.0094212147750919,0.2453416149068323,0.4639688090936094,0.0414923940093568,0.1661490683229813,0.3725037177462057,0.1428571428571428,0.3501991054581304,32.0,0.0,0.0,2.0,0.0,1.0,644.0,21.0,32.0,31.0,196.63550455694468,0.0,0.2910293290437941,3.3261533086302473,0.7781751202147015,0.4104955831970818,0.545392352356006,0.1715776153293273,1.0634071511483436,-0.045310259112782,0.2225890971002377,0.0,0.0,0.9518633540372672,0.0496894409937888,0.0450310559006211,0.90625,0.0011471465057446,0.0384810457269667,0.3259717311504507,0.2370015698466508,0.7089706709562058,single,,0.0,en,kappa_vs_majority,0.20594712999305267,0.1
SST-5 (5 classes) [baseline size=2000],2,1200.0,384.0,5.0,0.3841666666666666,152.0,22.866741893638356,0.2,1.0000000000000002,0.3176173994995624,0.1115159496175867,31.279173131837354,16.964,55.77747875636893,0.1862900963551202,0.0,0.0075917741175137,0.0013202553678211,3.321928094887362,0.0,0.0266666666666666,1.0000000000000002,0.0,0.367514591265325,0.2413739797418836,0.0,0.0058537712574289,0.009228367458438,2.321928094887362,0.6006689187701797,1.3029296923377243e-16,1.582575395652038e-16,2.785345542406831e-17,3.634277002515194e-17,0.9478245760355852,0.2616414546837195,0.1835860454659919,60.65777816662518,0.9776546210679988,0.067927178380568,0.3311248244096879,0.1613803229664276,0.0040444113605952,0.0036185195599479,0.9041666666666666,0.1073135765115658,0.5689583333333333,0.1500593054058591,0.2,0.0,0.0,0.0,0.5858965579440099,0.0,0.0,0.920725508810312,0.1734711850339907,37.5,0.6498988094760021,0.2293027152263123,5.605577041328023,0.0603953126262438,0.2196628040996081,0.3387512104819491,0.1390958387383282,0.0346972104774071,0.2085416666666666,0.0871047621162777,0.1833333333333333,0.0848644071009312,1.217140456511821,0.9987555555555556,0.4802402434302894,0.1625165739280778,1.6988074931940875,0.51315000708072,-5.944319111013859e-18,2.5191013313488947e-17,-0.006990072125941,0.032319568918661674,-1.607149995680781,0.3362836260421427,0.0382791484467019,0.0603953126262438,0.8033333333333333,0.5118845854686495,0.0312331977490106,0.6908333333333333,0.462342700673729,0.5225,0.4997017459068812,32.0,0.0,0.0,5.0,0.0,4.0,1200.0,15.0,32.0,31.0,85.78166128780671,0.0,0.7150520934609812,3.305957488874869,0.7918459698094147,0.96461893902049,0.489364515327753,0.1512573566641812,1.087415926926527,0.039807370889348,0.1874147765494493,0.0,0.0,0.9975,0.0266666666666666,0.0241666666666666,0.90625,-0.004699778059998,0.0188524146626838,0.2616414546837196,0.183586045465992,0.4013540993867954,single,,0.0,en,kappa_vs_majority,0.23020833333333324,0.1
SST-5 (5 classes) [size=529],2,529.0,384.0,5.0,0.3213918849512069,138.0,25.54403935297719,0.1285444234404537,0.9748884712893664,0.3309867285314468,0.1327174320065133,29.92265701285342,16.984,52.612674091457656,0.125475097130865,0.0,0.0131993399694928,0.0030601286408348,2.9999820238261687,0.0,0.0604914933837429,0.9748884712893664,0.0246692877837362,0.3975966308148846,0.2192958172515029,0.0,0.0097922331838482,0.0098832824263851,2.2636209308685715,0.6220624189909724,1.3829450700852615e-16,1.5400403211914062e-16,3.195477581319373e-17,4.421029538232199e-17,0.9458956292604686,0.2755591302051393,0.1924670484065381,43.95708887517199,0.9757311135290686,0.0639704604398251,0.2716740087988921,0.1352764824632406,0.0007556796229664,0.0006576421496492,0.8178189930247994,0.1408118394988388,0.0879194792671166,0.1436486870105853,0.2,0.0632267919795935,0.0,0.0,1.346930897532242,0.0,0.0,0.8861522568084826,0.2035688281508037,16.53125,0.668328844189044,0.2335860585743502,5.212106802679379,0.0556255405661307,0.2135860051919939,0.3857513433643066,0.1245003154593682,0.0470625890104519,0.1643636085590044,0.0810423895310976,0.1608133937650278,0.0868091718270952,1.2950995776438377,0.9974235369370464,0.493430345835641,0.1629774982368453,1.6033230908234226,0.5227147691258593,2.400411312693805e-18,2.1701406485116618e-17,-0.0092928689900957,0.045047368284257074,-1.5397533297627832,0.3415491004918869,0.0514961520153605,0.0556255405661307,0.8506616257088847,0.5156561049531443,0.0303398035429937,0.7391304347826086,0.4395245364957663,0.4045368620037807,0.491266744512204,32.0,0.0,0.0,5.0,0.0,4.0,529.0,24.0,32.0,31.0,57.25643094519601,0.0,0.7766042897334045,3.1430764205862056,0.765534850699885,0.9680775816776818,0.5022142207980085,0.1552189101661754,1.1628879144173871,0.0179479682898242,0.236771936365241,0.0,0.0,1.0,0.0604914933837429,0.054820415879017,0.90625,-0.0044710892485549,0.0250492656848723,0.2755591302051393,0.1924670484065381,0.3746540990184108,single,,0.0,en,kappa_vs_majority,0.15173985618900862,0.1
"SST-5 (5 classes) [size=1070, reduced-classes]",2,364.0,384.0,2.0,0.7442984238811362,126.0,23.417817301301557,0.0,0.990374836448575,0.3383641233961881,0.1420667311399139,28.760668187516007,16.98,48.789621372204394,0.1399999999999999,0.0,0.0160890589743341,0.0032753857537274,2.8073549220576037,0.0,0.0879120879120879,0.990374836448575,0.0262773722627738,0.704931369900594,0.0,0.0,0.0051491872753464,0.0071380603552223,0.990374836448575,0.6240797367410928,1.240704412513849e-16,1.5830953883451174e-16,2.922728674634946e-17,3.3106104051218656e-17,0.8715224169769624,0.2849671913439476,0.1941869189758668,42.85534270456197,0.9844709926165648,0.0440062412873951,0.2007282479666341,0.0,0.0018643996311336,0.0,0.9230769230769232,0.0,0.4203296703296703,0.0,0.5,0.0815892439830631,0.0,0.0,1.1966868044315333,0.0,0.0,0.8024429404921805,0.2026353249035055,11.375,0.6771030649410686,0.2269843948060393,3.774620041631994,0.0336195489500585,0.2550186602389779,0.4330307669862591,0.1175302184254697,0.0,0.1428571428571429,0.0,0.1538461538461538,0.0,0.9877879700212312,0.9917657891558992,0.5010374627253772,0.1670631174488482,1.5380633055888988,0.4241573032725135,-7.625158136161782e-20,1.7203947654899645e-17,-0.0055043465701383,0.029398499303408505,-1.5683130945591488,0.4956200337249533,0.0231097168741844,0.0336195489500585,0.4258241758241758,0.4870733544656024,0.0289011336014347,0.2884615384615384,0.4536704865454275,0.2747252747252747,0.4469901562676742,32.0,0.0,0.0,2.0,0.0,1.0,364.0,23.0,32.0,32.0,120.47941653035382,0.0,0.4969282362699281,3.106376400148047,0.8238411945288177,0.9877879700212312,0.5118864928822393,0.1538810927576983,1.0790079270102892,0.0332373713357007,0.1878324961020591,0.0,0.0,0.9972527472527472,0.0879120879120879,0.0796703296703296,0.90625,-0.00275888109775,0.0152187830582882,0.2849671913439476,0.1941869189758668,0.5030717637300719,single,,0.0,en,kappa_vs_majority,0.0,0.1
SST-5 (5 classes) [size=1415],2,1114.0,384.0,5.0,0.394067182563835,152.0,26.028358049626828,0.1624775583482944,0.9964563736035796,0.3128879555265776,0.1194957684276403,32.20515066076739,17.008,56.81037717759856,0.0890842298052803,0.0,0.0084911873876916,0.0012789544260332,3.321914152823894,0.0,0.0287253141831238,0.9964563736035796,0.0033491287960631,0.3661018250254222,0.2437075961229218,0.0,0.0059331062779894,0.0059687517521926,2.313700049199729,0.6083638424824269,1.438335697943925e-16,1.608888498705869e-16,3.2285770301278836e-17,4.8007277663860375e-17,0.9481450654175156,0.2625894367586777,0.1791533115268907,59.73278059943927,0.97767805073713,0.049866748733152,0.3252044170546841,0.165977345337157,0.0027499766615538,0.001790976790998,0.9302214332857136,0.0668990955787065,0.5718211013733636,0.1132463371102394,0.2,0.0234546934199771,0.0,0.0,0.5783290580261451,0.0,0.0,0.9178763052528256,0.1844211868615079,34.8125,0.6526365981291667,0.2156479562518802,5.596880025814498,0.0389351983136332,0.2383472544475347,0.3238471074586108,0.1381145391133489,0.039106146128006,0.2074394279957065,0.0879361116222604,0.1763245622172429,0.0907459413139028,1.2313940188914865,0.9987107130079388,0.4842485284904199,0.1593528376265495,1.6976042617444018,0.4301549095489113,-7.175588669031532e-18,2.4926320839337602e-17,-0.0040998796118002,0.01874507613029557,-1.6750721194014384,0.4706493668794994,0.0387341762091257,0.0389351983136332,0.8159784560143627,0.5135236793174112,0.029334418304928,0.7127468581687613,0.4526839145778469,0.5682226211849192,0.4955462746539436,32.0,0.0,0.0,5.0,0.0,4.0,1114.0,18.0,32.0,32.0,84.76183819913672,0.0,0.7143023623718189,3.3726763811458405,0.8246049994366269,0.987655880408122,0.4911724843204859,0.1484162495411654,1.0936162760230537,0.0248252880431654,0.1543803500560771,0.0,0.0,0.9982046678635548,0.0287253141831238,0.026032315978456,0.90625,-0.001970006393081,0.0122197809971826,0.2625894367586777,0.1791533115268907,0.3997436836200277,single,,0.0,en,kappa_vs_majority,0.24258397820479372,0.1
Yelp Full (5 classes) [baseline size=2000],16,1200.0,384.0,5.0,0.4316666666666666,143.0,26.462381089747577,0.2,1.0000000000000002,0.3343152080375974,0.0987401748968835,29.48844524175393,17.0,53.987706582875376,0.0,0.0,0.0078141364585945,0.0013489699048969,3.321928094887362,0.0,0.0266666666666666,1.0000000000000002,0.0,0.3613824533506077,0.2632289267394374,0.0,0.0057409240790917,0.0063355773963501,2.321928094887362,0.6018662396769181,1.38663668094094e-16,1.5808972761026695e-16,2.1003378664013136e-17,2.5867283513128253e-17,0.94833055323881,0.1870981298958451,0.1435909714070446,60.5682369911428,0.9771794516177956,0.0525748707947244,0.3148997078574133,0.166410914087509,0.0030541252592796,0.0027400893560346,0.9266666666666664,0.0610226632661895,0.6045833333333334,0.0964743057330119,0.2,0.0,0.0,0.0,0.5948552745546071,0.0,0.0,0.9202317429645688,0.1733530831801542,37.5,0.5501611266449202,0.2304850978223988,5.605520451271607,0.0444749150016624,0.2334721204811083,0.3223003968833848,0.13284815878993,0.0392975393443678,0.205625,0.0937322514063526,0.1885416666666667,0.1076288077716448,1.2943154554677567,0.9987618055555556,0.4069495855268012,0.1681660383536929,1.425014942976497,0.4119404612583137,-4.834096086388703e-18,2.926539111581148e-17,0.0017314606242362,0.019781004257625263,-1.4083754388680954,0.3270821327248387,0.0383357385031185,0.0444749150016624,0.8058333333333333,0.5133603212684404,0.0295842603214938,0.6991666666666667,0.4588115760027392,0.5966666666666667,0.49077109645246,32.0,0.0,0.0,5.0,0.0,4.0,1200.0,12.0,32.0,31.0,85.65355682706173,0.0,0.7302575139760047,2.8333903818445925,0.6566703924403073,1.0370639716618868,0.411851634236569,0.1343134947127369,1.0870261280890487,0.0185317222710837,0.1464670933135927,0.0,0.0,1.0,0.0266666666666666,0.0241666666666666,0.90625,-0.0005761298272718,0.0091198958043912,0.1870981298958451,0.1435909714070446,0.3868825983476062,single,,0.0,en,kappa_vs_majority,0.2895833333333332,0.1
Yelp Full (5 classes) [size=456],8,456.0,384.0,5.0,0.3464912280701754,126.0,25.616396950512797,0.1995614035087719,0.9999940368305732,0.3573381427661157,0.1056250514779939,28.040096655804287,17.0,49.164123401579275,0.0,0.0,0.0133232577107965,0.0031281162040966,2.807291591753077,1.635560630476393e-05,0.0701754385964912,0.9999940368305732,6.02133962757101e-06,0.4281319215393001,0.2150282195072732,0.0,0.0121770240571815,0.0081060873797642,2.321914248836736,0.6180030474657161,1.213271227261906e-16,1.4276501347918931e-16,2.274271440974674e-17,3.324297280665873e-17,0.949248120300752,0.2052628948271845,0.155672621230491,43.53329326649987,0.9727531479816144,0.0479190683992417,0.2470385257964532,0.1201099764307061,0.0005794077138213,0.000295619766358,0.8881552873356151,0.0693536425668742,0.0125953281690986,0.0273081224472385,0.2,0.0009807315690788,0.0,0.0,1.3679514463069702,0.0,0.0,0.9063609274286692,0.2047916849022708,14.25,0.5670321678326288,0.2165079130294005,5.075869323303547,0.0377152318076537,0.3679877701480645,0.5770021759657297,0.1238361588670137,0.0555243107955508,0.1480544046117816,0.0867873699537445,0.1617786584999699,0.0790924038794199,1.4913867614312322,0.9968451831332718,0.4201570159743844,0.1590804051564457,1.3764186378082708,0.5145998082635176,-1.1260485721252953e-18,1.4785890680214334e-17,0.0065573014072655,0.033107490376607394,-1.3895023974768137,0.4679629279856819,0.0533365172862655,0.0377132761247042,0.8223684210526315,0.5130415441236067,0.0310857193890362,0.6842105263157895,0.4653400405976887,0.4276315789473684,0.49527845892962,32.0,0.0,0.0,5.0,0.0,4.0,456.0,18.0,32.0,32.0,51.633575167382965,0.0,0.8718991745171379,2.7659210352850847,0.847687856336255,1.069602856084694,0.4313550019112142,0.1407656745305832,1.2066085150359114,-0.0191036018261134,0.2654149964093726,0.0,0.0,0.9956140350877192,0.0701754385964912,0.0635964912280701,0.90625,0.0031865444319002,0.0156979869418876,0.2052628948271846,0.1556726212304911,0.3283949375468196,single,,0.0,en,kappa_vs_majority,0.18311403508771923,0.1
"Yelp Full (5 classes) [size=626, imbalanced]",2,544.0,384.0,5.0,0.3198652176552729,130.0,27.710880803718243,0.0790441176470588,0.9650195161293296,0.3555390753579419,0.1050953890143953,29.07086005743779,17.0,50.94543521528901,0.0,0.0,0.0127612907152318,0.0026157416462295,3.0,0.0,0.0588235294117647,0.9650195161293296,0.0251524828541502,0.3770715127661549,0.2287558497008532,0.0,0.0100738774053911,0.007544647065969,2.240705926615298,0.6213106113843991,1.380275063644369e-16,1.7953768112031154e-16,2.1671176076751718e-17,2.810456175627601e-17,0.9466336258260212,0.1965906683285845,0.1523617089171594,42.54061252919418,0.9773212656736174,0.0473013008013011,0.2732617739502408,0.1500432225967836,0.0003736960303463,0.0005295501595103,0.8410866936312231,0.1233952295586581,0.1449338645418326,0.1636224241310465,0.1999999999999999,0.0676210787707327,0.0,0.0,0.6543767081141764,0.0,0.0,0.8925368860269008,0.2132394627056525,17.0,0.5601990150317236,0.2339021407940177,5.188033767156439,0.0399139139469109,0.2890960436888325,0.4524101235185586,0.1194538676294521,0.0562177106956887,0.1632065096615511,0.1056515914842468,0.1641352973005133,0.0878120041034208,1.186052756256438,0.9974318771626296,0.4167295117485837,0.1748215730363908,1.3572244952699308,0.3867863807858991,1.4891835722080316e-18,3.387928767136627e-17,0.0067218139392191,0.01905615799627388,-1.357903412982076,0.3516756570667754,0.0526721594588601,0.0399139139469109,0.8363970588235294,0.5156019166272694,0.0303850137070644,0.7352941176470589,0.4415825235693459,0.3841911764705882,0.4868511295212416,32.0,0.0,0.0,5.0,0.0,4.0,544.0,18.0,32.0,31.0,55.95608516569682,0.0,0.7257194192761043,2.715127908252007,0.6885030201396861,0.8941803346370081,0.421913941500104,0.1384869176872304,1.2308329084478788,-0.0230304297519359,0.1533110803576085,0.0,0.0,0.9981617647058824,0.0588235294117647,0.0533088235294117,0.90625,0.0012780947324155,0.0091924735754134,0.1965906683285845,0.1523617089171595,0.4023391563736219,single,,0.0,en,kappa_vs_majority,0.14983152206909114,0.1
Yelp Full (5 classes) [size=663],2,663.0,384.0,5.0,0.3740573152337858,134.0,27.305895939548623,0.1990950226244343,0.999995757328392,0.3501951601424204,0.121319803127999,28.88360478447168,16.992,51.79537518100508,0.0890842298052803,0.0,0.0113277874874497,0.0030340192494692,2.9999884779236794,0.0,0.0482654600301659,0.999995757328392,4.263919565539176e-06,0.415817922983096,0.247179425998107,0.0,0.0097064351436789,0.0097701952016727,2.3219182437089585,0.6032989408407905,1.4322524464443256e-16,1.670013216061677e-16,2.2443056952978936e-17,3.2280662262525444e-17,0.9476015365476892,0.1926730959923814,0.1516601963363751,46.27065538239013,0.972659023526384,0.0649725820232796,0.2633304789975031,0.1348750792641794,0.0007136849974386,0.0004485673523064,0.8590292949354519,0.1251053846967665,0.2327869201305149,0.1588051646383492,0.2,0.0008261275377151,0.0,0.0,0.8065532462840651,0.0,0.0,0.9206229607966177,0.1717075252425692,20.71875,0.561009390505689,0.2358003724274184,5.271725495010276,0.0548160205838119,0.3094954592523244,0.4456439723960139,0.1242652409284423,0.0478935328198777,0.1686144606800018,0.0828862546141649,0.1655941848618115,0.0891513172585856,1.6038084551879703,0.9978069427097908,0.4148828287346269,0.1756551864740464,1.3699538888265148,0.393158838937312,3.2601288854707415e-18,2.716953548882772e-17,0.0090468072215773,0.017848748509576472,-1.3801047913081073,0.368698037826188,0.0501812266223625,0.0548160205838119,0.8159879336349924,0.5141030209056126,0.029971873520155,0.7149321266968326,0.4517876074153102,0.4117647058823529,0.4925245332489961,32.0,0.0,0.0,5.0,0.0,4.0,663.0,16.0,32.0,30.0,58.78308383133021,0.0,0.8749111862061649,2.750058680134622,0.6460452185283471,1.200132009227353,0.4171999613989998,0.1386284454394528,1.1575312191691265,-0.0562297492954762,0.2009309424344437,0.0,0.0,0.9984917043740572,0.0482654600301659,0.0437405731523378,0.90625,0.0048806013807726,0.0101749015015828,0.1926730959923814,0.151660196336375,0.3159993467574777,single,,0.0,en,kappa_vs_majority,0.21757164404223225,0.1
TREC Question Classification [baseline size=2000],281,569.0,384.0,49.0,0.5429685324422167,135.0,3.614742009635432,0.0035149384885764,0.9663815885694734,0.2819641237241999,0.6785541278523829,21.624170608185004,16.688,44.231728154455105,0.4966447422454002,0.0,0.0562390158172231,0.4876384277272049,0.2221719713016569,0.0,1.3152837136011208e-16,1.3682961099658252e-16,5.1321400699456835e-17,6.334961588005343e-17,0.427689300822463,0.2312274983579638,0.0204081632653061,0.0096047498184225,0.0,0.0,3.620241089540104,0.0,0.0,17.78125,0.860127957898939,0.2662692225520347,0.0542895916993067,0.3357608430647441,19.34958790331823,0.6227460355859044,0.1559184489319422,1.9249291480429087,0.312115497048226,-4.3901613451785634e-18,5.3546097154838425e-17,0.01113297760478,0.0805260490066321,-1.8768138294741772,0.4445485700421134,32.0,0.0,0.0,49.0,0.0,32.0,569.0,20.0,32.0,29.0,0.0,9.139491488074327,3.801742977517086,0.6340719040075442,3.186102071194847,0.6362908963328959,0.1534908081857519,0.0,0.0125659985708925,0.2484344677314425,9.331608022694538e-06,0.0,0.0043193045189979,0.037629873781862,0.427689300822463,0.2312274983579638,3.208479073698427e-06,single,,0.0,en,,,,,,,,,,,,,,,,,,,,,,,,,,,,,,,,,,,,,,,,,,,,,,,,kappa_vs_majority,0.5334470435347628,0.1
"TREC Question Classification [size=467, imbalanced]",48,456.0,384.0,50.0,0.4868421052631579,132.0,4.884063360929473,0.0021929824561403,0.8125498268430745,0.2841287847917563,0.7482737256724052,24.397126374266623,16.928,44.552297433799026,0.2584879107424562,0.0,0.0701754385964912,0.4380940368506278,0.216204479067173,0.0,1.217950185935487e-16,1.4673125633828615e-16,4.73035284417991e-17,6.031234859701157e-17,0.4210114110088818,0.234428549235588,0.0199999999999999,0.0307995475913745,0.0,0.0,4.4468866012005765,0.0,0.0,14.25,0.8509325984748801,0.288842848542582,0.1204405577579103,0.4618216531866473,15.552765261978845,0.6254212197940503,0.197092994701841,1.851495068875077,0.3493680330635658,4.488977415904895e-18,1.442204480211191e-17,0.0157729657118729,0.0496726955729081,-1.8908671804323736,0.406425752600226,32.0,0.0,0.0,50.0,0.0,32.0,456.0,19.0,32.0,29.0,0.0,7.590720003800472,3.74236224930745,0.6517100405779889,2.8269643068010204,0.630760949793439,0.1545926100126206,0.0,-0.0488562937447883,0.2172809955152445,0.0,0.0,0.0088250992272927,0.0300707416435933,0.4210114110088819,0.234428549235588,3.352913310011306e-05,single,,0.0,en,,,,,,,,,,,,,,,,,,,,,,,,,,,,,,,,,,,,,,,,,,,,,,,,kappa_vs_majority,0.47636949516648763,0.1
TREC Question Classification [size=564],80,564.0,384.0,50.0,0.5638297872340425,137.0,16.144712014336058,0.00177304964539,0.8176090673627281,0.2741349844911634,0.7422167214120282,23.7219053314632,16.992,48.46465433644981,0.0890842298052803,0.0,0.0567375886524822,0.4353307890349723,0.2194754352692482,0.0,1.5372997452523675e-16,1.6603427918589116e-16,5.589151343156215e-17,6.594692129251086e-17,0.4106260532448033,0.2272051693899434,0.02,0.0300470613490261,0.0,0.0,3.578979535226379,0.0,0.0,17.625,0.841761342950235,0.26843794091878,0.0901012742341323,0.3799770752984035,15.67115751387777,0.6248284580039025,0.1971552315644854,1.99787903706346,0.314616493983696,1.1614035186681602e-17,4.832255334483186e-17,0.0046042882074968,0.0349144082601916,-1.850367431992002,0.3841526144588941,32.0,0.0,0.0,50.0,0.0,32.0,564.0,21.0,32.0,29.0,0.0,7.557666135503378,3.8482464690554625,0.6204396726192231,3.041109352757969,0.6235616612656013,0.1500001130132455,0.0,0.0182899942095016,0.1972515323791094,0.0,0.0,0.0026339655793559,0.0221640660250546,0.4106260532448033,0.2272051693899433,3.284656052546899e-05,single,,0.0,en,,,,,,,,,,,,,,,,,,,,,,,,,,,,,,,,,,,,,,,,,,,,,,,,kappa_vs_majority,0.5549283543204515,0.1
TREC Question Classification [size=831],213,417.0,384.0,50.0,0.5419664268585133,128.0,5.400995283208892,0.0023980815347721,0.9253204204009576,0.2915540318191671,0.7386048822100943,21.481486894347412,16.876,42.93962054438908,0.3295815528818323,0.0,0.0767386091127098,0.501645485435472,0.2315194683002026,0.0,1.4115608197655352e-16,1.6048987878630123e-16,5.849440967876239e-17,7.353040672939242e-17,0.4466925112764163,0.2352081976139694,0.0199999999999999,0.0146680775814404,0.0,0.0,3.043561938453398,0.0,0.0,13.03125,0.8732084265407345,0.2424882135995034,0.1136597499200554,0.5236005822112352,21.986203505717135,0.6432615713824419,0.170606915844989,1.8866665391369424,0.3710437800648833,-2.163204334551414e-18,2.123470503164035e-17,0.0088980265983833,0.0554719141185034,-1.921500494021659,0.4880874492625578,32.0,0.0,0.0,50.0,0.0,32.0,417.0,21.0,32.0,30.0,0.0,9.71438136811156,3.808167033158601,0.7178725040366338,3.611753495377226,0.6507808595892662,0.1546752154174532,0.0,-0.0050910319184263,0.2814344388463841,1.06784328048138e-05,2.596894714565534e-06,0.0055782260792352,0.0356235869480516,0.4466925112764162,0.235208197613969,9.963187684763057e-07,single,,0.0,en,,,,,,,,,,,,,,,,,,,,,,,,,,,,,,,,,,,,,,,,,,,,,,,,kappa_vs_majority,0.5326188029168503,0.1
Amazon Reviews Multi EN [baseline size=2000],2,1200.0,384.0,5.0,0.3875,143.0,20.550307679850366,0.2,1.0000000000000002,0.3283595541278011,0.1670880083873482,25.61093331278085,16.84,51.5003102481578,0.3666060555964672,0.0,0.0082623684332021,0.0016437833294584,3.321928094887362,0.0,0.0266666666666666,1.0000000000000002,0.0,0.3655085373014435,0.2736639563393582,0.0,0.0059200810310245,0.0084510341797798,2.321928094887362,0.6007752873853367,1.3538034752341702e-16,1.535641504587427e-16,3.341848426602604e-17,4.4466022242133437e-17,0.9480789546844592,0.2844981053439301,0.1772716341774311,59.59874829916512,0.9762793167036858,0.0658010859111316,0.3183292354844461,0.1777741419136137,0.0049133561048366,0.0031371052819356,0.910625,0.0923138454665106,0.6002083333333333,0.1262264294706682,0.2,0.0,0.0,0.0,0.6639095240950114,0.0,0.0,0.9268828018456378,0.1598579916628634,37.5,0.6755140935583346,0.1942158797502142,5.6048968464805995,0.057604295040432,0.2109273535720204,0.2973497362479478,0.1328075978431128,0.0445526737497936,0.1935416666666666,0.1005935797505837,0.1829166666666666,0.1045908031860885,1.3830309124337197,0.9987736111111112,0.4998463759061827,0.1446436640221214,1.7024470719019351,0.4106086770837584,-7.592306413191826e-18,2.549831551023529e-17,0.0071027818804769,0.02751710901663628,-1.7436534818911351,0.471791193620753,0.0389593432941256,0.0576042950404319,0.8116666666666666,0.5168871549520437,0.0353898060068453,0.7191666666666666,0.4495936138005047,0.7316666666666667,0.4432767767504039,32.0,0.0,0.0,5.0,0.0,4.0,1200.0,16.0,32.0,32.0,84.26653208213203,0.0,0.7590618463588934,3.4461005537930705,0.8163011644859761,1.1056228705645512,0.5134188433252618,0.1468787401115425,1.0876216132889798,-0.0696530692603923,0.2389770257208382,0.0,0.0,0.9983333333333332,0.0266666666666666,0.0241666666666666,0.90625,0.0055970762825385,0.0209456387586316,0.2844981053439301,0.1772716341774311,0.3682964434498243,single,,0.0,en,kappa_vs_majority,0.234375,0.1
Amazon Reviews Multi EN [size=427],2,427.0,384.0,5.0,0.3186250369348961,125.0,23.48776183697405,0.1990632318501171,0.99997286426567,0.3405004487899542,0.1868561673406755,25.424093037056345,16.9,47.7029637185076,0.3,0.0,0.0141891047215228,0.0036063681626468,2.8073549220576037,0.0,0.0749414519906323,0.99997286426567,2.7519022524180592e-05,0.4362187399294318,0.2154272250891867,0.0,0.0129121301006454,0.0105202033478515,2.321865087663446,0.5981774242271675,1.1116055283885226e-16,1.212719888961857e-16,2.9592943629402936e-17,3.6109392930151955e-17,0.94870864531451,0.2949535611137641,0.1847298962305388,41.2296103951637,0.9718633152554268,0.0544337888327334,0.256657025590464,0.1221281131798792,0.0009239642105601,0.0004212839689038,0.915246238030096,0.0482850557029928,0.0,0.0,0.2,0.0020946772622948,0.0,0.0,0.9725265347313636,0.0,0.0,0.9185697269260336,0.1802356276924127,13.34375,0.6836302434397905,0.2121314618697179,5.07290453486185,0.0445588946700677,0.2429359133256367,0.4109994220287181,0.1333495643945648,0.0504443605861685,0.1640560875512996,0.0801909501558165,0.1617578659370725,0.0950995804183911,1.5018465373025858,0.9964788925513768,0.5094372861651308,0.1595635885115411,1.6578760950154396,0.4471933020550342,-1.1131480852872249e-18,1.2897747716420061e-17,-0.0029784269260012,0.02927658745436634,-1.575171308214771,0.4181189428796882,0.0563154748591998,0.0445588946700677,0.810304449648712,0.5164491707437828,0.0357931914734888,0.7072599531615925,0.4555538705568646,0.4496487119437939,0.4980418164721811,32.0,0.0,0.0,5.0,0.0,4.0,427.0,24.0,32.0,31.0,48.85050608339115,0.0,0.9003738241913666,3.233047403230211,0.8040630175428904,0.9974522163723448,0.522968059568428,0.148829306115116,1.2207550150791098,0.0563498352683023,0.2229155198528406,0.0,0.0,1.0,0.0749414519906323,0.0679156908665105,0.90625,-0.0039442641554159,0.0196281685839587,0.2949535611137641,0.1847298962305388,0.3198929562669538,single,,0.0,en,kappa_vs_majority,0.14828129616862007,0.1
Amazon Reviews Multi EN [size=717],2,717.0,384.0,5.0,0.3375174337517434,136.0,20.774799970874415,0.199442119944212,0.9999963758367688,0.3384991699524959,0.1853810359221031,24.158843130666103,16.916,49.46241077538513,0.2773878151613729,0.0,0.010371087237245,0.0024677624877413,2.99997893294684,0.0,0.0446304044630404,0.9999963758367688,3.648489889984674e-06,0.3907752997337326,0.2454597513541018,0.0,0.0088342991659017,0.0104257952048898,2.3219196798409354,0.6000522695083295,1.472481169597828e-16,1.6012399180229466e-16,3.701465166660669e-17,4.6840092694262e-17,0.9476987447698744,0.290788772277719,0.1900169485070401,50.34831424945949,0.9752633478458356,0.0667887199937077,0.2916818538578064,0.1513414433509596,0.0016302639907402,0.000988067572896,0.8884599986734134,0.1041123823254419,0.2713255240694264,0.1327326065918483,0.2,0.0007639087273433,0.0,0.0,0.9900750457067756,0.0,0.0,0.9185019905341916,0.1790217210849923,22.40625,0.6833076631704076,0.2082896189332986,5.275781484251225,0.0583984457634043,0.1966966708103393,0.3218014093253475,0.132289310229461,0.0490115573334534,0.1858875118783655,0.0909568923507001,0.1705017966450893,0.0839488125495687,1.3478801669620786,0.9980625922748784,0.5063031976175114,0.1579768796536665,1.6235399233081391,0.4343059736303953,7.519554481640052e-18,3.605876599674949e-17,-0.0012385138550453,0.029741405285403765,-1.6868813162071827,0.4527924244814033,0.04611712853655,0.0583984457634043,0.8382147838214784,0.5170379030326965,0.0358865343892344,0.7377963737796374,0.4401398302929375,0.4630404463040446,0.4989802055878726,32.0,0.0,0.0,5.0,0.0,4.0,717.0,18.0,32.0,31.0,64.05129499919352,0.0,0.7915728081324067,3.310421239515322,0.8335784342418501,0.9924455698316434,0.5179467836461756,0.1524675376158253,1.1507849193694857,0.0083125185609496,0.2099352851223336,0.0,0.0,0.99581589958159,0.0446304044630404,0.0404463040446304,0.90625,-0.0007182595843237,0.0196595369648759,0.2907887722777191,0.1900169485070403,0.3636941744869907,single,,0.0,en,kappa_vs_majority,0.17189679218967926,0.1
"Amazon Reviews Multi EN [size=1047, reduced-classes]",2,418.0,384.0,2.0,0.8038369304556355,123.0,19.400709204163416,0.0,1.0,0.3451832884723811,0.3090721477355901,23.610431144583792,16.892,45.7257850871868,0.3103804117530615,0.0,0.0147262472854957,0.0040229994812237,2.8073135375659235,0.0,0.0765550239234449,1.0,0.0,0.8000348822331854,0.0,0.0,0.0057674605354033,0.0154316674804599,1.0,0.608547411227931,1.2615626166984382e-16,1.6619329934784348e-16,3.4025300517388923e-17,4.5624119468460826e-17,0.8678301378036327,0.307896163947934,0.1969331424131648,36.080791475396566,0.9799982558503166,0.0869645543005527,0.1237807396519061,0.0,0.0018984000565019,0.0,0.8014354066985646,0.0,0.430622009569378,0.0,0.5,0.0,0.0,0.0,1.497545143962781,0.0,0.0,0.7902326517162047,0.2340441275363199,13.0625,0.7108035243609496,0.2295313982325783,3.7795979593009097,0.0815544873226586,0.1921380588551555,0.4182868435194234,0.0704705344880295,0.0,0.0717703349282297,0.0,0.0741626794258373,0.0,1.7782084987976383,0.991403585082759,0.5252436326526222,0.162760128779498,1.6088139264684795,0.3729059640535029,-3.17064290824469e-18,1.9078417062406325e-17,0.0113971088141909,0.03787431087822642,-1.649674910081551,0.4902791441745651,0.0277155782650139,0.0815544873226586,0.4425837320574162,0.4832288884076613,0.036937388313126,0.3038277511961722,0.4604602941507716,0.2799043062200957,0.449489975219847,32.0,0.0,0.0,2.0,0.0,1.0,418.0,24.0,32.0,30.0,100.29009435497396,0.0,0.6400558127898669,3.258488836550031,0.7731356787065544,1.7782084987976383,0.5336732678836711,0.1543820383812794,1.084791495090449,-0.0161663525039385,0.1896700837624829,0.0,0.0,0.985645933014354,0.0765550239234449,0.069377990430622,0.90625,0.0029806193584869,0.0181123591435512,0.3078961639479341,0.1969331424131649,0.3599441872101331,single,,0.0,en,kappa_vs_majority,0.0,0.1
CLINC OOS Plus [baseline size=2000],196,755.0,384.0,151.0,0.7377368831552099,133.0,6.671740398469338,0.0066225165562913,1.0000000000000002,0.3407098436702795,0.8373530504046381,12.26522362596067,16.008,41.9862410061075,0.6131362002035111,0.0,0.0423841059602649,0.8194002537582336,0.0961255819078071,0.0,1.4441322665978132e-16,1.639725307123738e-16,5.684576727592526e-17,7.449449643735202e-17,0.4489487912186508,0.3105019755772916,0.0066225165562913,0.0,0.0,0.0,3.0444437112786233,0.0,0.0,23.59375,0.8481857790529281,0.2982936996054505,0.2386168565517059,0.5737759168522621,99.3026480793472,0.6210024383739635,0.2037863594169673,1.999289034582548,0.4996265008649366,-7.3616609497082e-18,2.8685784098017e-17,-0.0069496388553375,0.0744450897662786,-1.9345583172885892,0.5346836204530314,32.0,0.0,0.0,151.0,0.0,32.0,755.0,11.0,32.0,28.0,0.0,21.77178077990039,3.9338473518711377,0.8479173088421635,11.789942862413554,0.6418851528360798,0.1952526681650009,0.0,0.0364545733583469,0.3461717099843752,0.0,0.0,-0.0071117368311161,0.0535893407476611,0.448948791218651,0.3105019755772918,2.6430491077110916e-18,single,,0.0,en,,,,,,,,,,,,,,,,,,,,,,,,,,,,,,,,,,,,,,,,,,,,,,,,kappa_vs_majority,0.7359884623762446,0.1
"CLINC OOS Plus [size=986, imbalanced]",230,751.0,384.0,151.0,0.7496733067729083,133.0,6.829845591884822,0.0013315579227696,0.999368375337941,0.3366447473896345,0.839485890510036,12.178974217005097,15.876,41.971204952222486,0.7672183522309669,0.0,0.0426098535286285,0.8208888251692512,0.0970391988141955,0.0,1.663153211335804e-16,1.842665835140926e-16,6.393309847330586e-17,8.742770978018548e-17,0.4493142786318074,0.3087895883375096,0.0066225165562913,0.000433442587894,0.0,0.0,4.447234191031735,0.0,0.0,23.46875,0.8568482913226023,0.2956045695038539,0.1383595677765984,0.4793593949778502,103.87242706760664,0.6274745867895619,0.2009576216820298,2.0543590398544476,0.6440160425656175,-5.248058238907197e-18,4.866968860331485e-17,-0.0286978444965187,0.0739187083629246,-1.8204727292070473,0.2927939586540744,32.0,0.0,0.0,151.0,0.0,32.0,751.0,12.0,32.0,29.0,0.0,21.855385614509643,3.874831769061495,0.8426321656986796,14.269441289890864,0.6424721006376881,0.1942233593711712,0.0,0.1328084274845399,0.3157170537208902,0.0,0.0,-0.0200327424843616,0.0522280892261591,0.4493142786318074,0.3087895883375095,1.552024268677793e-18,single,,0.0,en,,,,,,,,,,,,,,,,,,,,,,,,,,,,,,,,,,,,,,,,,,,,,,,,kappa_vs_majority,0.7480044621513944,0.1
CLINC OOS Plus [size=998],196,754.0,384.0,151.0,0.7426484538038323,133.0,6.0221640586139005,0.0053050397877984,0.999971778368446,0.3395965040118884,0.8377255262021303,11.816703891155198,15.868,41.67671698744227,0.7915655374004101,0.0,0.0424403183023872,0.8219283646999291,0.0945626217774573,0.0,1.3521328724109995e-16,1.515583771730271e-16,5.3693167642425015e-17,8.232213190354084e-17,0.4446384479434599,0.305515870593591,0.0066225165562913,0.0001079295038158,0.0,0.0,3.920705288150147,0.0,0.0,23.5625,0.8523439168023786,0.305228210161767,0.1177949748390575,0.5051482372288567,102.7762051834626,0.6241350395554306,0.2010201360724975,1.9770980106985223,0.6156445444827988,1.1577093542593228e-17,4.8616387864064545e-17,-0.0145340649345986,0.0636953737555383,-1.9166069834370605,0.2730920139776143,32.0,0.0,0.0,151.0,0.0,32.0,754.0,15.0,32.0,29.0,0.0,21.89532434690581,3.893704994135583,0.8128235435485999,12.068802575151349,0.6389572839089716,0.1937661704436354,0.0,0.028447258989856,0.2360067766643127,0.0,0.0,-0.0096121087027008,0.0379361211949043,0.4446384479434598,0.3055158705935908,1.5463776825551788e-18,single,,0.0,en,,,,,,,,,,,,,,,,,,,,,,,,,,,,,,,,,,,,,,,,,,,,,,,,kappa_vs_majority,0.7409327768291911,0.1
BBC News [baseline size=1225],16,1142.0,384.0,5.0,0.9658516369664318,141.0,0.8779170474977946,0.1838879159369527,0.998784297339912,0.3094422130584507,0.5928812785406189,20.19829241170483,16.584,44.66505236480066,0.5540252701817852,0.0,0.0098839957647056,0.0036888804421704,3.321915113921042,8.766113907807622e-06,0.0280210157618213,0.998784297339912,0.0012025854382976,0.8517514198951208,0.056595991745013,0.0,0.0202052159034015,0.0347169566515785,2.3191053207258747,0.4051651836882404,1.537644964591844e-16,1.815823764167545e-16,2.4331923952209626e-17,3.176365405071742e-17,0.9126476759410048,0.1887887300770623,0.1314120814854046,17.413291400809822,0.909014598132538,0.2013412019118228,0.0340228743038635,0.0140423637392827,0.0003116278933599,0.0002374338865418,0.4381385207398398,0.1963783428750392,0.0127083333333333,0.0401872785979731,0.2,0.0139226668401763,0.0,0.0,1.6844851043304865,0.0,0.0,0.86819421687587,0.2645045613969934,35.6875,0.5739136552894926,0.2013671013212351,5.507840252489165,0.2275482343929519,0.0214125619610414,0.2839115817289633,0.0056529975301519,0.0100356691765335,0.0036487170704655,0.006455666609886,0.0098809853346195,0.0087683673926723,12.39761794759669,0.9898018960805542,0.4241312263307322,0.1462237643037824,1.3145407713596702,0.310022777722245,7.048263510098414e-19,2.658415161429353e-17,0.0036422908586248,0.022103177830792763,-1.3264051670603658,0.2609240604388497,0.1331801821577523,0.2275496455344456,0.2110332749562171,0.4048408950651263,0.1266676915370046,0.0998248686514886,0.299897681899808,0.3423817863397548,0.4747144734726481,32.0,0.0,0.0,5.0,0.0,4.0,1142.0,20.0,32.0,30.0,23.943013743487924,0.0,2.9115312440182226,2.640945938420036,0.5068679719388588,5.460732470827186,0.4172016186319037,0.1233156536665445,1.316840286658368,0.0027844547425426,0.18028832072186,2.648661612564308e-05,4.137836245732319e-07,0.8940455341506129,0.0280210157618213,0.0253940455341506,0.90625,0.0008496161901273,0.0168283005243783,0.1887887300770624,0.1314120814854046,0.004452722451594,single,,0.0,en,kappa_vs_majority,0.9573145462080398,0.1
BBC News [size=308],8,308.0,384.0,5.0,0.925502887239038,115.0,15.274879701628745,0.172077922077922,0.9949088827929362,0.3370266393848483,0.6034693311071582,21.14596417765037,16.692,42.02821096981978,0.4616665463297075,0.0,0.0169550532654452,0.0056113919927418,2.584901798977828,0.0,0.1038961038961039,0.9949088827929362,0.0051236228104424,0.8754215910487223,0.0415758056054863,0.0,0.0384278110247096,0.0535223487504972,2.3101068868099164,0.4339830067921698,1.2828216841040743e-16,1.4339294506057496e-16,2.493133838126282e-17,3.5405450586715093e-17,0.9143787808282924,0.2070645185784068,0.1368076120485677,15.95907752539813,0.904042516109081,0.1920265958736719,0.0242996959378329,0.0078077321431768,4.646730201590346e-05,7.63808059058225e-05,0.2927852842671014,0.1333500227562733,0.0,0.0,0.2,0.0286377624301297,0.0,0.0,1.7636403314944782,0.0,0.0,0.8564093886073751,0.2788713304630113,9.625,0.5846623989483826,0.2106534612645138,4.750256779975301,0.1991082648153957,0.0361956214224798,0.3831262311858422,0.0,0.0,0.0,0.0,0.0054753112288919,0.0081389781207675,14.5181952331467,0.982448557935571,0.4346828091246781,0.1587354509841196,1.2677595322976074,0.3023271835549388,-8.392006425991695e-19,1.552469870249417e-17,-0.0023964576926692,0.027578709825034232,-1.2168697071444892,0.2547926658913516,0.1447519058124436,0.1991082648153957,0.3246753246753247,0.4511960369245877,0.0527799284600661,0.1655844155844155,0.372312059600225,0.3214285714285714,0.4677848952631851,32.0,0.0,0.0,5.0,0.0,4.0,308.0,27.0,32.0,27.0,16.857462977565962,0.0,3.0706374911323406,2.4846292394420963,0.4963803630723272,5.503182959175435,0.43765900475298,0.1265690749041938,1.540435122867151,0.0310046123166216,0.1850576539274156,0.0,0.0,0.9642857142857144,0.1038961038961039,0.0941558441558441,0.90625,0.0005741478897373,0.0149446404249481,0.2070645185784067,0.1368076120485676,0.0025187439857134,single,,0.0,en,kappa_vs_majority,0.9068786090487974,0.1
BBC News [size=322],8,322.0,384.0,5.0,0.8882542979116188,117.0,5.258258469430601,0.170807453416149,0.9950669162522762,0.3336539547585753,0.6147632784711337,20.665685769757538,16.704,39.906986059797035,0.4983813800695206,0.0,0.0180108154499657,0.0084215220060542,2.5849041340410226,1.466812976781073e-05,0.0993788819875776,0.9950669162522762,0.0049549782138297,0.8639067340519498,0.0569641759009426,0.0,0.0394673647333788,0.0625215674152095,2.3104738291390903,0.403079066623442,1.1041188478980016e-16,1.2415719106760256e-16,1.9647433563545905e-17,2.103823701604661e-17,0.91265648884503,0.2074601533981957,0.1397341119660884,16.05353548286342,0.9064038758395084,0.2127960542037166,0.0270891703094932,0.0106312368510509,2.051126031718448e-05,1.2021964107565355e-05,0.2266842748687489,0.173425088387198,0.0,0.0,0.2,0.0281737103851968,0.0,0.0,1.7485532927498648,0.0,0.0,0.8613638907343556,0.2668691848056176,10.0625,0.5918472536132581,0.2053139818382283,4.75145491074064,0.2281620312697903,0.1134741935453491,0.4628876379183818,0.0,0.0,0.0,0.0,0.0068818401659304,0.0108775895969268,13.978383499566284,0.9808456463870991,0.4362692246127443,0.149755532720965,1.2691279238475692,0.2855767093261406,2.9630369931280894e-19,1.7610386594366917e-17,0.0050203283994823,0.03168117288305562,-1.2819234945582445,0.3250691018825142,0.1439230524394728,0.2281627698866682,0.3416149068322981,0.4466260773823907,0.0691716320037268,0.1645962732919254,0.3713929220388906,0.3105590062111801,0.4634426887878474,32.0,0.0,0.0,5.0,0.0,4.0,322.0,22.0,32.0,28.0,16.96032039501184,0.0,2.995074132569446,2.551051418405814,0.5263652907705151,6.091402954232187,0.438189082332193,0.1262888916446835,1.5418380249349672,-0.0094529546471991,0.2523788143424337,3.6393280344715855e-06,4.773530699798597e-06,0.9782608695652174,0.0993788819875776,0.0900621118012422,0.90625,0.0024025369087941,0.0196854552283876,0.2074601533981957,0.1397341119660884,0.0031428149635401,single,,0.0,en,kappa_vs_majority,0.8603178723895235,0.1
BBC News [size=581],8,581.0,384.0,5.0,0.9518277157559246,132.0,1.9763211999367971,0.1721170395869191,0.995043656860027,0.3173827937638744,0.6010568535700637,22.02086277845456,16.708,43.17629599459784,0.4886061808859974,0.0,0.0150064765222904,0.00710280004547,2.9999657680276375,1.2110158795966008e-05,0.0550774526678141,0.995043656860027,0.0050104000049304,0.8601652829027173,0.0554609679957569,0.0,0.0266732984669449,0.0429548462836336,2.310419822502757,0.4173252365220002,1.4624079932551006e-16,1.6357633389429904e-16,2.392131091375665e-17,2.938336100919282e-17,0.911537776722654,0.1965857354852797,0.1312481908171947,16.837235495314452,0.9072260426912784,0.2044484541309483,0.029421497310061,0.0115230438120779,0.0001156979013614,0.0001304793486157,0.3284562505154426,0.195621058902931,0.0,0.0,0.2,0.0282921883042436,0.0,0.0,1.754361189174748,0.0,0.0,0.8612498711228083,0.2679323324753311,18.15625,0.5754912967133312,0.2035301746663679,5.173164737193413,0.2241859708296183,0.0594812618177384,0.3631003840817917,0.0004418378470105,0.0013972139530182,0.0004651162790697,0.0014708268186829,0.0079863347723868,0.0091392182055126,13.331109304919,0.9872289749112012,0.4252537189602123,0.1496824772332478,1.2688421111743162,0.2741198871044388,-5.0041248635750926e-18,2.7736098962655812e-17,0.0079616848217852,0.026470504106980167,-1.3117160212206884,0.2798320743378564,0.1372208533369811,0.2241867124661198,0.2444061962134251,0.4340331779322662,0.09383061250493,0.1290877796901893,0.3355859942292293,0.2943201376936317,0.4561292475150017,32.0,0.0,0.0,5.0,0.0,4.0,581.0,21.0,32.0,30.0,20.862316805889915,0.0,2.9687650125575265,2.5805581323950046,0.4837485990018629,5.698660409739305,0.4265301820221683,0.1230063803618308,1.3807152795751174,-0.0562634110661627,0.1889151082595332,2.1026072329688834e-05,0.0,0.9345955249569708,0.0550774526678141,0.0499139414802065,0.90625,0.0054545523589464,0.0182012674769179,0.1965857354852797,0.1312481908171948,0.0035614098626124,single,,0.0,en,kappa_vs_majority,0.9397846446949056,0.1
Kinopoisk reviews (3 classes) [baseline size=2000],2,915.0,384.0,3.0,0.5278688524590165,126.0,25.61019957558633,0.2688524590163934,0.9783239090478254,0.3778313894011117,0.0207291079512845,27.385095164390137,16.856,48.96282368499412,0.351089732119867,0.0,0.009245342537419,0.0017327640804351,3.1699094757284003,0.0,0.0349726775956284,0.9783239090478254,0.0389671294402618,0.4128553000569548,0.1851398206153057,0.0,0.0035107408919469,0.0019822492310467,1.5506067093997384,0.6151893642106336,1.448097599210545e-16,1.675114650715064e-16,1.0539450339650484e-17,1.439742454232956e-17,0.9141562339323936,0.0900133292339136,0.0670026362259701,74.44979864250577,0.9882757574414324,0.0155275493520317,0.4228939254582138,0.1507482523020095,0.0009533838740932,0.00055958811973,0.9749304318770204,0.006408896070936,0.7107631061281606,0.0608498878328574,0.3333333333333333,0.0907893526817054,0.0,0.0,0.2733934471603949,0.0,0.0,0.8407080730777844,0.2065757341519238,28.59375,0.364548059023096,0.1206967747091563,4.699688637738179,0.0126060998633107,0.5394779489534227,0.4961169241281159,0.1575831311088947,0.0239165236184493,0.2604381658394423,0.0518629053075126,0.2249900334551513,0.0665166350984725,0.5061741468152496,0.9979993430678732,0.2695244447063978,0.0896719482130607,0.9549128234979384,0.222531580147591,5.797578567800082e-18,2.8980792976605524e-17,0.0045030964320182,0.01968188327233494,-1.0533928259800478,0.3593019698762263,0.0208275473899595,0.0126060998633107,0.7158469945355191,0.5058263282446283,0.0374991041631984,0.5759562841530055,0.4944672422584762,0.1180327868852459,0.3228233947830436,32.0,0.0,0.0,3.0,0.0,2.0,915.0,11.0,32.0,32.0,151.19792404632958,0.0,0.3751757507477039,2.008305649477986,0.5272149248372813,0.4198185338588071,0.2849713326696047,0.0953346231141013,1.0622168299336547,-0.1154474380696229,0.2782849127869696,1.197037093785444e-06,0.0,0.9989071038251366,0.0349726775956284,0.0316939890710382,0.90625,0.0052803975700188,0.0163500076365586,0.0900133292339136,0.0670026362259701,0.6483285494414107,single,,0.0,ru,kappa_vs_majority,0.29180327868852474,0.1
Kinopoisk reviews (3 classes) [size=834],2,834.0,384.0,3.0,0.7577937649880097,125.0,22.75390586091604,0.1247002398081534,0.6763525957772061,0.3733298798677592,0.0243428961901916,25.842618909258917,16.796,47.59813119254373,0.4029689814365368,0.0,0.0099999587826865,0.0018752623073727,3.169906311490206,0.0,0.0383693045563549,0.6763525957772061,0.5349108833105818,0.3734506392208597,0.1937389213914596,0.0,0.0034990181032315,0.0021109314297315,1.071993501572286,0.6314917259988123,1.2877413841338838e-16,1.4824950875016232e-16,9.946587157312441e-18,1.3485136999065585e-17,0.8618468970321942,0.091617371228883,0.0696879809934141,51.2471381536413,0.9901104521434267,0.0138169382376565,0.3746210166098715,0.1227098653238626,0.0002789496911638,0.0004514515864584,0.918733553728502,0.0425605871301222,0.3590531599507374,0.1938293775876286,0.3333333333333333,0.3572175685868463,0.0,0.0,0.3196630023422248,0.0,0.0,0.7517165290483977,0.1851396706974391,26.0625,0.3702875857956583,0.1263690860586058,4.220981698603916,0.0136793037325639,0.4119833476978701,0.4328099621197779,0.1303455797712549,0.0536597026607484,0.1613239350909409,0.062754752628853,0.1627928762471397,0.0838781262042522,0.4115864463496107,0.9952512809895968,0.2744406494373325,0.0922036020349744,0.9600348968881596,0.2614995864839934,1.738883484312483e-18,1.2034236351303884e-17,0.0057774590239813,0.021340382394113296,-1.0035742913996972,0.3257098390794448,0.0209181144585752,0.0136793037325639,0.4676258992805755,0.488342840407668,0.0351764856286823,0.3585131894484412,0.4798516131619868,0.2625899280575539,0.4403054785853382,32.0,0.0,0.0,3.0,0.0,2.0,834.0,15.0,32.0,32.0,150.5388166446679,0.0,0.3164655295308636,1.9636091882878568,0.5393821647046914,0.3523634985722346,0.2875191439085661,0.0961188141898217,1.076768787639704,-0.0401706558119657,0.2548200935908676,0.0,0.0,0.9940047961630696,0.0383693045563549,0.0347721822541966,0.90625,0.0038724327378286,0.015402043752928,0.0916173712288829,0.069687980993414,0.6981024764911422,single,,0.0,ru,kappa_vs_majority,0.6366906474820144,0.1
"Kinopoisk reviews (3 classes) [size=853, imbalanced, reduced-classes]",2,747.0,384.0,2.0,0.8728246318607765,123.0,23.546666172638904,0.1485943775100401,0.6063115268645894,0.3756946815839397,0.039468192341991,26.423023475384433,16.748,47.429422412005835,0.434161260363013,0.0,0.0112216684142861,0.0021966777506354,3.1699250014423126,0.0,0.0428380187416332,0.6063115268645894,0.6612614168807894,0.5276085497912861,0.0,0.0,0.0022748042874891,0.001745499141503,0.6063115268645894,0.623661136245615,1.51400886444564e-16,1.925240204560417e-16,1.1686043650552317e-17,1.9533100490550457e-17,0.8226830467535917,0.0913325518968867,0.0687091311710918,43.57155356030571,0.991300913068348,0.0130751544706886,0.2474290245741071,0.0,1.3274527399899605e-05,0.0,0.9170013386880856,0.0,0.3788487282463186,0.0,0.5,0.4969625972194612,0.0,0.0,0.5671215386047066,0.0,0.0,0.7202977650800244,0.1714302814144435,23.34375,0.3643026412775188,0.1204899680585537,3.762321221706108,0.0115046075131047,0.5503738215504028,0.7552155319091826,0.0832810937796171,0.0,0.1030789825970548,0.0,0.0990629183400267,0.0,0.3857532023331624,0.9892367327408698,0.2704911654061159,0.0880211675093464,0.971745968861635,0.3056485328873171,-5.199525920631956e-18,1.885416782523199e-17,0.0041044108903831,0.018939758449268318,-0.9886831555771872,0.2947474627833227,0.0139153066007944,0.0115046075131047,0.2891566265060241,0.4735443621524,0.0333332981166609,0.1887550200803212,0.3915760794065067,0.109772423025435,0.3128153343331925,32.0,0.0,0.0,2.0,0.0,1.0,747.0,14.0,32.0,32.0,226.80130487828012,0.0,0.278370781812864,1.960429124438822,0.5386363694492583,0.3857532023331624,0.2873717773698815,0.095038265804543,1.061375149969554,-0.071916753283017,0.3366092139197643,0.0,0.0,0.9866131191432396,0.0428380187416332,0.038821954484605,0.90625,0.0032553731442369,0.015573100817594,0.0913325518968867,0.0687091311710919,0.721629218187136,single,,0.0,ru,kappa_vs_majority,0.14414414414414448,0.1
Kinopoisk reviews (3 classes) [size=1224],2,712.0,384.0,3.0,0.5828930728409507,123.0,25.982700364415617,0.2148876404494382,0.9003606814977942,0.3757694306030983,0.0215637544722842,26.68437018907768,16.72,48.09676763837332,0.448998886412873,0.0,0.0102570372300342,0.0020423499806468,3.0,0.0,0.0449438202247191,0.9003606814977942,0.186231879818886,0.4098829734180755,0.1922484755311126,0.0,0.0040414166690344,0.0025127115289139,1.4270379172977483,0.6226004426202338,1.307647745509199e-16,1.4352023876119147e-16,9.639021423350192e-18,1.2223722875086437e-17,0.8996468022566728,0.0897063483934514,0.0659313149604394,68.47149471325096,0.988344762990364,0.015384616299348,0.404328128863109,0.1816056677458131,0.0006124420312682,0.0002563472527635,0.9647707720271748,0.0100765585245379,0.608612632420404,0.0579770587315306,0.3333333333333333,0.1979008505918642,0.0,0.0,0.2549056878815495,0.0,0.0,0.7944140188620415,0.2115719875132983,22.25,0.3631780500243198,0.1191673917453375,4.406196574147961,0.0134372383118658,0.5634255611207912,0.6545131543798351,0.1668364273944054,0.0506341606450064,0.2207772030409651,0.0656517677585313,0.201596125720353,0.0886769136304134,0.5054783251195571,0.99695232609519,0.2688341684036218,0.0853883298801414,0.9160639619078236,0.2184148116362043,7.52363215423649e-18,2.8420639486563967e-17,0.002350814148609,0.022475303736759288,-1.0254193747410194,0.339719796198275,0.0208413431497878,0.0134372383118658,0.6544943820224719,0.5013658691764762,0.0300534441208453,0.5056179775280899,0.5003199090363908,0.1432584269662921,0.3505824778401636,32.0,0.0,0.0,3.0,0.0,2.0,712.0,13.0,32.0,32.0,142.94465742629146,0.0,0.3729675801401225,1.9414833366488429,0.5028965746777501,0.4243450659607841,0.2850954208379613,0.0932672851992644,1.0925766750088854,-0.0907149821710447,0.3250965095064104,0.0,0.0,0.9971910112359552,0.0449438202247191,0.0407303370786516,0.90625,0.0031315171414229,0.0168037585679176,0.0897063483934514,0.0659313149604394,0.6493899402551161,single,,0.0,ru,kappa_vs_majority,0.37433960926142607,0.1
SIB-200 Russian topic [baseline size=701],32,701.0,384.0,7.0,0.8345193988970813,138.0,13.17172104922146,0.0827389443651925,0.9622987419364928,0.2887714983483466,0.7613968409520037,19.665562200866916,16.724,46.89032081252209,0.4470167782086037,0.0,0.0109308407801782,0.0025625098815574,2.9999779598067304,0.0,0.0456490727532097,0.9622987419364928,0.0313498677024179,0.7395559428064865,0.1062789024712955,0.0,0.0274699528054746,0.0264141838226413,2.701514109665253,0.4576082635162983,1.4565719064117374e-16,1.43708810420509e-16,3.031292437463024e-17,3.3142347456837097e-17,0.935467699205217,0.2339910746235237,0.1310412257612108,19.424335496976894,0.89568325037439,0.1384041462730572,0.0431177042933876,0.0167183130071535,0.0001008704562885,0.0001664398178949,0.5747081877872325,0.2162141345791282,0.0,0.0,0.1428571428571428,0.0609884294860775,0.0,0.0,1.5615036320747775,0.0,0.0,0.9073163089210224,0.1998869080934533,21.90625,0.6256735935501911,0.1781301042744157,5.562413226332886,0.1335737185469278,0.0679597379938366,0.2678071129347245,0.0037561320338191,0.0096181724970518,0.0040265947018295,0.0093700644118016,0.0154072695020048,0.0108889129860276,8.942432851056937,0.993488006739913,0.4606091890256422,0.1178271827134957,1.4491010689534043,0.3160671736168181,5.147253680501776e-19,4.330050260666698e-17,0.004477636770768,0.05044312130589386,-1.5118044133987305,0.3454349478513386,0.1390788431390974,0.1335737185469278,0.3651925820256776,0.4639652354764873,0.0542536192296548,0.2282453637660485,0.4200012615583642,0.3894436519258202,0.4879723104326003,32.0,0.0,0.0,7.0,0.0,6.0,701.0,21.0,32.0,31.0,20.570340190465565,0.0,3.3381339807948622,2.9609054823521355,0.6028032326517754,2.838683123438182,0.4697273008068373,0.1173792859683863,1.4951858146950954,-0.0287710873378813,0.1783456520186644,0.0,0.0,0.9529243937232524,0.0456490727532097,0.0413694721825962,0.90625,0.0028154278217815,0.0249849931477916,0.2339910746235237,0.1310412257612108,0.0056541180569754,single,,0.0,ru,kappa_vs_majority,0.8069392987132613,0.1
SIB-200 Russian topic [size=366],16,366.0,384.0,7.0,0.7841530054644809,123.0,14.823289374395824,0.081967213114754,0.9624799151840908,0.3054898172019966,0.7815673296787738,20.480778532688586,16.7,43.7510169767711,0.4669047011971501,0.0,0.0175377678642539,0.0044806806840593,2.80730121833764,0.0,0.087431693989071,0.9624799151840908,0.0313011782246626,0.741992397726968,0.1199753681580552,0.0,0.0365206827843362,0.0302612462456441,2.702022727273643,0.464911325385988,1.1887971455303471e-16,1.5692491474928755e-16,2.683561337364037e-17,3.530020766399077e-17,0.9350400479077776,0.2500233811961119,0.1394714790171085,16.48957633637963,0.8945222312637133,0.1360654162276535,0.0352615279558447,0.0182471283264438,1.993879263236307e-05,2.9075497619497463e-05,0.5347153418660668,0.1956306090982113,0.0,0.0,0.1428571428571428,0.0609053571067213,0.0,0.0,1.5919392205273768,0.0,0.0,0.8949546793675255,0.2264762357584474,11.4375,0.6488634750365969,0.1884596833492757,5.345461474426236,0.1365546992166055,0.063792116804577,0.3612801640463979,0.0011945609455474,0.0042765058028711,0.0011118207839519,0.0036796439846567,0.0126647968678972,0.0200392675571612,9.95078874337687,0.989892203410075,0.4737118558511201,0.1268123027331627,1.399286876165403,0.298555449663924,-1.1517426356895198e-18,1.6992603408863618e-17,0.0124143969728753,0.04964095617885338,-1.430240162523997,0.3341223272341869,0.1638624711850471,0.1365546992166055,0.4371584699453552,0.4696584047614392,0.0547143032049933,0.2704918032786885,0.4448219944898687,0.3224043715846995,0.4680366574831079,32.0,0.0,0.0,7.0,0.0,6.0,366.0,27.0,32.0,27.0,16.132057133249265,0.0,3.3752867545309946,2.8295270386894003,0.575919006630439,3.727031397346311,0.4853143474199586,0.1223147305114102,2.6258521659665477,-0.0522800289244836,0.1852991861915042,0.0,0.0,0.96448087431694,0.087431693989071,0.0792349726775956,0.90625,0.005614185694225,0.0259983014259785,0.2500233811961118,0.1394714790171085,0.0045388340503211,single,,0.0,ru,kappa_vs_majority,0.7481785063752275,0.1
SIB-200 Russian topic [size=477],24,477.0,384.0,7.0,0.790356394129979,130.0,13.52137483050117,0.0817610062893081,0.9618201832892892,0.2974196907273589,0.7652293539073072,20.027111984620785,16.728,45.06912170378049,0.4449898875255482,0.0,0.0132545882609962,0.0035948172302977,2.807294266148319,1.0939127670940936e-05,0.0670859538784067,0.9618201832892892,0.0316848493962161,0.7404499026545669,0.1112927027132721,0.0,0.0328654566285626,0.0303458885058133,2.7001706256915328,0.4569012239736235,1.2909595997546614e-16,1.4689274289188116e-16,2.7429089762526105e-17,3.173178864380458e-17,0.9347462255342388,0.2384430973742062,0.1349328524046502,18.641699634631177,0.8952647301581493,0.1343063824233123,0.0392674475353349,0.0164267418029418,5.284145897588662e-05,9.979278346083752e-05,0.5151362723011774,0.222430378947031,0.0,0.0,0.1428571428571428,0.0613296065502517,0.0,0.0,1.6181517523299993,0.0,0.0,0.9026868408894004,0.2075779937732509,14.90625,0.6282083473359614,0.1822928961859205,5.362619160033544,0.1297997756467973,0.1489255339528205,0.4175215119529309,0.0022744764557153,0.0104229605247103,0.0011074197120708,0.0050748346566509,0.0154003128523888,0.0183953685519374,9.228918325262631,0.99171094673646,0.4598924813131189,0.1216103449812404,1.4476217218915757,0.2982401779703581,3.134867162037752e-18,1.3460933762377589e-17,0.0157190828658393,0.051220354303050095,-1.4624844972722992,0.3703570888543729,0.1448457318063077,0.1297985936901155,0.440251572327044,0.4692233583992129,0.0532574196481047,0.2683438155136268,0.4435627143285988,0.4025157232704403,0.4909196076771015,32.0,0.0,0.0,7.0,0.0,6.0,477.0,18.0,32.0,30.0,18.38127020478809,0.0,3.35152667843307,2.9101062191638745,0.5705279581420849,3.0035364862221523,0.4738587904968444,0.1197888208175138,1.7105447247147842,-0.0406616333959115,0.2257373027455577,0.0,0.0,0.9559748427672956,0.0670859538784067,0.060796645702306,0.90625,0.008371864579224,0.0256214182200188,0.2384430973742062,0.1349328524046502,0.0052666504692641,single,,0.0,ru,kappa_vs_majority,0.7554157931516421,0.1
RuSentiment (MonoHime) [baseline size=2000],8,1200.0,384.0,3.0,0.6291666666666668,125.0,13.223867022163011,0.3333333333333333,0.9999999999999998,0.4641803433955205,0.1776074886242555,22.137244463262174,16.256,44.15427787135629,0.4364218143035474,0.0,0.008696337418529,0.0022339602454165,3.321928094887362,0.0,0.0266666666666666,0.9999999999999998,0.0,0.5607319576905931,0.0395469553530782,0.0,0.0049020199209903,0.0065040948785641,1.584962500721156,0.5435663041179322,1.424808168037695e-16,1.9194042664611126e-16,1.4592137142427887e-17,3.314465601651824e-17,0.9110272449263276,0.1462058998963773,0.1860008099828159,46.88241033354096,0.98029984987825,0.0426484816523845,0.2510849568381009,0.0498098259298059,0.0016532721178228,0.0008945492543731,0.8858333333333334,0.0751491572363479,0.6654166666666668,0.1065388231272212,0.3333333333333333,0.0,0.0,0.0,0.9660063179972308,0.0,0.0,0.8717094978151939,0.2135899092447742,37.5,0.4646923226247207,0.2914930065207858,4.873083406740772,0.0474667189969519,0.4388968485090027,0.5424202680667072,0.1304297398996857,0.0146822730694888,0.1829166666666667,0.0351188458428424,0.1416666666666667,0.026526323403995,0.9267085216874263,0.9971708333333332,0.341856556605134,0.2121013780081021,1.1922390119204629,0.3844339970342413,-2.5211314517529593e-18,1.98242454708458e-17,0.0070067177108398,0.03425132253357947,-1.1665288726625076,0.4025386224890394,0.0338071888677453,0.0474667189969519,0.5716666666666667,0.4910690966582042,0.0466595290487719,0.4266666666666667,0.4947991957272153,0.135,0.3418660463710669,32.0,0.0,0.0,3.0,0.0,2.0,1200.0,8.0,32.0,31.0,97.26099732464698,0.0,0.6304046184287486,2.3587678845829707,0.7012065372364125,0.5303690335826322,0.3447310058588755,0.168075047741158,1.118197726744453,-0.0308709533929679,0.2175487708212936,6.956033002202765e-07,0.0,0.9933333333333332,0.0266666666666666,0.0233333333333333,0.875,0.0037350453084122,0.0161267551581896,0.1462058998963774,0.186000809982816,0.467964394616788,single,,0.0,ru,kappa_vs_majority,0.44375000000000014,0.1
RuSentiment (MonoHime) [size=719],8,719.0,384.0,3.0,0.5827289632728964,118.0,22.32833381943077,0.2559109874826147,0.9575566452932088,0.4698924456291949,0.1594656412590804,20.630028548641,16.128,44.271590592017944,0.3572338169882577,0.0,0.0112799751080549,0.0039079081084243,2.9999902051629355,0.0,0.0445062586926286,0.9575566452932088,0.0787049739007139,0.5366253429181376,0.0323157980313191,0.0,0.0062647218218715,0.0058056340100196,1.5176913751060854,0.5601099016318438,1.2640468391310546e-16,1.5778484846178682e-16,1.2971146391536668e-17,2.171927465319992e-17,0.9053157240209048,0.1513582722265098,0.1953175530990732,45.73746053293952,0.9819694379234604,0.0316192622136367,0.2606298028540578,0.0335347442381633,0.000661944835506,0.0003369140319098,0.8552821222187922,0.0806467687074638,0.4486676566051288,0.1539457019003675,0.3333333333333333,0.128124195897136,0.0,0.0,0.6948398517747071,0.0,0.0,0.8154207507051482,0.2223576462072981,22.46875,0.4658913681434393,0.2993001019169591,4.484498903368692,0.0343519974791319,0.5810723089660653,0.6563475978455389,0.1276448571495135,0.0055497153703092,0.1838561081425038,0.0188808327197386,0.1590447865998702,0.0044132964639894,0.8142624734092347,0.9947326780937054,0.3451516193289932,0.218973186334919,1.1148242188377635,0.2941451677194959,-4.3935068842194244e-18,1.7076616689428974e-17,0.0083750317544701,0.035305387544436906,-1.2180835330795468,0.4315336836954658,0.033182676900329,0.0343519974791319,0.6008344923504868,0.492845566960162,0.0431702369806945,0.4659248956884562,0.4991847949733093,0.3769123783031989,0.4849500239590973,32.0,0.0,0.0,3.0,0.0,2.0,719.0,8.0,32.0,31.0,89.408324023225,0.0,0.5769778281264185,2.3329077519173103,0.6584756949078244,0.4556326054487812,0.3504172840973444,0.1717191983400685,1.1279862081746603,-0.0487437299539239,0.2325773427734821,0.0,0.0,0.972183588317107,0.0445062586926286,0.03894297635605,0.875,0.0037950662545826,0.0178807407887965,0.1513582722265099,0.1953175530990732,0.505646571817345,single,,0.0,ru,kappa_vs_majority,0.37409344490934454,0.1
RuSentiment (MonoHime) [size=1110],24,1110.0,384.0,3.0,0.6342342342342342,124.0,20.977860477251415,0.2558558558558558,0.9576338290059986,0.4685508470213159,0.164758013260324,22.384332065881672,16.172,45.88354813578327,0.3878350164696323,0.0,0.0091198398643679,0.0018776832670678,3.321928094887362,0.0,0.0288288288288288,0.9576338290059986,0.0785545821419577,0.5430390551757482,0.0628539697816407,0.0,0.0044359058630418,0.0054464679724283,1.5178137083965235,0.5574571498305938,1.2991832737895697e-16,1.6671238012502128e-16,1.1824208795459862e-17,1.605166068990884e-17,0.9053233576227264,0.1465610912801057,0.191121392687722,49.242494445965185,0.9814458250112894,0.0342686893656927,0.2567613210818791,0.0808199895180883,0.0006253815934355,0.0003924812632675,0.8798343961224436,0.0746003592204796,0.5948383879196423,0.1060733351388196,0.3333333333333333,0.1280040377579199,0.0,0.0,0.7102560001311569,0.0,0.0,0.8099221998696003,0.2346730528545187,34.6875,0.4611243345675745,0.2907701276212446,4.808918553457213,0.0406123185459346,0.4879548732642584,0.5451773137460871,0.1224998571887447,0.0115220457471468,0.182739114805233,0.0438645761844666,0.1503629796049298,0.0416256126724449,0.857879689657653,0.9961407353299244,0.3373541991946794,0.1991931490759055,1.188970978879349,0.3846703754307773,-1.2189948750107296e-18,1.5322335059790878e-17,0.0098546855840811,0.047207823482106816,-1.2057000606934352,0.4089664205183096,0.0308232498266726,0.0406123185459346,0.5756756756756757,0.4903321104955251,0.0453705248659587,0.4288288288288288,0.4951318261106453,0.3333333333333333,0.4716170087534976,32.0,0.0,0.0,3.0,0.0,2.0,1110.0,5.0,32.0,31.0,106.77345392090234,0.0,0.59373345240965,2.394671039572784,0.6840906445264707,0.5270366969760224,0.3439967862525482,0.1706981560170995,1.1066070539225548,-0.0163015674431811,0.2650639464739998,0.0,0.0,0.9783783783783784,0.0288288288288288,0.0243243243243243,0.84375,0.0038999550515499,0.022543381497328,0.1465610912801057,0.1911213926877218,0.4920663919756564,single,,0.0,ru,kappa_vs_majority,0.4513513513513513,0.1
RuSentiment (MonoHime) [size=1113],8,1113.0,384.0,3.0,0.6271338724168913,124.0,9.093586646688363,0.2551662174303684,0.957340389226988,0.4709248675020613,0.1985346847734358,22.203663996593217,16.192,42.87231266082039,0.3938730760029175,0.0,0.0089264749071616,0.0029012143481765,3.32191515436078,4.110305194873431e-06,0.0287511230907457,0.957340389226988,0.0790999736229692,0.5423858618327089,0.0188828674362167,0.0,0.0046659337765842,0.0058105040079434,1.517348617350572,0.5542683420451918,1.1702491058958015e-16,1.5548204158970078e-16,1.0983670637718324e-17,1.6252858122295556e-17,0.9027468052512168,0.1471150685591481,0.1958071473639192,46.48784644333432,0.9816024486030464,0.0380159153789019,0.2603018249066609,0.0624773137025194,0.0014850294615797,0.0015436895118158,0.8011192750215055,0.1106015138714863,0.57672684024476,0.1112667913286852,0.3333333333333333,0.1284501623444081,0.0,0.0,0.7469356882122042,0.0,0.0,0.8210954750416591,0.2197479862827983,34.78125,0.462430846596506,0.3001670313114674,4.806624087719964,0.044874796663474,0.4507853994564315,0.4867970781907178,0.1222353750343362,0.0092224114351698,0.1883626901142227,0.0209475505872855,0.1495331712562254,0.0299397343165124,0.8355039430857076,0.9959048054964242,0.3403719047680778,0.2151374526969964,1.2337354013524449,0.3638810406198089,-4.706976547574087e-19,2.545876149242264e-17,0.006181888685599,0.037893882349518536,-1.1359186294690378,0.4018220787861323,0.0326396839913873,0.0448751035878239,0.564240790655885,0.4896331374159258,0.0538809881159481,0.4177897574123989,0.4934168808910295,0.3297394429469901,0.4703297714577226,32.0,0.0,0.0,3.0,0.0,2.0,1113.0,5.0,32.0,31.0,100.77534669874062,0.0,0.5887214089146344,2.369654030821483,0.6850033905353073,0.4468530312960065,0.3439627064177569,0.1724352337408812,1.110637265176701,0.0333026209091065,0.2302388083909972,1.6188669226635454e-06,0.0,0.97214734950584,0.0287511230907457,0.0242587601078167,0.84375,0.0017421394184677,0.0194315250435169,0.1471150685591481,0.1958071473639192,0.4977170264660455,single,,0.0,ru,kappa_vs_majority,0.440700808625337,0.1
CEDR Russian emotions [baseline size=2000],88,472.0,384.0,16.0,0.4978634201402886,123.0,18.26054389461956,0.0021186440677966,0.7204074860017563,0.3634053079657908,0.4945903485974762,23.499529044681715,15.928,45.17201823482531,0.3013569312293978,0.0,0.0677966101694915,0.3534086682273957,0.2260659328532919,0.0,1.2402193918378752e-16,1.4623707684208662e-16,2.1338430338341738e-17,2.782126641452932e-17,0.1960830067756684,0.1436785182124702,0.0625,0.0771450255987004,0.0,0.0,3.078788765201224,0.0,0.0,14.75,0.5377598832212191,0.1868045440725422,0.4310940351966334,0.5745596641653751,4.705504052696297,0.3998178872050675,0.1401250324643605,1.334750895187911,0.3780523631913638,5.924521701852994e-18,1.2731098521606464e-17,0.0033171262548005,0.0193751880886252,-1.3626878810821914,0.4053588576908443,32.0,0.0,0.0,16.0,0.0,15.0,472.0,17.0,32.0,31.0,0.0,2.5889465856295297,2.6974387762701024,0.7109833645855791,1.7896022735449528,0.422097726124398,0.1359943694328977,0.0,0.0001603742736494,0.2156229154034189,0.0,0.0,0.0005726174172832,0.0133131843520567,0.1960830067756684,0.1436785182124702,0.0341418417095632,single,,0.0,ru,,,,,,,,,,,,,,,,,,,,,,,,,,,,,,,,,,,,,,,,,,,,,,,,kappa_vs_majority,0.4643876481496412,0.1
"CEDR Russian emotions [size=495, imbalanced]",16,495.0,384.0,18.0,0.6181818181818183,126.0,18.070310463871756,0.002020202020202,0.5862122085676285,0.3407039195330351,0.5609226266965774,24.97159493799481,15.824,46.21647635046664,0.3911828217087248,0.0,0.0646464646464646,0.3127775652607065,0.1945974132646969,0.0,1.3870612463639638e-16,1.4284873266274967e-16,2.326211195983482e-17,2.56722021716812e-17,0.1912564501427432,0.1266804247965575,0.0555555555555555,0.1050465057056709,0.0,0.0,3.232299383586853,0.0,0.0,15.46875,0.5379164511745993,0.190557002670679,0.5256214878708971,0.5615793433585663,3.445791523657218,0.3963262499430442,0.1344251134099625,1.393046088230196,0.3449145946416821,-5.5721420743497444e-18,1.384842086173747e-17,0.0070928296716061,0.0211641847534351,-1.356598686590882,0.3687023970661934,32.0,0.0,0.0,18.0,0.0,17.0,495.0,13.0,32.0,32.0,0.0,2.268997142606044,2.749644774821078,0.6392130630983685,1.0979964175642534,0.4200647999793028,0.1236102677062756,0.0,0.0042778557071678,0.2152229057696491,0.0,0.0,0.0022859282257453,0.0125675153285663,0.1912564501427432,0.1266804247965575,0.0640751490843585,single,,0.0,ru,,,,,,,,,,,,,,,,,,,,,,,,,,,,,,,,,,,,,,,,,,,,,,,,kappa_vs_majority,0.5957219251336899,0.1
"CEDR Russian emotions [size=1412, reduced-classes]",2,680.0,384.0,2.0,0.9132262549868102,136.0,9.852078202105606,0.1514705882352941,0.6135082496842975,0.3237582197957365,0.2436070876886947,23.996401172428815,16.168,46.50411984363361,0.3946846842734083,0.0,0.0116273408075892,0.0024216399445888,2.999997659934597,7.391975342491847e-06,0.0470588235294117,0.6135082496842975,0.6540062525834114,0.7379937862875009,0.0,0.0,0.0052683090808499,0.0102394733136854,0.6135082496842975,0.6324753885389032,1.459672214688546e-16,1.5356451448922378e-16,2.7400980879735298e-17,3.3887811116652826e-17,0.828844321233648,0.2121513811152058,0.131205081130676,24.20107362503314,0.9829801616062824,0.0483412566638869,0.0974281246533074,0.0,1.141875892044129e-05,0.0,0.6955882352941176,0.0,0.2352941176470588,0.0,0.5,0.4928950210035639,0.0,0.0,1.409083724389275,0.0,0.0,0.7303597079765533,0.1643352209467777,21.25,0.5860424436634795,0.1683892118522501,3.5881554537180587,0.0438717589766313,0.2767046714257226,0.3865568775277478,0.0498656029247202,0.0,0.0470588235294118,0.0,0.0323529411764705,0.0,1.1960397123110311,0.9859039792387544,0.4332249636504779,0.122416204817444,1.459271824885883,0.3778287884700334,4.530689549021779e-18,4.4912885696655943e-17,-0.0011271108727007,0.024516976677957977,-1.4708081597911198,0.3880205357951207,0.0253504559008364,0.043872416094421,0.2073529411764706,0.4569679838541973,0.0547229745189722,0.1264705882352941,0.3326236344534202,0.0867647058823529,0.2816971560148155,32.0,0.0,0.0,2.0,0.0,1.0,680.0,18.0,32.0,32.0,117.34097468186428,0.0,0.5446348285989615,2.9300799846770023,0.6696502088100927,1.1960397123110311,0.4436266715682014,0.1258642684739291,1.092075986556141,-0.0102510587574311,0.2175760790510403,6.5262365586720835e-06,0.0,0.9485294117647058,0.0470588235294117,0.0426470588235294,0.90625,-0.0003406446969713,0.0190146063648482,0.2121513811152058,0.1312050811306759,0.4553651714010385,single,,0.0,ru,kappa_vs_majority,0.4271247902041839,0.1
"CEDR Russian emotions [size=1484, imbalanced]",56,416.0,384.0,18.0,0.5432002224307512,119.0,7.389336312773932,0.0024038461538461,0.6942415700498404,0.3568637977326783,0.5173320431069918,23.188059950571063,16.06,41.40934906583625,0.3352610922848042,0.0,0.0769230769230769,0.3425222309396738,0.2174219560989174,0.0,1.3554291211059562e-16,1.6768364386277899e-16,2.3544421448747596e-17,3.718039521357127e-17,0.1954807984682134,0.1307451177352376,0.0555555555555555,0.0750663614314421,0.0,0.0,2.897528653622725,0.0,0.0,13.0,0.5392673478382825,0.1781670591022899,0.674486796140475,0.9346058071983676,4.7233181576741705,0.4006277750034454,0.1352903977017212,1.3693494544729432,0.4069829712781728,-1.5679231417482685e-18,1.100580195548854e-17,-0.0050930893540798,0.0226640590689702,-1.411746663634446,0.4309824404956247,32.0,0.0,0.0,18.0,0.0,17.0,416.0,14.0,32.0,32.0,0.0,2.7508220495962257,2.7810961181073894,0.7099943697033091,1.5378321365187606,0.423723559576719,0.1282704543069105,0.0,0.0308506538987478,0.2972744181242553,5.806357961968535e-06,0.0,-0.0046943281218308,0.0157708490968012,0.1954807984682134,0.1307451177352376,0.0298986633609444,single,,0.0,ru,,,,,,,,,,,,,,,,,,,,,,,,,,,,,,,,,,,,,,,,,,,,,,,,kappa_vs_majority,0.5163296472796188,0.1
MNLI [baseline size=2000],4,1200.0,1152.0,3.0,0.5,443.0,31.166835622683355,0.3333333333333333,0.9999999999999998,0.1945223834287607,0.0427377316111136,39.38314397164839,17.64,132.79749489858293,0.48,1.0,0.0076684669123344,0.0013212268075861,3.321928094887362,0.0,0.0266666666666666,0.9999999999999998,0.0,0.4663245003349108,0.2291455618197473,0.0,0.0031854404604143,0.0036581388160144,1.584962500721156,0.6232915358973783,1.4143766840135958e-16,1.6239449439294335e-16,7.51430921596111e-17,1.0174016475881182e-16,0.9198693355574088,0.5825269445734025,0.3213397559475033,75.88805764081961,0.9847679753866522,0.0322681697479148,0.3528751998091792,0.128484120006061,0.0129699795694694,0.0098997089801817,0.97875,0.0081967981553774,0.785,0.052021630116712,0.3333333333333333,0.0,0.0,0.0,0.9607437479057062,0.0,0.0,0.8660933675411104,0.210388733630835,37.5,1.0060600509970512,0.2699100618332145,4.886005063022839,0.0239849366059537,0.0196353636341971,0.2556647805353094,0.1457843327357857,0.0217758892116186,0.2416666666666666,0.0680571144946164,0.2116666666666666,0.0599522379343201,0.7544714836947751,0.9984145833333332,0.7441119631749463,0.1976499495856855,2.34051713133706,0.4349810710963829,3.041548494546001e-18,2.9694414283382504e-17,0.0035546974446882,0.04448320800542346,-2.420183621477217,0.5625025825299241,0.0208855325856781,0.0239849366059537,0.6916666666666667,0.5039529451865284,0.0343580704404081,0.5575,0.4968898264031834,0.11,0.3130202092136334,32.0,0.0,0.0,3.0,0.0,2.0,1200.0,20.0,32.0,31.0,158.05402848885538,0.0,0.4874247677268961,4.760700752814277,0.8766336477413086,0.6524278513292431,0.7415383393299597,0.1835782990257988,1.0517384485275534,-0.0354270047693861,0.1630437718816185,0.0,0.0,0.9983333333333332,0.0266666666666666,0.025,0.9375,0.0072743175857212,0.0298035382259817,0.5825269445734025,0.3213397559475035,0.5491344678014874,pair,,0.0,en,kappa_vs_majority,0.25,0.1
MNLI [size=551],4,551.0,1152.0,3.0,0.4917141838916607,307.0,36.43629568260451,0.3321234119782214,0.9999970000382497,0.2055464525051055,0.050334371248222,37.49244741484437,17.168,99.52418577436222,0.3738662862575336,1.0,0.0131538117268401,0.003093498903099,2.999983307429817,0.0,0.058076225045372,0.9999970000382497,4.936199619831605e-06,0.462919923630915,0.2665275503624121,0.0,0.0051841519948595,0.0049667969766789,1.5849577458942783,0.6295012029829985,1.587664835709794e-16,1.670751579925843e-16,9.06759543499948e-17,1.0611508426908932e-16,0.9208381455205412,0.6273895181384357,0.3256160958697278,59.93681736956232,0.984386667233249,0.033926540344845,0.3250881501032517,0.1230600609892816,0.0026960493273475,0.0014177847370025,0.9446205030999488,0.0336613600528744,0.5453145361923942,0.0692575861020885,0.3333333333333333,0.0010478226301082,0.0,0.0,1.6727674006664164,0.0,0.0,0.8921050386201906,0.1686415044314692,17.21875,1.025661909027295,0.2720998614723185,4.558497244402416,0.0254432369939762,0.1591390489621196,0.3890691123437737,0.1441654866187364,0.0298422728831971,0.2331872211033448,0.0838803616736408,0.2168483197093551,0.0879256904961626,0.8184793113465422,0.9967687853465568,0.756319965714797,0.1989338486485091,2.4557731637680096,0.5060368718552384,-4.861003714896896e-18,2.5204649555968287e-17,0.0010132805851114,0.06047068150268375,-2.3207316369195383,0.4315127524180395,0.026443808921679,0.0254432369939762,0.7368421052631579,0.5068965048668026,0.0324429059254677,0.5916515426497277,0.4919748646502338,0.3103448275862069,0.4630551400167422,32.0,0.0,0.0,3.0,0.0,2.0,551.0,22.0,32.0,31.0,112.44747333166464,0.0,0.4996266464910925,4.7765048006875475,0.771714913129776,0.7370166640823262,0.7718098528429703,0.1808911822396983,1.083637575181337,0.0073533404922438,0.2132826522789616,0.0,0.0,1.0,0.058076225045372,0.0544464609800363,0.9375,-0.0007640324916568,0.0372886123690013,0.6273895181384358,0.3256160958697278,0.532334350466492,pair,,0.0,en,kappa_vs_majority,0.23757127583749107,0.1
"MNLI [size=830, imbalanced]",4,636.0,1152.0,3.0,0.5157232704402516,328.0,33.205825938825136,0.1289308176100629,0.8994331550295959,0.2020671274487111,0.0535926050440912,37.15581322197683,17.636,103.99940979020047,0.481148625686492,1.0,0.0114149954278546,0.002828403585381,2.9999714666241033,0.0,0.050314465408805,0.8994331550295959,0.113050536042384,0.4665520886490631,0.1682853408037944,0.0,0.0046896395963422,0.0035475518830572,1.4255678226272277,0.6411262501099039,1.3236727690323675e-16,1.320355561528954e-16,7.405046862047088e-17,7.798926692747176e-17,0.9078393502698956,0.6249826962463843,0.3257021369015829,59.153123211700375,0.9855105729378064,0.0264168097332828,0.3078061430294888,0.0930667572935451,0.0026082059630627,0.002646790786552,0.9408874095377922,0.0256062169750305,0.4775466012355487,0.241761981954057,0.3333333333333333,0.1770177712138003,0.0,0.0,1.6169082095992455,0.0,0.0,0.8620324492069542,0.1756141194502757,19.875,1.0307856595936875,0.2801881522412091,4.401439668720301,0.0185729484406064,0.0960370118218382,0.3209490278495128,0.1249098506688373,0.0295027134378401,0.1747835443419848,0.0602285410197908,0.1583302327296374,0.0559511618834182,0.6591518834855482,0.9970061508642856,0.7648450325965819,0.2102843989508659,2.3930508233475942,0.5340086258816481,-1.0801108435327285e-18,2.0298874622366212e-17,-0.0026251221363326,0.023366670113925243,-2.3415481588722855,0.4188600150337985,0.0240996205310297,0.0185729484406064,0.6776729559748428,0.5048188906665195,0.0362168921817413,0.5078616352201258,0.5003316881308569,0.3176100628930817,0.4659133225049001,32.0,0.0,0.0,3.0,0.0,2.0,636.0,23.0,32.0,29.0,123.48210388879166,0.0,0.4636616587750557,4.734598982219879,0.8536850905214184,0.5217601492221734,0.7705865228101854,0.179401462531362,1.0964731561610206,0.0134742101493223,0.1545246060503484,0.0,0.0,0.9984276729559748,0.050314465408805,0.0471698113207547,0.9375,-0.0016426658929707,0.0219090797063302,0.6249826962463843,0.3257021369015829,0.5777550168406144,pair,,0.0,en,kappa_vs_majority,0.27358490566037735,0.1
MNLI [size=1037],4,1037.0,1152.0,3.0,0.4966434894306219,417.0,33.52959825152992,0.3326904532304725,0.9999991532839072,0.1963131460847186,0.0401754054016803,39.909050115805314,17.86,127.07466209183382,0.3469870314579494,1.0,0.0091572107916824,0.0014615726618703,3.3219139900896684,0.0,0.0308582449373191,0.9999991532839072,1.3941965175678916e-06,0.4706782312947607,0.2104738406971729,0.0,0.0036147371135598,0.0042069447696708,1.5849611587079009,0.623270848281482,1.4678440781131144e-16,1.692531766596036e-16,7.635765559210063e-17,1.0220702255759987e-16,0.9194867136043606,0.5857666616167334,0.3171997729598412,66.28387465702083,0.984769523810747,0.0355042131554846,0.3606727236335996,0.1268869002758754,0.0030816793330445,0.0014209371083762,0.9787844820134456,0.0044244274759305,0.7483088372663671,0.017856146365375,0.3333333333333333,0.000556750500665,0.0,0.0,1.008394313320349,0.0,0.0,0.8796606842832342,0.1886960503516092,32.40625,0.9910093687584668,0.2819077599827095,4.882963433212005,0.0279554174601723,0.1029984606680865,0.3173082251058328,0.1500463827392071,0.0268011206537604,0.2429836962431928,0.0585600583662806,0.2198211801053456,0.0895317754030977,0.7383747009786084,0.998189458688134,0.73136855828849,0.2029979010451223,2.4282958826288867,0.5186040840326852,3.880962839215229e-18,1.2536395366844432e-17,0.0074447624445297,0.04229804601297592,-2.4692341581268944,0.5296429663085965,0.0239117155855646,0.0279554174601723,0.7097396335583414,0.5037406356380194,0.0339456251060185,0.5766634522661523,0.4943261623392115,0.360655737704918,0.4804224674171576,32.0,0.0,0.0,3.0,0.0,2.0,1037.0,21.0,32.0,31.0,137.9241176862727,0.0,0.4873752324473475,4.897530040755781,0.8841797434827974,0.6228163469569988,0.7441048594262296,0.1819595695468698,1.062250919649421,-0.0266762323534395,0.1741063199811402,0.0,0.0,0.9980713596914176,0.0308582449373191,0.0289296046287367,0.9375,0.0051731292597173,0.0267387975344253,0.5857666616167334,0.3171997729598413,0.5523804930757242,pair,,0.0,en,kappa_vs_majority,0.24496523414593288,0.1
QQP [baseline size=2000],2,1200.0,1152.0,2.0,0.6966666666666667,382.0,12.954905181969266,0.5,1.0,0.2076204712731598,0.0631598397241421,28.593144107546152,17.252,110.20001232237884,0.4432786933747211,1.0,0.0083124058054327,0.0012398376234094,3.321928094887362,0.0,0.0266666666666666,1.0,0.0,0.6652174288763764,0.0,0.0,0.0029432643569648,0.0061312998326418,1.0,0.5890639863016149,1.4989459969943023e-16,1.5763440628716356e-16,9.765272366679048e-17,1.2625585769636068e-16,0.8801973867111481,0.6989972237924968,0.341438880326652,48.73784138096481,0.986171430384972,0.0563334976997845,0.2398208508239382,0.0,0.0089366820116065,0.0,0.9066666666666666,0.0,0.7658333333333334,0.0,0.5,0.0,0.0,0.0,1.681344299221172,0.0,0.0,0.7954860515969842,0.2313631344492867,37.5,1.0924185817882637,0.2776359893890109,4.301410157045524,0.0465888630906102,0.1320166196729447,0.4170330551333032,0.122328143870583,0.0,0.1808333333333333,0.0,0.1374999999999999,0.0,0.7937677509509661,0.99575625,0.8086355800656102,0.2050467829298813,2.7016034820027546,0.5498945950439206,2.7755575615628915e-18,3.288567333507878e-17,-0.005497883141693,0.03366779750340155,-2.6683932272243993,0.5476240163242285,0.020517937841838,0.0465888630906102,0.4591666666666666,0.4654483284374138,0.0783629603632315,0.2925,0.4551003701995819,0.06,0.237585856479995,32.0,0.0,0.0,2.0,0.0,1.0,1200.0,18.0,32.0,31.0,160.90360456759086,0.0,0.4425142276808968,5.369996709227154,0.9623678974522996,0.7937677509509661,0.8159963904652976,0.1849766912328711,1.0404568958689635,0.0114297468522961,0.1944852353964922,0.0,0.0,0.9325,0.0266666666666666,0.025,0.9375,-0.002743006608151,0.0236986821353312,0.6989972237924971,0.341438880326652,0.5574857723191031,pair,,0.0,en,kappa_vs_majority,0.3933333333333333,0.1
QQP [size=783],2,783.0,1152.0,2.0,0.7126436781609194,338.0,15.635831383027623,0.3690932311621966,0.949973306172871,0.2049550213834474,0.0656041963288668,31.867399729768813,17.392,100.7238077781991,0.4963224758158752,1.0,0.0112474247162851,0.0019431605562983,3.1699250014423126,0.0,0.0408684546615581,0.949973306172871,0.1282982809098874,0.6370172875917995,0.0,0.0,0.0033845581912398,0.0058439803138648,0.949973306172871,0.5962602180368357,1.4064005284064364e-16,1.5665350613450862e-16,9.07079576199112e-17,1.232863377409085e-16,0.8666614405215692,0.6941813182717488,0.3320499397490624,46.26119702881209,0.987319030478412,0.0480956362710308,0.2547337574774601,0.0,0.0211535108174188,0.0,0.8492975734355045,0.0,0.6973180076628352,0.0,0.5,0.185130127896861,0.0,0.0,1.622415546632612,0.0,0.0,0.7535682859705043,0.2218044825788388,24.46875,1.0763322814328768,0.2818063837560224,4.099363315717305,0.038674916388798,0.139644496761453,0.4410851294156998,0.1221911987508763,0.0,0.1839080459770115,0.0,0.164750957854406,0.0,0.6829096185894313,0.9928672672320006,0.79864058346522,0.2089471162852906,2.4995668206529587,0.5648736925381447,-4.0233177935809475e-18,1.7953426348371423e-17,-0.0068614511722983,0.029856754554086748,-2.554541871012954,0.4829653153811228,0.0205349918978796,0.038674916388798,0.5031928480204342,0.4831107106780049,0.0680072014575736,0.3652618135376756,0.4818112689479127,0.2490421455938697,0.432734689527787,32.0,0.0,0.0,2.0,0.0,1.0,783.0,19.0,32.0,30.0,153.36699547807578,0.0,0.4057910246908134,5.054108691665912,0.8884101896938157,0.6829096185894313,0.8139375338126627,0.1808567690570753,1.032323835395481,-0.011390875108236,0.2187658143493837,0.0,0.0,0.9744572158365262,0.0408684546615581,0.0383141762452107,0.9375,0.0001418537190943,0.0243897627408598,0.6941813182717487,0.3320499397490623,0.5942089753091866,pair,,0.0,en,kappa_vs_majority,0.22145328719723142,0.1
QQP [size=1314],2,1085.0,1152.0,2.0,0.6940027445758915,377.0,13.180522278840671,0.4470046082949309,0.9918811072593474,0.2078409829752553,0.0617102865641935,29.349685752826105,17.472,109.2505520079167,0.4992153843783262,1.0,0.0093703103219055,0.0014354832665585,3.321912776021522,0.0,0.0294930875576036,0.9918811072593474,0.0222184888067539,0.6614732079551077,0.0,0.0,0.0033109976544409,0.0063231437965447,0.9918811072593474,0.5807163757638765,1.5274384397684047e-16,1.6448563035858255e-16,1.0262340727815238e-16,1.3910611414284276e-16,0.8750131787032156,0.6961290723493325,0.3435736444755036,43.23866603377825,0.9863266623486744,0.0579759306751418,0.2414611947645539,0.0,0.0082882884367306,0.0,0.8617511520737328,0.0,0.7152073732718894,0.0,0.5,0.0749468016925834,0.0,0.0,1.6861078148805877,0.0,0.0,0.7784637049361859,0.2291593738999839,33.90625,1.095905832759836,0.2929445457664226,4.290854204557098,0.0486326619318783,-0.0100579810902854,0.2711844824818162,0.1231797988359192,0.0,0.1732718894009216,0.0,0.1539170506912442,0.0,0.7779257165031065,0.9944768417252436,0.8135182717298017,0.2183804684152838,2.5791775710997076,0.4693150179047503,-3.945896349042175e-18,1.1525283329333157e-17,-0.0080286381149091,0.024458028851105557,-2.5378377613359167,0.4867763117875008,0.022939678723772,0.0486326619318783,0.4820276497695852,0.4701058503151705,0.0745860394352816,0.295852534562212,0.4566355143810338,0.0635944700460829,0.2441416577458303,32.0,0.0,0.0,2.0,0.0,1.0,1085.0,18.0,32.0,31.0,143.81078030875278,0.0,0.4375468048424211,5.117015332435624,0.8390366063757815,0.7779257165031065,0.8141421745204371,0.1854072191696527,1.034630902017451,0.0042062994200332,0.1281759770863128,0.0,0.0,0.9548387096774194,0.0294930875576036,0.0276497695852534,0.9375,-0.0028262079513457,0.0172606001978309,0.6961290723493325,0.3435736444755038,0.5624531951575789,pair,,0.0,en,kappa_vs_majority,0.31544943889658195,0.1
"QQP [size=1432, imbalanced]",2,1037.0,1152.0,2.0,0.7541230348217028,410.0,20.882464817495727,0.1292189006750241,0.5552921192312039,0.191029512102132,0.0822957267196159,35.2929496117089,17.64,120.95385360730114,0.48,1.0,0.0096369430539229,0.0017311625739377,3.3219139900896684,0.0,0.0308582449373191,0.5552921192312039,0.7096062349630714,0.4856783767996999,0.0,0.0,0.0020481671424568,0.0039200063427616,0.5552921192312039,0.6283597399874672,1.6146651260770478e-16,1.581741593667463e-16,9.907632842380151e-17,1.1697673731480078e-16,0.817942684384343,0.648140018256061,0.3221803506430047,40.95083006345734,0.9926286410721628,0.0291009241876811,0.2674410402108803,0.0,0.0010400369221638,0.0,0.7319189971070396,0.0,0.5149469623915139,0.0,0.5,0.5243636593369866,0.0,0.0,1.7007555140247246,0.0,0.0,0.7048641338490225,0.1657661100329804,32.40625,1.0585932488626246,0.2883709460672168,3.8636461370719406,0.0261251015814872,0.0708089230441242,0.3256411458222658,0.0756895964269521,0.0,0.1060752169720347,0.0,0.0954676952748312,0.0,0.308700939285469,0.9830216418736266,0.7830365491807944,0.213290884378982,2.5488756535642803,0.5212034908930852,-1.4587067223257242e-18,1.95411926732619e-17,-0.0068845408029459,0.03431569514428792,-2.5397657362994286,0.6087551458471795,0.0135599722489318,0.0261251015814872,0.2709739633558341,0.4585602985836767,0.0620163604932694,0.1812921890067502,0.3854459740431996,0.1465766634522661,0.3538540522649143,32.0,0.0,0.0,2.0,0.0,1.0,1037.0,17.0,32.0,30.0,243.9794091836252,0.0,0.2358834856907912,5.088641389863709,0.9359756294119008,0.308700939285469,0.7852894838316249,0.180209039448249,1.0229962610016288,0.0277711287083274,0.1928314756969597,0.0,0.0,0.90549662487946,0.0308582449373191,0.0289296046287367,0.9375,-0.0044463102764183,0.0235451367103438,0.6481400182560609,0.3221803506430046,0.7641165143092088,pair,,0.0,en,kappa_vs_majority,-0.9027941260439869,0.1
MRPC [baseline size=2000],2,1200.0,1152.0,2.0,0.6175,374.0,15.45551862919286,0.5,1.0,0.2097286521422661,0.041181006820542,34.54083592622217,16.904,110.22508863885376,0.6802822943455166,1.0,0.0080636218612582,0.0012884495349759,3.321928094887362,0.0,0.0266666666666666,1.0,0.0,0.5071033444868219,0.0,0.0,0.0017958879922357,0.0022107008729118,1.0,0.6412773395036324,1.3795665846818562e-16,1.4674052359801202e-16,6.287371502227658e-17,7.359046644395705e-17,0.8874631637475674,0.5001963889614873,0.2660382088785931,84.319959440155,0.9919639436878211,0.0201320546941806,0.4197471040554167,0.0,0.0123589588316112,0.0,0.9875,0.0,0.8575,0.0,0.5,0.0,0.0,0.0,0.937573461161979,0.0,0.0,0.8151032885367527,0.2070699328068154,37.5,0.9234745601989368,0.2224780311114834,4.310068506639935,0.0148754530091163,0.0349222917867741,0.2669168358964747,0.1566978300347604,0.0,0.2891666666666667,0.0,0.2866666666666666,0.0,0.3461736799333552,0.9977138888888888,0.6811126941397718,0.1541320756419671,2.2077096612744564,0.3977975863699631,1.0523989087592632e-17,7.952818619889796e-17,-0.0130466630088049,0.05467764197931475,-2.1994294187803476,0.3446469902192826,0.0118595882474271,0.0148754530091163,0.5641666666666667,0.4836986899436099,0.0729143016427205,0.3883333333333333,0.4875742638558093,0.0808333333333333,0.2726926351834454,32.0,0.0,0.0,2.0,0.0,1.0,1200.0,20.0,32.0,31.0,279.1048422240138,0.0,0.2571538019897204,4.4071390800548045,0.685709176868758,0.3461736799333552,0.6892769498011566,0.1609445520525861,1.023012259222528,0.0198747417174118,0.1841790646356495,0.0,0.0,0.9516666666666668,0.0266666666666666,0.025,0.9375,-0.0067374949167103,0.0387480849166084,0.5001963889614873,0.2660382088785931,0.7428461980102796,pair,,0.0,en,kappa_vs_majority,0.2350000000000001,0.1
MRPC [size=335],2,335.0,1152.0,2.0,0.6297458172458174,197.0,23.718717628543708,0.3253731343283582,0.9101291154749336,0.2355298693157474,0.0618362182402213,33.311903790498334,17.196,67.80665535476052,0.3969685126052191,1.0,0.015648891849409,0.0044056899435045,2.5849302333451782,0.0,0.0955223880597015,0.9101291154749336,0.2174341217021141,0.5458116748338354,0.0,0.0,0.0047077555325104,0.0045469545115882,0.9101291154749336,0.6558389984519082,1.5504690922303232e-16,1.6251630839441836e-16,8.08528524663486e-17,8.915866018221341e-17,0.874054875323979,0.566846714291127,0.260708953579534,52.5642968241127,0.9906903004879712,0.0184119595597063,0.3423704645945096,0.0,0.0011163284257607,0.0,0.9552238805970148,0.0,0.444776119402985,0.0,0.5,0.2469596817875404,0.0,0.0,1.048930459351063,0.0,0.0,0.7678088094648753,0.191764831806142,10.46875,0.9828554144110344,0.2044340343551197,3.4777447613441232,0.0168303459393205,-0.0161409649090981,0.3038213321414461,0.1477680442999063,0.0,0.235820895522388,0.0,0.1820895522388059,0.0,0.4243195993205574,0.9907150813098684,0.7290457930399749,0.1488106999360808,2.0816504994232825,0.4620661868067681,6.887111113579563e-18,2.3722532735120538e-17,-0.0120390534132173,0.043934414806881976,-2.1436107317527946,0.461741435947554,0.0173145874759886,0.0168303459393205,0.5164179104477612,0.4842971427527294,0.0584893096974557,0.3611940298507463,0.4810651928010689,0.191044776119403,0.3937123114872601,32.0,0.0,0.0,2.0,0.0,1.0,335.0,30.0,32.0,27.0,148.2920485070682,0.0,0.2979103843849164,4.225261231176077,0.8298112028952735,0.4243195993205574,0.7369315013332254,0.1566707717439645,1.0761297791220734,0.0180354216030452,0.1981400975475467,0.0,0.0,0.9761194029850746,0.0955223880597015,0.0895522388059701,0.9375,-0.0070084552366752,0.0385199917234562,0.5668467142911269,0.2607089535795339,0.7020896156150835,pair,,0.0,en,kappa_vs_majority,-0.1379371671802864,0.1
MRPC [size=1189],2,1189.0,1152.0,2.0,0.6593856278994817,354.0,13.265151143344967,0.3254835996635828,0.9102452843169488,0.2094603031325592,0.0471995268598298,34.2364887252049,17.108,104.65240996713746,0.4102877039346901,1.0,0.0080034083577235,0.0012371837743034,3.3219234923213454,0.0,0.0269133725820016,0.9102452843169488,0.2171889837358901,0.5139492990161927,0.0,0.0,0.0018869957896063,0.002052000834933,0.9102452843169488,0.6564715976629871,1.558934062145252e-16,1.6853016709960775e-16,7.387763701104462e-17,8.806744565656792e-17,0.87732667295325,0.5078407291059943,0.2448598506726944,72.67400396440217,0.991745503688774,0.0188291081507762,0.3799090142556486,0.0,0.0046210940317913,0.0,0.9789739276703112,0.0,0.808242220353238,0.0,0.5,0.2468034602122936,0.0,0.0,0.9889739749027804,0.0,0.0,0.7962414907147809,0.1658936699336615,37.15625,0.9434674580786964,0.2120309116107389,4.2196437300650675,0.013871648434169,-0.0019087675600705,0.2259055026329151,0.1418352796034455,0.0,0.2245584524810765,0.0,0.1900756938603869,0.0,0.3589613179578172,0.997253347725612,0.697321795010834,0.1545010131716677,2.1949305970754858,0.3863117288659716,-1.009611980972204e-17,3.130081558941947e-17,-0.0017781642655992,0.041899886906866475,-2.2950575888308906,0.404177018013948,0.012525046573226,0.013871648434169,0.496215306980656,0.4799748524639483,0.0745240108385993,0.3591253153910849,0.4799458884412445,0.2253994953742641,0.418020965956904,32.0,0.0,0.0,2.0,0.0,1.0,1189.0,20.0,32.0,31.0,264.22244631188914,0.0,0.2641438819592358,4.489988185906377,0.7343051041049682,0.3589613179578172,0.6968290789709872,0.1516190942318278,1.0257861075319088,-0.0146269790898797,0.1528105614757878,0.0,0.0,0.9671993271656856,0.0269133725820016,0.0252312867956265,0.9375,-0.0022711904339842,0.0314675483805923,0.5078407291059941,0.2448598506726944,0.7358561180407641,pair,,0.0,en,kappa_vs_majority,-0.04648705020030056,0.1
"MRPC [size=1200, imbalanced]",2,579.0,1152.0,2.0,0.6718480138169257,282.0,16.482421032502423,0.3246977547495682,0.9094171202645897,0.2168518743923357,0.0440338492866703,34.62118278954427,17.284,87.59690095551167,0.5961073728784102,1.0,0.0139558540416169,0.0038748089745175,2.999967760935771,0.0,0.0552677029360967,0.9094171202645897,0.2189347854960818,0.4796416771503349,0.0,0.0,0.0029014307002179,0.0024518305176351,0.9094171202645897,0.6407722516258056,1.5858343150615031e-16,1.792615987354528e-16,7.763423665680899e-17,1.1099742776362092e-16,0.8707950110858119,0.5295657544998648,0.2827746526271609,61.85916550790742,0.992810745673138,0.0128047358030115,0.4240502776898004,0.0,0.0031204091122869,0.0,0.9740932642487048,0.0,0.6718480138169257,0.0,0.5,0.2479148127476151,0.0,0.0,0.88629081879079,0.0,0.0,0.7596585723201785,0.1953807129192719,18.09375,0.942669629809564,0.2419086478221275,3.8946834685188665,0.0122158164862724,0.029948720095837,0.2835063225260988,0.1477125409609562,0.0,0.2521588946459413,0.0,0.2176165803108808,0.0,0.2987959901379259,0.993628464298818,0.6930418410173276,0.1552793076657886,2.1420415810000053,0.3749457244424949,-1.5579554533815895e-19,1.492441484375749e-17,-0.0045487801975693,0.06645071684169448,-2.143813738085147,0.4244566368872741,0.014701412681494,0.0122158164862724,0.5233160621761658,0.4729033875578896,0.0807146294750924,0.3713298791018998,0.4835782070575438,0.2538860103626943,0.4356094971906671,32.0,0.0,0.0,2.0,0.0,1.0,579.0,25.0,32.0,30.0,203.05982921029704,0.0,0.2300561384595861,4.285855319085152,0.70786535688324,0.2987959901379259,0.709864894882491,0.1627428940450297,1.035989048982285,-0.0052365019420846,0.1682848343946576,0.0,0.0,0.9360967184801382,0.0552677029360967,0.0518134715025906,0.9375,-0.0039719131637803,0.0387971751304312,0.5295657544998646,0.2827746526271608,0.7699438615404138,pair,,0.0,en,kappa_vs_majority,-0.010638297872340578,0.1
RTE [baseline size=2000],8,1200.0,1152.0,2.0,0.5416666666666666,439.0,7.687379370278023,0.5,1.0,0.1712400288076435,0.0084405866525342,31.584531293932244,17.628,123.97497766605257,0.4833383907781379,1.0,0.008379044361908,0.0014758888242227,3.321928094887362,0.0,0.0266666666666666,1.0,0.0,0.2707932570099849,0.0,0.0,0.0010130949041269,0.0003649872070564,1.0,0.6391578757408081,1.392758698427515e-16,1.4013646991264471e-16,7.379725682599962e-17,8.217555691379768e-17,0.8867848206839033,0.543573028642,0.1873262265343793,151.38825715488554,0.997708469123685,0.0028858498348974,0.7598790098663648,0.0,0.015262728969538,0.0,0.9916666666666668,0.0,0.8883333333333333,0.0,0.5,0.0,0.0,0.0,0.3936153899079083,0.0,0.0,0.833414284320414,0.1888673253997973,37.5,0.9687770708869494,0.1733967075156779,4.315322562735837,0.0023893860388492,0.0699192076070851,0.2867906536490518,0.1811353383062695,0.0,0.3808333333333333,0.0,0.3908333333333333,0.0,0.0791316304231228,0.9981819444444444,0.7194277751478688,0.1299021456811624,2.4446832779856735,0.5699833917436853,-9.136210306811175e-19,4.0608535400588394e-17,-0.003353072752726,0.02726102786470504,-2.3480729687611404,0.3285878175959,0.0066055321515254,0.0023893860388492,0.6366666666666667,0.4870744940304517,0.0982497627088506,0.4583333333333333,0.4984686028349553,0.1658333333333333,0.3720860279994614,32.0,0.0,0.0,2.0,0.0,1.0,1200.0,19.0,32.0,31.0,501.9009046788469,0.0,0.0733289880420757,4.792756246746814,0.8055604703464426,0.0791316304231228,0.7275818324513897,0.1210607130164635,1.0181464750741802,0.0296244156923146,0.14812731247613,6.956033002202765e-07,0.0,0.9316666666666666,0.0266666666666666,0.025,0.9375,-0.0020151888541077,0.0168913983766828,0.5435730286420001,0.1873262265343792,0.9266710119579242,pair,,0.0,en,kappa_vs_majority,0.08333333333333326,0.1
RTE [size=945],8,945.0,1152.0,2.0,0.5354497354497355,398.0,9.810702801799108,0.4984126984126984,0.9999927301715084,0.1741904861483595,0.0095194217429037,33.66330683698322,17.468,114.73550240969558,0.498974949271003,1.0,0.0094357481677621,0.0020572680588971,3.1699250014423126,0.0,0.0338624338624338,0.9999927301715084,2.015600749816215e-05,0.2727047396506314,0.0,0.0,0.0012622727419807,0.0007633083154084,0.9999927301715084,0.63566763232209,1.6258951139690928e-16,1.854932840450509e-16,8.659011178938141e-17,1.0552217877803387e-16,0.8852232983588916,0.5523413324712685,0.1923340528160059,136.62876175102525,0.9976760039053776,0.003253436119041,0.7571775576134181,0.0,0.013370671988905,0.0,0.982010582010582,0.0,0.8412698412698413,0.0,0.5,0.0022447834323382,0.0,0.0,0.4091157593716629,0.0,0.0,0.8221131361376061,0.2034920779425289,29.53125,0.9818954234836952,0.1752762615990197,4.162598681676196,0.0044404539251654,0.0444533545759917,0.2336843468373443,0.1904442793787586,0.0,0.3873015873015872,0.0,0.3386243386243386,0.0,0.0803427982041588,0.997814170935864,0.726356952339752,0.1272771727873748,2.3818090810419155,0.3718341383567969,2.9370979487438156e-20,1.6878451068734066e-17,0.0073835766918936,0.0305074235565944,-2.3340062086965925,0.4281471246637264,0.0073190499376241,0.0044404539251654,0.6645502645502646,0.4962438226631681,0.0910466595221953,0.4899470899470899,0.5001636356751639,0.3100529100529101,0.4627598873057772,32.0,0.0,0.0,2.0,0.0,1.0,945.0,23.0,32.0,32.0,432.10607639757416,0.0,0.0743678750279187,4.715815289738507,0.6793786894189137,0.0803427982041588,0.733299590533048,0.1228186935244503,1.018235058902657,0.0094460183582361,0.1644793227168459,0.0,0.0,0.9597883597883596,0.0338624338624338,0.0317460317460317,0.9375,0.0021143218879928,0.0219480558644029,0.5523413324712685,0.1923340528160059,0.9256321249720814,pair,,0.0,en,kappa_vs_majority,0.06794055201698526,0.1
"RTE [size=1140, imbalanced]",2,784.0,1152.0,2.0,0.6097364803603287,373.0,11.571402508230976,0.2755102040816326,0.8492607824494318,0.17528328720666,0.0141540271616964,36.07274406923971,17.676,109.58003664436768,0.5010229535660018,1.0,0.0107912966628095,0.0022365243166214,3.1698991157074,8.884070071911769e-06,0.0408163265306122,0.8492607824494318,0.335528596187175,0.2809446841671171,0.0,0.0,0.0015043002204674,0.0006510071848905,0.8492607824494318,0.6360107984285972,1.5518709289571015e-16,1.5960143773668148e-16,8.411617264982862e-17,9.769579915854583e-17,0.8598470039356738,0.5563119604413349,0.1922689873840939,97.45139197368184,0.9975334401386948,0.0038893537702069,0.700168665575475,0.0,0.0060801396008217,0.0,0.971938775510204,0.0,0.7844387755102041,0.0,0.5,0.3174765140021234,0.0,0.0,0.4841805584259239,0.0,0.0,0.7414934465319226,0.1961385399086284,24.5,0.966832677996924,0.1713217214825556,4.010445186491361,0.0036921152710647,0.2359463919657937,0.3485178054951103,0.2160000000000256,0.0,0.2755102040816326,0.0,0.2755102040816326,0.0,0.0856937131009966,0.9956707491670136,0.7178280888761877,0.1295933870191322,2.452083745470909,0.4857972142496788,3.982783490763077e-18,1.610349876232427e-17,0.0112236745350403,0.03334982698274005,-2.3722922164971947,0.4750010262080322,0.0087147116654709,0.0036901069505049,0.5293367346938775,0.4806810107153721,0.087483263399402,0.3813775510204081,0.4860350073912694,0.2091836734693877,0.4069854248993271,32.0,0.0,0.0,2.0,0.0,1.0,784.0,18.0,32.0,30.0,362.7411353799597,0.0,0.0789299155617611,4.824375961968103,0.793572800889753,0.0856937131009966,0.7359850917216275,0.1229231292122074,1.025729075854436,-0.0224960066834166,0.1830370679296957,0.0,0.0,0.9387755102040816,0.0408163265306122,0.0382653061224489,0.9375,0.0049272262673856,0.0208921617426243,0.5563119604413347,0.1922689873840938,0.9210700844382388,pair,,0.0,en,kappa_vs_majority,-0.41651203424769606,0.1
QNLI [baseline size=2000],16,1200.0,1152.0,2.0,0.5808333333333334,447.0,26.753490070014763,0.5,1.0,0.188095445847534,0.0078403701217439,37.157193999951886,17.916,132.2066710174917,0.2773878151613729,1.0,0.0079876305249267,0.0013314779095808,3.321928094887362,0.0,0.0266666666666666,1.0,0.0,0.4262116118960672,0.0,0.0,0.0013956179927715,0.0012550463648887,1.0,0.6426737581328101,1.5551196894397986e-16,1.75404734828398e-16,7.585724678762763e-17,9.781972082924084e-17,0.8880525437864888,0.5567745580131648,0.2915180257707206,109.504408770219,0.9943232394339048,0.011070727686055,0.5300984200110738,0.0,0.0190048339340984,0.0,0.9883333333333332,0.0,0.8925,0.0,0.5,0.0,0.0,0.0,0.6123486562285057,0.0,0.0,0.8288298572945215,0.1907331993780246,37.5,0.9855437892093148,0.2977614056668339,4.312796042477506,0.0083314944647406,0.0147685071151088,0.3773233656597378,0.1748183185204269,0.0,0.3058333333333333,0.0,0.2691666666666666,0.0,0.2219805035168481,0.9982326388888888,0.7298317604941162,0.22030801013199,2.310041229797661,0.4274789882865702,-1.3646491344350882e-18,4.160465618440477e-17,0.0024214386343482,0.024773437273099563,-2.347093659515264,0.3482804474402466,0.0091320524098565,0.0083314944647406,0.6533333333333333,0.4992301970186017,0.0397882455248254,0.4741666666666667,0.4995403781277736,0.0908333333333333,0.2874917653629668,32.0,0.0,0.0,2.0,0.0,1.0,1200.0,20.0,32.0,30.0,362.76577200782054,0.0,0.1816563381150438,4.657134889312925,0.6575655491604776,0.2219805035168481,0.7269332138513489,0.171046601800574,1.0143596819746905,-0.013339445231322,0.1482815561856964,0.0,0.0,0.995,0.0266666666666666,0.025,0.9375,-0.000285677259368,0.018473361964817,0.5567745580131649,0.2915180257707208,0.8183436618849561,pair,,0.0,en,kappa_vs_majority,0.16166666666666685,0.1
"QNLI [size=577, imbalanced]",2,349.0,1152.0,2.0,0.7448914431673054,235.0,25.875217629816323,0.1747851002865329,0.6685348651588728,0.2089256282654564,0.0329683581161277,36.514789038846,17.816,78.80150166716558,0.3874841932259947,1.0,0.0172295092742578,0.0042866130755369,2.807319216771078,0.0,0.0916905444126074,0.6685348651588728,0.5945768187849766,0.4721715717338984,0.0,0.0,0.0032341173205992,0.0016422660519223,0.6685348651588728,0.6572828344968393,1.546265323911665e-16,1.599962345404683e-16,9.277191103449475e-17,1.15912336491469e-16,0.8432631821625004,0.6417557147860571,0.3187947245802112,47.19747566407911,0.9930329377139482,0.0095410758264301,0.3357623486748846,0.0,0.0001929921935475,0.0,0.8968481375358166,0.0,0.3553008595988539,0.0,0.5,0.4599233218605911,0.0,0.0,0.9991617280153984,0.0,0.0,0.6840679270188014,0.1942423933926957,10.90625,1.060256440942469,0.313431302951574,3.461689450119617,0.0072275378861746,0.0863261596431582,0.4948549699872865,0.1130351338728924,0.0,0.1203438395415472,0.0,0.1232091690544412,0.0,0.2869118377736476,0.984392574773606,0.7868843212708498,0.2289932077420648,2.282931216690869,0.4176165155387801,-8.330649128186614e-18,2.3164714812633824e-17,-0.0036888166774133,0.03484604409975558,-2.378324919991532,0.5048150056676419,0.0141646318103338,0.0072275378861746,0.3638968481375358,0.4748179261876614,0.0468517733011227,0.2406876790830945,0.428114802779877,0.0888252148997134,0.2848997521720038,32.0,0.0,0.0,2.0,0.0,1.0,349.0,26.0,32.0,29.0,197.19217713255273,0.0,0.2229459931536599,4.6612561366824,0.7746140606708692,0.2869118377736476,0.782118772180882,0.1761112287481291,1.0826497969560944,0.0109961185435647,0.1810239294915475,0.0,0.0,0.9742120343839542,0.0916905444126074,0.0859598853868194,0.9375,-0.0012749358054139,0.0174771740517907,0.6417557147860571,0.3187947245802114,0.7770540068463401,pair,,0.0,en,kappa_vs_majority,-0.4595555136821382,0.1
QNLI [size=631],16,631.0,1152.0,2.0,0.6196043030166253,336.0,24.819562976185576,0.4992076069730586,0.9999981883011588,0.1983471558017739,0.010859017257966,37.67122302915894,17.92,104.10269650133613,0.2712931993250107,1.0,0.0115954639180413,0.0026005881796004,2.999987277687473,0.0,0.0507131537242472,0.9999981883011588,5.023081057431433e-06,0.4309244086113941,0.0,0.0,0.0022445815133203,0.0016386305542276,0.9999981883011588,0.649788031604382,1.5421662675080468e-16,1.681329829618189e-16,8.151436496152678e-17,1.0335720508301001e-16,0.8882750987346867,0.5892881800428909,0.3026421880452959,87.53383803664715,0.9941970048144664,0.0107815116201122,0.5237575492841297,0.0,0.014084039538233,0.0,0.9889064976228208,0.0,0.7908082408874801,0.0,0.5,0.0011206129654303,0.0,0.0,0.6463417034819249,0.0,0.0,0.8298432512495385,0.1922739231888761,19.71875,1.0280032694310377,0.3121745923814806,3.988561333210603,0.0083936627537839,-0.0476677180673967,0.3088031367887657,0.1762891662351262,0.0,0.312202852614897,0.0,0.3137876386687797,0.0,0.2280423660011578,0.9965441115528644,0.7598046450747357,0.2281488331619068,2.29224764531508,0.3751613473669982,-2.4742490148639085e-18,2.0461698160346604e-17,-0.0047429317559006,0.027054909200868532,-2.204791411803812,0.3737275138854823,0.0114241327780291,0.0083936627537839,0.6386687797147385,0.4941589322681239,0.0407185629803047,0.4643423137876387,0.499122566714356,0.2757527733755943,0.4472473436489326,32.0,0.0,0.0,2.0,0.0,1.0,631.0,23.0,32.0,28.0,261.60087623080045,0.0,0.1856958459370797,4.497039057118893,0.6860559228106987,0.2280423660011578,0.7484682867181325,0.1732673602756503,1.0261917883038174,0.0132734222712666,0.1286024079518855,0.0,0.0,0.9889064976228208,0.0507131537242472,0.0475435816164817,0.9375,-0.0009989658938769,0.0165391071621842,0.5892881800428909,0.3026421880452957,0.8143041540629203,pair,,0.0,en,kappa_vs_majority,0.2380010006460018,0.1
QNLI [size=735],16,735.0,1152.0,2.0,0.5727891156462586,364.0,24.153100181080045,0.4993197278911565,0.99999866472721,0.1928944070531884,0.0103226604343674,36.913730494592485,17.764,110.70770766891812,0.4246221850068599,1.0,0.0120517800056435,0.0023441548236733,3.16990093363793,0.0,0.0435374149659863,0.99999866472721,3.7021542834692056e-06,0.4720172679790037,0.0,0.0,0.0020257416343656,0.0015484530949278,0.99999866472721,0.6381318418764125,1.3630482296870011e-16,1.406074485929687e-16,7.011263946256461e-17,7.472531034482553e-17,0.8865002131642847,0.5807372254563926,0.2931825193450277,84.70043365460732,0.9930374905853012,0.0122302349905118,0.4665127193835157,0.0,0.0062841417442659,0.0,0.979591836734694,0.0,0.7646258503401361,0.0,0.5,0.0009620500424307,0.0,0.0,0.6881878388781438,0.0,0.0,0.833761114949635,0.1878471792927694,22.96875,1.005556492902949,0.288714614918976,4.158093299134075,0.0091173766875377,0.0507658302084531,0.3671500252927236,0.1656472701082023,0.0,0.2952380952380952,0.0,0.2707482993197279,0.0,0.2866705965462136,0.9969790365125644,0.7470231088179555,0.2139463722307009,2.258307382877083,0.3772300550250435,-7.344842798965744e-18,2.084174624268552e-17,0.0077117695811943,0.03595010154307492,-2.3256362270452033,0.4665295132547411,0.0118062992310643,0.0091173766875377,0.6353741496598639,0.4996451993752646,0.0428938205872622,0.4680272108843537,0.4993164802882454,0.2884353741496598,0.4533431682233202,32.0,0.0,0.0,2.0,0.0,1.0,735.0,21.0,32.0,29.0,267.49234223179616,0.0,0.2228003012703626,4.5839436099222866,0.7713221421336743,0.2866705965462136,0.7432779431596936,0.1708426921599282,1.0255420319579356,-0.0431827393807707,0.1229365957851445,0.0,0.0,0.9931972789115646,0.0435374149659863,0.0408163265306122,0.9375,0.0050124932944298,0.0190519992032916,0.5807372254563927,0.2931825193450277,0.7771996987296373,pair,,0.0,en,kappa_vs_majority,0.14441416893732992,0.1
PAWS [baseline size=2000],2,1200.0,1152.0,2.0,0.5308333333333333,174.0,3.634115889283726,0.5,1.0,0.2115046100705115,0.0736256816161486,30.110923991440007,16.66,56.101259970180934,0.544426303552648,1.0,0.0096309139456582,0.0020367011655929,3.321928094887362,0.0,0.0266666666666666,1.0,0.0,0.1975843267903765,0.0,0.0,0.0008574236320462,0.0003898480523911,1.0,0.6481274958352238,1.6205685362192995e-16,1.6686378596614292e-16,7.620774783163166e-17,8.584726357289441e-17,0.8880483736447039,0.4974477401077626,0.181502620573321,179.02833015991382,0.9987800135564624,0.0020106292325382,0.8604138213582783,0.0,0.0270623564417515,0.0,0.9908333333333332,0.0,0.8833333333333333,0.0,0.5,0.0,0.0,0.0,0.2852222396840028,0.0,0.0,0.8214626446447855,0.2009377783112329,37.5,0.9261555073225792,0.1677971673356612,4.31634238675331,0.0025471097860017,0.150650810684515,0.2287518583871745,0.1792825170281675,0.0,0.41,0.0,0.3833333333333333,0.0,0.0406255708557668,0.9982715277777776,0.6856666699311115,0.126884700879263,2.4078771334281877,0.4445519203160437,-1.2952601953960154e-18,3.77098777510421e-17,-0.0087643813433829,0.031585581363207896,-2.2093472032999406,0.3357991664164561,0.0055857081340521,0.0025471097860017,0.6258333333333334,0.5083298185845961,0.1657782234224046,0.4725,0.4994513253113822,0.1275,0.3336712910066358,32.0,0.0,0.0,2.0,0.0,1.0,1200.0,15.0,32.0,32.0,593.7192397389881,0.0,0.0390395661932063,4.617224336728128,0.6108644140597772,0.0406255708557668,0.6956115176390018,0.1183645833504204,1.0149963769695691,0.0561289329064549,0.1358363182807592,0.0,0.0,0.9258333333333332,0.0266666666666666,0.025,0.9375,-0.0052727649069614,0.0163405391837674,0.4974477401077626,0.1815026205733209,0.9609604338067936,pair,,0.0,en,kappa_vs_majority,0.061666666666666536,0.1
"PAWS [size=488, imbalanced]",2,323.0,1152.0,2.0,0.5262778354678667,135.0,8.723122277087223,0.3312693498452012,0.9162180079068292,0.2430218218700726,0.2067211042984758,30.124697610075685,16.76,47.65195497179072,0.4270831300812524,1.0,0.015589475921095,0.0040885954581585,2.584927786037621,0.0,0.0990712074303405,0.9162180079068292,0.2044746579468203,0.3838126548580333,0.0,0.0,0.0036256644572284,0.0027344974597008,0.9162180079068292,0.657846451861299,1.667181460421549e-16,1.6453916043432991e-16,9.111817501103723e-17,1.0128045360305768e-16,0.8745841586062343,0.562328631222557,0.2025092825568833,69.69064273177376,0.9953964951865883,0.0047383071839377,0.5633195843854746,0.0,0.0027849389951578,0.0,0.953560371517028,0.0,0.479876160990712,0.0,0.5,0.2386211738369463,0.0,0.0,0.5772828851534988,0.0,0.0,0.7333811013452832,0.2207898173638885,10.09375,0.9975456151525284,0.1921686008653979,3.4879988638546653,0.0101424605675697,0.0960094165646087,0.6487299453176111,0.1771330335261562,0.0,0.2786377708978328,0.0,0.2507739938080495,0.0,0.1727621130349869,0.9918526967573732,0.7427756567650541,0.1478854489084343,2.135358057854117,0.5251283016355702,-1.6326809185664068e-18,2.6606715864780628e-17,0.0075459931318774,0.028036386148189416,-2.153451407701202,0.4083574318608546,0.0131469300897852,0.0101424605675697,0.5913312693498453,0.4951559294094921,0.0860121529509546,0.4520123839009288,0.4984640755649011,0.1826625386996904,0.3869891351642186,32.0,0.0,0.0,2.0,0.0,1.0,323.0,25.0,32.0,28.0,195.6183564059591,0.0,0.1473121540291717,4.288809465555319,0.7030240414640003,0.1727621130349869,0.7392136448645372,0.1280798882498061,1.0667292896291916,-0.0078563252434671,0.2143975773252985,0.0,0.0,0.9721362229102168,0.0990712074303405,0.0928792569659442,0.9375,-0.000206553111647,0.0197980580633538,0.562328631222557,0.2025092825568831,0.8526878459708283,pair,,0.0,en,kappa_vs_majority,-0.43002111349419714,0.1
PAWS [size=1049],2,1049.0,1152.0,2.0,0.5519416018556419,174.0,4.034895002820514,0.44232602478551,0.9903809661953876,0.2151567047863078,0.0848328356420542,31.198809015774092,16.812,56.511426004648655,0.4654632101466237,1.0,0.0101915246241932,0.002060871506635,3.321922180040414,0.0,0.0305052430886558,0.9903809661953876,0.0262608942084693,0.2277548963537149,0.0,0.0,0.0009351021141462,0.0004073013921784,0.9903809661953876,0.6512837485139967,1.5672381355990443e-16,1.5106370593677204e-16,7.464409246561468e-17,8.029924278632427e-17,0.8877356842940205,0.4957412062334032,0.182112631681746,162.46821379117367,0.9983789908495908,0.0019731411997277,0.8187546338424034,0.0,0.0080069543899969,0.0,0.988560533841754,0.0,0.8741658722592945,0.0,0.5,0.0815633179443015,0.0,0.0,0.3143980666333754,0.0,0.0,0.8024971803073148,0.2007358638698932,32.78125,0.9175380653073032,0.1762389237460718,4.306207301743608,0.002657590115142,0.1284054666012958,0.2881726257406932,0.1862158573265708,0.0,0.4013346043851287,0.0,0.3689227836034319,0.0,0.0547102383148324,0.9978962214683555,0.6797042557088768,0.1273616734462828,2.3264086477868933,0.501238460696598,-4.206993825438511e-18,1.1239276730091762e-17,0.0013839927789227,0.04225268745901676,-2.2706462083752768,0.3407558376539556,0.0060958444921931,0.002657590115142,0.6081982840800763,0.4935453180928878,0.1575573838505742,0.4528122020972354,0.4980057596502875,0.3069590085795996,0.4614522371938724,32.0,0.0,0.0,2.0,0.0,1.0,1049.0,19.0,32.0,31.0,543.9486423570579,0.0,0.0518722928130914,4.5970548561621705,0.7155297993398441,0.0547102383148324,0.694025844916069,0.1205121664721397,1.0189134430850102,0.0111529199812668,0.2008441876629247,0.0,0.0,0.9370829361296472,0.0305052430886558,0.0285986653956148,0.9375,-0.0016960820435034,0.0246786131164098,0.4957412062334031,0.1821126316817459,0.9481277071869084,pair,,0.0,en,kappa_vs_majority,-0.012959611322051055,0.1
XNLI English [baseline size=2000],4,1200.0,1152.0,3.0,0.4949999999999999,440.0,32.04114078149063,0.3333333333333333,0.9999999999999998,0.2023577674430219,0.0419518433267296,39.13639618578899,17.628,132.2013842418199,0.4833383907781379,1.0,0.0082025106421225,0.0013312467108982,3.321928094887362,0.0,0.0266666666666666,0.9999999999999998,0.0,0.4672847552793246,0.2095316365429657,0.0,0.0031767599068842,0.003616886258791,1.584962500721156,0.6240153698670476,1.4413017566531888e-16,1.768635599751602e-16,7.494022392884887e-17,1.018447216624042e-16,0.9201209341117598,0.591385910616396,0.340625314045279,76.1081424570812,0.984980825173834,0.0300034053605238,0.3668699181580979,0.1210978732885488,0.0051333991520359,0.0039524510657179,0.9695833333333334,0.0187222016155508,0.7800000000000001,0.0465530611238401,0.3333333333333333,0.0,0.0,0.0,0.964260854419452,0.0,0.0,0.8678789745271013,0.2033092579092777,37.5,1.003614927923182,0.2928132388759594,4.88606545851343,0.0235627385590464,0.0989224935802615,0.2585563908396593,0.1481549437784421,0.0246569076068779,0.2504166666666667,0.0626789105946596,0.2241666666666666,0.0686059096094012,0.7231066928271292,0.9983694444444444,0.7432115886886344,0.2144823833461021,2.514417165579091,0.524092936897815,1.5809113277735302e-17,4.7709294722135795e-17,0.0019343360686501,0.030841899226244338,-2.5077345967159217,0.5576970468134368,0.0208251370950873,0.0235627385590464,0.6925,0.5018845338351662,0.0354292125447546,0.5366666666666666,0.4988616454890128,0.485,0.4999833191546101,32.0,0.0,0.0,3.0,0.0,2.0,1200.0,16.0,32.0,32.0,158.51530497587942,0.0,0.4806135917452901,5.022151762295012,0.9515717829168768,0.6097195495497468,0.7450319639703464,0.193609605943732,1.0533424494313135,-0.0121061085508053,0.1491848382757193,0.0,0.0,0.9975,0.0266666666666666,0.0241666666666666,0.90625,0.0039081159476632,0.021463350835642,0.5913859106163961,0.3406253140452792,0.5579606602476831,pair,,0.0,en,kappa_vs_majority,0.24249999999999983,0.1
XNLI English [size=601],4,601.0,1152.0,3.0,0.4991708126036484,320.0,33.22505283040482,0.3327787021630615,0.9999974813590288,0.2113124538477877,0.0528107414529414,38.15832826227456,17.852,102.30884527316984,0.355099985919459,1.0,0.0118028424400779,0.0025370703595372,2.999986066681152,0.0,0.0532445923460898,0.9999974813590288,4.156258702203708e-06,0.4786345687799056,0.2153862605612581,0.0,0.005537699038429,0.0065009668275,1.584958508769664,0.6308103053558185,1.4452731545414675e-16,1.7053412525780463e-16,8.076268032291632e-17,1.0396344888970735e-16,0.920610094287299,0.6351643365402633,0.3409013085763654,56.67519080172341,0.9842320828908684,0.0379513408115738,0.3385074794973001,0.1216613167138686,0.0031881496264134,0.0014746564856567,0.9476018287614296,0.0346225390322091,0.5632668329177056,0.0409494761461523,0.3333333333333333,0.000960649366372,0.0,0.0,1.7427446551501804,0.0,0.0,0.8713908809822647,0.2007535312613797,18.78125,1.024620168275503,0.2878048001076178,4.5569789261720235,0.0323822746949487,0.1954776811318406,0.3841892525678913,0.146076147466645,0.0331115317028264,0.2321425602660016,0.0522959263524042,0.1822090606816292,0.0350192533873314,0.7805358842604708,0.9967912602678288,0.7543610416804662,0.2065187522346867,2.3714502758469633,0.5302623040866047,4.814507084740955e-18,2.1446155879327817e-17,0.0062310834737857,0.05109467800715599,-2.475683848876283,0.641099998368027,0.0279656492787928,0.0323822746949487,0.7021630615640599,0.5016840332426366,0.0361780708007796,0.5524126455906821,0.4976595249496947,0.3477537437603993,0.4766540806393328,32.0,0.0,0.0,3.0,0.0,2.0,601.0,19.0,32.0,32.0,106.27396445453265,0.0,0.5045733421008146,4.8471341247232465,1.0066395991680344,0.6613497928187897,0.7749194280887441,0.1891624091712881,1.0928157404182677,-0.0704264366308338,0.2081890982440642,0.0,0.0,0.9983361064891848,0.0532445923460898,0.0499168053244592,0.9375,0.0075084314665057,0.0346104459723281,0.6351643365402633,0.3409013085763654,0.5378195859165898,pair,,0.0,en,kappa_vs_majority,0.24875621890547256,0.1
"XNLI English [size=698, imbalanced]",2,540.0,1152.0,3.0,0.524074074074074,307.0,34.36211761718196,0.137037037037037,0.9081534287829038,0.2090946702880734,0.0680215212027389,37.07104356763267,17.868,99.07529029620366,0.3384907679686404,1.0,0.0130497528343925,0.002863505580583,2.9999604195271727,0.0,0.0592592592592592,0.9081534287829038,0.105392831236399,0.4594937156376612,0.1567215356355351,0.0,0.0053154702954852,0.0041981587132672,1.4393891295222438,0.6354236724437382,1.6146827607072902e-16,1.7875185618650679e-16,9.447283130498832e-17,1.4433727191005835e-16,0.9082319796605512,0.6272058960369309,0.3387935105984272,52.03472417370466,0.986036543759073,0.0277071203767607,0.3130912529199476,0.1417744813523158,0.0021091589099425,0.0022340438282779,0.9324395483543264,0.0448691855746058,0.36583439347975,0.251710324439561,0.3333333333333333,0.1699975792613898,0.0,0.0,1.2106562955577151,0.0,0.0,0.8337379922748592,0.2117914826113915,16.875,1.01794912994214,0.2897393258687449,4.411687460850059,0.0219059955748743,0.1249833075936896,0.3926670025897344,0.1319069559095859,0.0362268964166708,0.1794559934387422,0.096750454835305,0.1538703499182172,0.0961898222397096,0.6204445347939013,0.995847050754458,0.752018108062674,0.213196823058082,2.3255054779526816,0.5142519422369515,-3.109652453232499e-18,1.954037359666106e-17,-0.0007214280040307,0.0414270609453933,-2.323952952194261,0.5597677445500088,0.0276620881993572,0.0219059955748743,0.6444444444444445,0.4999943212508128,0.0344277145392543,0.4851851851851851,0.500243876482483,0.337037037037037,0.4731359464864447,32.0,0.0,0.0,3.0,0.0,2.0,540.0,22.0,32.0,31.0,107.4502514020934,0.0,0.4468305891529681,4.649458430146942,0.9148847795182332,0.4820445148507231,0.7696673741752087,0.1895816219953011,1.1303217549683466,0.0005715584530515,0.2191633279111723,0.0,0.0,0.9962962962962963,0.0592592592592592,0.0555555555555555,0.9375,0.0003212130884105,0.0264313279152826,0.6272058960369309,0.3387935105984274,0.5927121868920568,pair,,0.0,en,kappa_vs_majority,0.28611111111111104,0.1
"XNLI English [size=1049, imbalanced]",2,737.0,1152.0,3.0,0.5400309717382887,372.0,32.91188535600705,0.0515603799185888,0.7832531941219506,0.1966116873903363,0.0558478096125074,40.49856778059504,17.896,115.82661328415053,0.3052605444534226,1.0,0.0118777397005202,0.0030104357583402,3.1699143433377865,0.0,0.0434192672998643,0.7832531941219506,0.1927848645168266,0.366309921578024,0.1060902064314113,0.0,0.0036005191197319,0.0032694732443855,1.24142694125336,0.6364545588325051,1.3724128307355106e-16,1.4988414606662748e-16,7.298495861140775e-17,8.966789835155901e-17,0.8951721137396024,0.6011316260458013,0.3272345921675401,57.13560493683635,0.9912618417306543,0.0164091798464382,0.3670559509578674,0.1326846328074682,0.0014465465998578,0.0024874687825448,0.8847642514731745,0.0666395255104169,0.2494039103481163,0.4319802443292908,0.3333333333333333,0.24402347882726,0.0,0.0,1.3643475190461671,0.0,0.0,0.8298319015769282,0.2017055308410949,23.03125,1.0192461097834995,0.2750597960397007,4.389613555574787,0.0201781537179322,0.0470259394075625,0.2358454043303831,0.1098476337652862,0.0541072119714542,0.1687592924341041,0.1314808654653891,0.1549300125104036,0.1075514838964098,0.3345993364886043,0.9967800076955792,0.7509873057399994,0.1971123614230167,2.3699432738370905,0.4537214208684589,4.152038279000119e-18,2.3149695437819377e-17,-0.0099426354548719,0.06189112833452097,-2.3454652952208206,0.4549909700538739,0.0217277290163596,0.0201781537179322,0.6227951153324288,0.4958701371342746,0.0353137266403815,0.4559023066485753,0.498389832586551,0.2944369063772049,0.4560987559266171,32.0,0.0,0.0,3.0,0.0,2.0,737.0,21.0,32.0,31.0,144.89257537918652,0.0,0.2796210491936557,4.715408569057911,0.7677258610094492,0.2418804981317167,0.7533628563022148,0.1861696286237484,1.2705574223914071,0.0405798668344556,0.2233302947621417,0.0,0.0,0.9959294436906376,0.0434192672998643,0.0407055630936228,0.9375,-0.0076921797231705,0.0402246726130605,0.6011316260458013,0.3272345921675402,0.7369054397976104,pair,,0.0,en,kappa_vs_majority,0.3100464576074331,0.1
XNLI Russian [baseline size=2000],4,1200.0,1152.0,3.0,0.4641666666666666,431.0,28.036393896077115,0.3333333333333333,0.9999999999999998,0.2208636551082313,0.0344709840034149,35.38758175213773,17.028,127.86299391205372,0.1649727250184102,1.0,0.0082464687074466,0.0032108217218106,3.321928094887362,0.0,0.0266666666666666,0.9999999999999998,0.0,0.4385468162190676,0.1907552376031901,0.0,0.0029781199069372,0.0032931488551143,1.584962500721156,0.6188495722545344,1.4610062728925774e-16,1.622508817198959e-16,5.104675466284238e-17,6.150707309889501e-17,0.9199318876841812,0.4122832370217849,0.2638918590365278,81.56566244415492,0.986842681542768,0.0287646711575424,0.399586253885399,0.1187894602510458,0.004731911580467,0.0012829502005272,0.9625,0.0216506350946109,0.7779166666666667,0.0375901693709051,0.3333333333333333,0.0,0.0,0.0,0.7267027138913522,0.0,0.0,0.8821134059867374,0.1832136340191892,37.5,0.8145318437187679,0.2576190218056425,4.887458858610044,0.0216802814307198,0.2093037623466924,0.290017880268285,0.1560582900964002,0.0189533013747878,0.2575,0.0606346641781745,0.2220833333333333,0.0506262859918968,0.5914980071894137,0.9983979166666668,0.6035587476187647,0.1886988432858819,2.041634467610377,0.3517715997868385,-5.955883934187043e-19,2.712846680759252e-17,0.0101488635173787,0.032383594727720344,-2.114632108659235,0.5735473040403201,0.0194317369984743,0.0216802814307198,0.7183333333333334,0.5049032697875369,0.034318524804106,0.5741666666666667,0.4946748678775251,0.1333333333333333,0.3400763622566168,32.0,0.0,0.0,3.0,0.0,2.0,1200.0,16.0,32.0,31.0,169.953738986287,0.0,0.4210341807048108,4.156266576269611,0.8509534330387576,0.4899205467266603,0.6188915600928088,0.1737821368530497,1.055960681377143,-0.0343319159124373,0.1944817658289648,0.0,0.0,0.9975,0.0266666666666666,0.0241666666666666,0.90625,0.0044704993402837,0.0227553319374553,0.4122832370217849,0.2638918590365279,0.6092869124015429,pair,,0.0,ru,kappa_vs_majority,0.19624999999999992,0.1
XNLI Russian [size=747],4,747.0,1152.0,3.0,0.5100401606425703,351.0,29.55218089191197,0.3333333333333333,0.9999999999999998,0.2304993050018592,0.0468108086122182,33.99576382941686,17.46,108.0019861803322,0.4983974317750844,1.0,0.0111479892955136,0.0020657754731301,3.1699250014423126,0.0,0.0428380187416332,0.9999999999999998,0.0,0.4824653853056644,0.1857511012220485,0.0,0.0043241143800099,0.003921916638107,1.584962500721156,0.6102699729382735,1.3911875800423874e-16,1.4751468097238656e-16,5.1693443126571735e-17,6.138501861047605e-17,0.917571985888146,0.4353600429212646,0.2696828592582149,62.51729251858031,0.9843734627690928,0.0317226174674139,0.3406886254318064,0.1097760739391993,0.0011560639557443,0.0005334894800435,0.9404283801874164,0.0277030817758699,0.5856760374832665,0.0485401359017828,0.3333333333333333,0.0,0.0,0.0,0.7866874361979388,0.0,0.0,0.877239274757476,0.1911821200328866,23.34375,0.8374518541496805,0.2678818649682109,4.729535116657488,0.0235085365425912,0.2665600159678563,0.4112913549527938,0.1471591658936168,0.0233479579364015,0.2269076305220883,0.0637530436401106,0.2182061579651941,0.0470639781291752,0.7451506813264788,0.9973996835176494,0.6218042042927265,0.1973954578818268,2.0620556013065703,0.3929101990633422,3.6227156928029752e-19,1.2597330344072764e-17,0.0106000378914324,0.03714864518207808,-2.1114300128167054,0.5490532810650183,0.0253523855059798,0.0235085365425912,0.7255689424364123,0.5044833309292441,0.036182231335779,0.5783132530120482,0.4941598262835558,0.358768406961178,0.4799604358895727,32.0,0.0,0.0,3.0,0.0,2.0,747.0,19.0,32.0,30.0,124.03458503716064,0.0,0.5000491676414901,4.173485614123276,0.8067504237190833,0.6045292623749344,0.6368687360267105,0.1752660826706486,1.0815702591071978,-0.0301436131855083,0.2336219288245928,0.0,0.0,0.994645247657296,0.0428380187416332,0.038821954484605,0.90625,0.00633993817368,0.0267254582735284,0.4353600429212646,0.2696828592582149,0.5464001821691339,pair,,0.0,ru,kappa_vs_majority,0.26506024096385544,0.1
"XNLI Russian [size=1205, imbalanced]",8,878.0,1152.0,3.0,0.5478439073043776,374.0,29.235051876212243,0.0854214123006833,0.8426553415606688,0.2268681648538363,0.0444274555222113,34.01417643022621,17.032,113.5703070766096,0.176,1.0,0.0092838073504607,0.001617936348309,3.169906279438482,0.0,0.0364464692482915,0.8426553415606688,0.1566440491279177,0.3798388278124353,0.1818819262056119,0.0,0.0034286824207975,0.0031245008313394,1.3355771174060378,0.6253853870872139,1.4783387847673096e-16,1.8191335288361975e-16,5.129969456926002e-17,6.786953348961513e-17,0.8997410409789015,0.4186818113779155,0.2644352441324648,66.56104194464757,0.989948871581076,0.0253783877961507,0.3636242469710722,0.1539222452717372,0.0015883579759432,0.0023601699492869,0.9388924240116978,0.0450368081496061,0.5451774525976706,0.2551029236040141,0.3333333333333333,0.2146987767677825,0.0,0.0,0.8266349843636374,0.0,0.0,0.8437254735640102,0.1950189736121072,27.4375,0.8273974464098357,0.2589474528435794,4.485417948973126,0.0185696823285439,0.2007148689366815,0.3558098757837928,0.1272473963900765,0.0417189088637608,0.1822792871779538,0.1087524004156763,0.1654943664848945,0.0921722184033822,0.4160222657781112,0.9978090088781192,0.6129208118267733,0.190238182420813,2.118511348364349,0.4678209581000903,-2.8451045619665126e-19,1.6879307539579072e-17,0.0069086825947789,0.026198820866471476,-2.0452602339123627,0.5130884628093131,0.0200654478713946,0.0185696823285439,0.7072892938496583,0.5026551988657141,0.0328412038262299,0.541002277904328,0.4985999989428143,0.3451025056947608,0.4756726507446716,32.0,0.0,0.0,3.0,0.0,2.0,878.0,15.0,32.0,31.0,156.9783466462022,0.0,0.3216361053081134,4.163771582276712,0.878583118056137,0.3486543214472652,0.6243491192320343,0.1726304684866152,1.1094366435733185,-0.0152827620116377,0.1745820120963336,0.0,0.0,1.0,0.0364464692482915,0.0330296127562642,0.90625,0.0046929812345755,0.0177769917613928,0.4186818113779155,0.2644352441324648,0.6946806403505341,pair,,0.0,ru,kappa_vs_majority,0.3217658609565664,0.1
XNLI Russian [size=1216],4,1200.0,1152.0,3.0,0.4566666666666667,433.0,27.343584326185425,0.3333333333333333,0.9999999999999998,0.2215583609669224,0.0387040384162682,35.31835615874615,17.024,128.17148512123288,0.1530490117576719,1.0,0.0075866300885928,0.0012597921026598,3.321928094887362,0.0,0.0266666666666666,0.9999999999999998,0.0,0.4498516744833762,0.2006899449237371,0.0,0.0029800006935354,0.0037323655267426,1.584962500721156,0.6145913240727624,1.4182367361381555e-16,1.5680702079471102e-16,4.870898511268784e-17,5.702391949461255e-17,0.9187781484570476,0.4141487148053385,0.2634077352183335,81.39518400710803,0.986093452611564,0.0330972626244414,0.3876545337062902,0.1201714053509658,0.0068853450190634,0.0038546404956473,0.9779166666666668,0.0104083299973306,0.7949999999999999,0.0303108891324553,0.3333333333333333,0.0,0.0,0.0,0.6922282457882564,0.0,0.0,0.8749274553738824,0.1963741928970933,37.5,0.8156274174343361,0.2486995840438088,4.887418159738322,0.0244985924360235,0.2739801017811252,0.4006602786444128,0.1495518988108398,0.0172926665220469,0.2620833333333334,0.0572321660723524,0.2337499999999999,0.056305528147776,0.6436530460232552,0.9984215277777778,0.6047943407456859,0.1860737055400827,2.075582874592027,0.4006983379464005,9.916835871000747e-18,3.534192334162289e-17,0.0060505190512126,0.03834480049133377,-2.119534219174974,0.5366913111185637,0.0194724358701952,0.0244985924360235,0.7175,0.5054248777734618,0.0352997853615321,0.5708333333333333,0.4951635703044865,0.5083333333333333,0.5001389854092168,32.0,0.0,0.0,3.0,0.0,2.0,1200.0,12.0,32.0,31.0,169.59643267188466,0.0,0.4450095120644876,4.195117093767001,0.8456479510238303,0.5388899592459905,0.6202964306705796,0.1741517407399758,1.052033545646636,-0.0274216870632066,0.2211922441351172,0.0,0.0,0.9991666666666666,0.0266666666666666,0.0241666666666666,0.90625,0.0040228981229809,0.028153114842373,0.4141487148053385,0.2634077352183335,0.5881976419994388,pair,,0.0,ru,kappa_vs_majority,0.18500000000000008,0.1
STS-B [baseline size=2000],48,407.0,768.0,4.0,0.8511442187500774,191.0,14.165696860781711,0.2407862407862407,0.999783541451835,0.2465721745355072,0.414054532657013,27.6476483484966,16.568,62.34533630231958,0.6851102101122125,2.0,0.0161773353625365,0.0039601672934031,2.8072735114315517,1.8099952918927665e-05,0.0786240786240786,0.999783541451835,0.0002645124409174,0.3697585419812895,0.0879856659099984,0.0,0.0090472459558041,0.0031538021610245,1.99956708290367,0.6015156936087169,1.5271220175091235e-16,1.6759220327834551e-16,9.69046437537482e-17,1.0658874579175094e-16,0.9392164219750426,0.7438721827059742,0.4278129024202415,50.4022382699411,0.9866985234160994,0.0087190540185132,0.4115056473049962,0.0731646742839985,0.0018742257118164,0.0017051844349724,0.9468217196282404,0.0131200395014295,0.0255292602430974,0.0535465451501017,0.25,0.0070572022684742,0.0,0.0,0.852829091314418,0.0,0.0,0.9053651644983336,0.1818091710011998,12.71875,1.0809918508040135,0.2170176558598312,4.767168406124165,0.0135705832864643,0.2640618757932093,0.6374673385271459,0.1780488691733244,0.0174803059752681,0.2457495615978579,0.0278887259135085,0.2360716680387056,0.0365217372319762,0.5073569184233682,0.9961545194960428,0.7970935706528413,0.1556217751347695,2.4160081120915153,0.4373307822329486,2.1652076800889883e-18,2.5273029770053044e-17,0.0306897032915443,0.09037547734462145,-2.5440055690487453,0.7251969434652392,0.0396721882110575,0.0135672515781837,0.7886977886977887,0.508734161150346,0.0757779011058896,0.6609336609336609,0.4739750289842324,0.4226044226044226,0.4945815749359317,32.0,0.0,0.0,4.0,0.0,3.0,407.0,19.0,32.0,30.0,69.76175119196228,0.0,0.4256470929156388,4.960013681140261,0.9621789435765076,0.226600449688078,0.8382122787532815,0.206406697698795,1.1857853892450818,-0.1084020461824281,0.4204315310133178,0.0,0.0,0.977886977886978,0.0786240786240786,0.0737100737100737,0.9375,0.023289265249263,0.0705079960226803,0.7438721827059742,0.4278129024202416,0.6287911158273732,sts,,0.0,en,abs_spearman,0.8511442187500774,0.15
STS-B [size=1478],48,414.0,768.0,4.0,0.8573338093131193,193.0,16.056269574089093,0.2318840579710145,0.9987560850260984,0.2542066007926179,0.3831262953474403,26.060729035216024,16.952,63.01724965232628,0.4167685208841953,2.0,0.0155681085113119,0.0048272010404889,2.80727624176967,1.749229415255993e-05,0.0772946859903381,0.9987560850260984,0.001558713403732,0.306785811459324,0.064763781870544,0.0,0.0080760440412287,0.0021804189420563,1.9975121700521965,0.625489299978143,1.5315393970068859e-16,1.6288251608311402e-16,1.0171074773937084e-16,1.0984555095153592e-16,0.9408592717362062,0.7731544205034763,0.4620782896000157,56.40820736218307,0.990914331780368,0.0075816530757265,0.5309096718621031,0.0655729022720363,0.0025351545452722,0.0014130688525843,0.9441971849045342,0.0174581794678073,0.1148417222615409,0.1028120434872144,0.25,0.0170228458227584,0.0,0.0,0.9990717616443195,0.0,0.0,0.8822960614356279,0.2149233570890768,12.9375,1.0638622357455862,0.2552401546468889,4.769376682510444,0.0098109128381341,0.345656064828512,0.7814748013593878,0.192361652062929,0.0118017278530222,0.3129269321815965,0.0204444598190406,0.2779403632853652,0.0311574406133684,0.3265550986517845,0.9964059838035894,0.7826656097962152,0.1872161723267317,2.4361701244981075,0.457337507864799,-3.989025964081934e-18,2.149374586526262e-17,0.0151113037868115,0.08866530814412267,-2.6574158937567582,0.8732465384235709,0.0354117293114221,0.0098099028130544,0.8140096618357487,0.522048970395467,0.0663268585456759,0.6594202898550725,0.4744775663224312,0.4251207729468599,0.4949594450120788,32.0,0.0,0.0,4.0,0.0,3.0,414.0,17.0,32.0,30.0,78.27532194436424,0.0,0.2907412972226185,5.093586018254866,1.138785292117557,0.1651507451604162,0.8520168701432216,0.2207825928033745,1.162245471202851,-0.1163051216879707,0.4295817380870375,0.0,0.0,0.9806763285024156,0.0772946859903381,0.072463768115942,0.9375,0.0132480108494332,0.0705627100819164,0.7731544205034764,0.4620782896000159,0.7350018531698074,sts,,0.0,en,abs_spearman,0.8573338093131193,0.15
STS-B [size=353],48,353.0,768.0,4.0,0.8164667509584115,180.0,16.648300536597866,0.2322946175637393,0.9977514036116272,0.2445149909501118,0.4177975155599698,28.305026731682332,16.92,60.46833181707005,0.4399999999999999,2.0,0.0180974328965758,0.0042822728928266,2.8072855197964395,0.0,0.0906515580736544,0.9977514036116272,0.0028432586161538,0.3484763287381971,0.0707506931155277,0.0,0.0094950596248503,0.003123739043927,1.9955028072232543,0.6103793626707132,1.5316056698253686e-16,1.6510745220993607e-16,1.0498608313624012e-16,1.349963417526969e-16,0.9399626577388616,0.750561027858133,0.3849071910079408,47.81605758838357,0.988302541732429,0.0083698374743251,0.4626003786897106,0.0803039691150655,0.0009143726550536,0.0002969043124512,0.9450738314627872,0.0069641180477722,0.0,0.0,0.25,0.0229415120174813,0.0,0.0,1.0152208501459494,0.0,0.0,0.8967596444832947,0.1881021610106614,11.03125,1.0585285379751843,0.2313200453712296,4.761055425817316,0.013845220799114,0.4536494259097381,0.7842959601509478,0.1870684949746482,0.0075035875370891,0.2620981224812381,0.0260445001964114,0.2635277119475795,0.030096604995404,0.4359216481194001,0.9955059425884164,0.7845119049474214,0.1662891823181832,2.640068925771507,0.6530842960556542,2.4374584818257685e-18,2.2239700386345498e-17,0.0003935776321866,0.06868240098020345,-2.571289542901714,0.5736001856265317,0.0417329012023785,0.013845220799114,0.7818696883852692,0.5143233134945328,0.0645781791273433,0.6005665722379604,0.4904771757198672,0.4419263456090651,0.4973209193592666,32.0,0.0,0.0,4.0,0.0,3.0,353.0,20.0,32.0,29.0,66.2679214460278,0.0,0.3743185762252112,5.21135846867322,1.047264739485642,0.224879653282479,0.8453981010224068,0.1924056967725907,1.2059173994215848,0.0442160645532773,0.2673364712752883,0.0,0.0,0.9830028328611898,0.0906515580736544,0.0849858356940509,0.9375,-0.0017218467862303,0.0403907796760519,0.7505610278581331,0.3849071910079415,0.6680578867531274,sts,,0.0,en,abs_spearman,0.8164667509584115,0.15
STS-B [size=579],48,579.0,768.0,4.0,0.8104753154584464,220.0,8.535646275355235,0.2107081174438687,0.9959205279981316,0.234042436756406,0.315481252245818,27.311848331260812,17.248,68.27387365165401,0.5162325057568536,2.0,0.013830866233226,0.0037254185268312,2.999967760935771,0.0,0.0552677029360967,0.9959205279981316,0.0048465125134856,0.2678681624358314,0.0792893714163706,0.0,0.0059606632240294,0.001952358257051,1.9918410559962632,0.6153021840594409,1.6018808754464121e-16,1.5672912233468936e-16,1.0243448699582419e-16,1.1244322082668474e-16,0.939676449671609,0.7135039690815206,0.3802270377364387,65.50502029069223,0.9928801969788518,0.0061912588434962,0.5937072262686897,0.0863671198749597,0.0049653094725136,0.0027991417625701,0.9597808812301154,0.0087570776698256,0.4560335115671587,0.0504576673911556,0.25,0.0304212693502738,0.0,0.0,0.7363404285700088,0.0,0.0,0.8938832645791993,0.1960397605671804,18.09375,1.0583938986158117,0.2148013400013799,4.961401360417143,0.0099453080055922,0.2405063933321739,0.4575447171007271,0.1857920297190664,0.0067698007842105,0.3192555333406406,0.0276617504038757,0.3001020667082412,0.021019006949036,0.2514531753259281,0.9975539984667746,0.7807696959321366,0.1481514308571685,2.4783980009352566,0.543759375066888,-1.953436453086145e-18,2.4957313117673485e-17,0.0061816714785079,0.05810525164194894,-2.583162521848867,0.7176112352008037,0.0304074565148907,0.0099453080055922,0.846286701208981,0.525292622585913,0.0744575114625497,0.7253886010362695,0.4467041696290247,0.4248704663212435,0.4947507591119226,32.0,0.0,0.0,4.0,0.0,3.0,579.0,19.0,32.0,32.0,97.6589509539103,0.0,0.2278336661794532,5.061560522784124,1.0951634604829257,0.1405214202519615,0.8227650344882936,0.194270624957269,1.110931978398937,-0.0607499328510642,0.2988911836494778,0.0,0.0,0.9844559585492229,0.0552677029360967,0.0518134715025906,0.9375,0.0068806477932453,0.0432893814986169,0.7135039690815206,0.3802270377364387,0.7872585164842747,sts,,0.0,en,abs_spearman,0.8104753154584464,0.15
STS multilingual RU [baseline size=2000],56,417.0,768.0,4.0,0.7885443221265942,183.0,7.107889436635542,0.237410071942446,0.999093912235807,0.2827227635049695,0.2677949486186286,23.4329256893213,16.868,57.60220378148921,0.615285299678125,2.0,0.0159625220196026,0.0040241481204581,2.8073051017825765,0.0,0.0767386091127098,0.999093912235807,0.0011483915924819,0.3093730653215327,0.087567575479208,0.0,0.0077643150153871,0.0027172484121011,1.998187824471614,0.612979365098287,1.4342890267501522e-16,1.5534725288683338e-16,7.568447463771214e-17,9.635125705377294e-17,0.9395752628666296,0.6326159477587343,0.4216069960718708,58.75246867577862,0.9905477719540666,0.0063921235161706,0.5029407665771357,0.0784017837068444,0.0019574666628515,0.000847858555215,0.9559944194017592,0.0085132880269358,0.1667178715820483,0.1059930612663646,0.25,0.0145705244872567,0.0,0.0,0.7731673506803024,0.0,0.0,0.8854445677664813,0.2095699743706251,13.03125,0.94030288814449,0.1985130021381707,4.771482647715965,0.0120829398457293,0.5005331419864738,0.604457676952732,0.1820133639848642,0.0058342129898149,0.3014802260230473,0.028339608083689,0.2627819229560676,0.0275696645611223,0.345527237934483,0.9966242833071672,0.6922604503641161,0.1373843306798501,2.3514167918771873,0.7330523101379594,2.2297644679222273e-18,2.6901367242022797e-17,0.0037489053125118,0.08063968527022064,-2.405392843924192,0.7159918501504534,0.0340102785382257,0.0120829398457293,0.8705035971223022,0.5214451608424725,0.0731570373064474,0.7338129496402878,0.4424941259118803,0.448441247002398,0.4979319897049377,32.0,0.0,0.0,4.0,0.0,3.0,417.0,15.0,32.0,31.0,81.54284358851442,0.0,0.3024712411899377,4.75680963580138,1.1983314047150395,0.1964585348825983,0.7662528591629376,0.216654929640798,1.1863838700794866,-0.0530607446018424,0.4290635861750178,0.0,0.0,0.9808153477218226,0.0767386091127098,0.0695443645083932,0.90625,0.0079768411827193,0.0698488284285584,0.6326159477587342,0.4216069960718707,0.7240498440754485,sts,,0.0,ru,abs_spearman,0.7885443221265942,0.15
STS multilingual RU [size=1211],72,393.0,768.0,4.0,0.7763335683290432,179.0,13.659926726287848,0.2315521628498727,0.99929152684815,0.2792251475122773,0.2913809056491387,21.244298713231245,16.944,57.71205635987977,0.2299217258111986,2.0,0.0179142427618466,0.0049312585507841,2.8072737524096465,2.599701639909985e-05,0.0814249363867684,0.99929152684815,0.0008480841916339,0.3136257952689894,0.0419445760122177,0.0,0.0085583660091798,0.0031111007939816,1.9985830536963,0.5986171204385147,1.360464215964361e-16,1.490531584246035e-16,7.505538982631866e-17,1.0075367031973582e-16,0.9394116425196032,0.6201572423401314,0.3786705481498331,53.08010150699393,0.99066868033022,0.007084489701736,0.5094133257150039,0.0714407677340006,0.001706547474605,0.0012911977529657,0.9457444064420596,0.008742705502736,0.020873701667103,0.0438518880758582,0.25,0.012701424200061,0.0,0.0,0.7220709254958139,0.0,0.0,0.8899669058186652,0.2114368409117642,12.28125,0.9207802045322704,0.1886907864489599,4.768204597520157,0.0140044523440199,0.4509387866081115,0.5776098137506634,0.1928196068708968,0.0083226644969681,0.2825481453191421,0.0344958534199285,0.3086514363230728,0.0516181636231741,0.3333935006730945,0.9963936315547528,0.6773749612510054,0.1367031413480587,2.3360681145862188,0.6496655335783665,2.092261902323172e-18,2.035601379905039e-17,-0.0041021838713424,0.07416042243143661,-2.355593224661511,0.6666298746187408,0.0376522085857911,0.0140049065002743,0.8193384223918575,0.5188688933929813,0.072921724083694,0.6819338422391857,0.4663189826408195,0.4376590330788804,0.4967307567178329,32.0,0.0,0.0,4.0,0.0,3.0,393.0,17.0,32.0,31.0,73.55801021640556,0.0,0.2986021132880076,4.69166133924773,1.1455941483953282,0.1382453239215412,0.7613013466745452,0.2046618028982935,1.2027700309222704,-0.0008017064602035,0.3092004409049432,0.0,0.0,0.9821882951653944,0.0814249363867684,0.0737913486005089,0.90625,0.0015587477279932,0.053877612073247,0.6201572423401316,0.3786705481498333,0.7295446036809711,sts,,0.0,ru,abs_spearman,0.7763335683290432,0.15
STS multilingual RU [size=1689],48,405.0,768.0,4.0,0.8107364044406574,180.0,9.050957422016914,0.2320987654320987,0.9990935234925412,0.2749692571984456,0.2938588515724057,23.950197572969536,16.808,57.45228874874661,0.4849082387421355,2.0,0.0165511794520089,0.0039270091806126,2.8073284258910354,0.0,0.0790123456790123,0.9990935234925412,0.0011104824100605,0.3041675101576261,0.0567932626862219,0.0,0.0084843533588329,0.0029177720157816,1.9981870469850824,0.6038785931493488,1.4168812746538686e-16,1.5321655734758732e-16,7.612676555509907e-17,9.01630554696077e-17,0.9387849896100722,0.6211378685744879,0.3836069196586738,53.81049503315841,0.9911248549443404,0.0068583054167855,0.5059120773995327,0.044001397827217,0.001075662180983,0.0006865912585057,0.9406134224636084,0.0090114028200939,0.0213270142180094,0.0522403025712052,0.25,0.0144502468033575,0.0,0.0,0.5886991668987688,0.0,0.0,0.902809675604824,0.1869564551210743,12.65625,0.9280130698000396,0.2044847942041797,4.768381693568683,0.012609593829416,0.508618981680252,0.633113422254531,0.187771100889852,0.0185492645979064,0.2864117494881697,0.0180441915190706,0.3057761243809351,0.0471283072605072,0.3172538357134039,0.9963054412437128,0.6844060035113992,0.1441304667833057,2.3531093559616494,0.7086845053161122,6.6990309047598174e-18,3.1217577751377396e-17,-0.0095500995644287,0.08086427109761736,-2.3526548212471465,0.5031591070151595,0.037133779307434,0.012609593829416,0.8222222222222222,0.5149035034834539,0.0983314211388051,0.6888888888888889,0.46352074942608,0.4049382716049383,0.4914872445208607,32.0,0.0,0.0,4.0,0.0,3.0,405.0,18.0,32.0,32.0,74.60039614198428,0.0,0.2840045720795612,4.705764177208796,1.0669735660256152,0.156383012721565,0.7615496733980939,0.2061755306572557,1.2052187244611128,0.050318549333892,0.3818017623074773,6.126850308793261e-06,0.0,0.9703703703703704,0.0790123456790123,0.0716049382716049,0.90625,-0.0126054590586249,0.0638149865928167,0.6211378685744882,0.3836069196586741,0.7408493107174237,sts,,0.0,ru,abs_spearman,0.8107364044406574,0.15
STS multilingual RU [size=1773],64,405.0,768.0,4.0,0.8000566761890248,179.0,6.665441423073259,0.2395061728395061,0.9990763354531208,0.2841609241720087,0.3284391407385182,22.444645068265928,16.42,56.1325216228348,0.6660330322138684,2.0,0.0181545777992085,0.0096332492947889,2.8073284258910354,0.0,0.0790123456790123,0.9990763354531208,0.0011762505817054,0.3216742485163764,0.1137673450263363,0.0,0.0086121459687219,0.0029886532633939,1.9981526709062416,0.6028177981972084,1.568877278738033e-16,1.772003307950957e-16,8.178032064267274e-17,1.0156243254057018e-16,0.9381738173817382,0.6214765162760881,0.3971693542760124,53.03693617147196,0.98949034281214,0.0099072706322393,0.4863411208049173,0.0870600482482409,0.0018985121298613,0.0012365723592653,0.95378443295018,0.0061625175062026,0.1124850692785475,0.0730056460083636,0.25,0.0147288314141343,0.0,0.0,0.6140448045967413,0.0,0.0,0.8997472985007511,0.1814366179720462,12.65625,0.926939556821214,0.2178365496817015,4.7678063588666,0.013272577389559,0.5060116909057282,0.6104927601565034,0.1860565018349697,0.0105032456825443,0.2842439362647374,0.0530630572545575,0.2561736963041862,0.0508372492555228,0.394243034685301,0.9964151806127116,0.6852532242956816,0.1611716458758603,2.387332674329019,0.7019393244843443,3.7692757008878723e-19,2.4384996139041138e-17,-0.0199054259020111,0.08197740317064402,-2.2747618811398533,0.4156259692823811,0.0376747379306768,0.013272577389559,0.8345679012345679,0.5200492557065759,0.0765269435951675,0.6987654320987654,0.4593618655859209,0.4296296296296296,0.4956355167424401,32.0,0.0,0.0,4.0,0.0,3.0,405.0,17.0,32.0,30.0,73.51487601736316,0.0,0.3363089840644095,4.662094555468872,0.9283634528373944,0.2315217658485315,0.7604970272443131,0.2109781528604646,1.2016847730887923,0.064999089133587,0.3574451363517035,0.0,0.0,0.9703703703703704,0.0790123456790123,0.0716049382716049,0.90625,-0.0155546533319645,0.0680667258379777,0.6214765162760882,0.3971693542760124,0.6952244743020267,sts,,0.0,ru,abs_spearman,0.8000566761890248,0.15
MASSIVE Intent SetFit [baseline size=2000],213,699.0,384.0,60.0,0.6866952789699571,132.0,7.928076820453776,0.0014306151645207,0.9890157302629348,0.3548549017253667,0.7847713943882016,13.751081871467804,15.952,42.4077896729804,0.7083050190419379,0.0,0.0457796852646638,0.6708184718693659,0.1990598144802961,0.0,1.3800723427528606e-16,1.5580591247125027e-16,5.3083907271598505e-17,6.679249317002131e-17,0.4569631819839962,0.3176089123103392,0.0166666666666666,0.0042944715259269,0.0,0.0,5.799829268949958,0.0,0.0,21.84375,0.8291853382604597,0.2405144972384607,0.1997655552543287,0.3478817663401394,54.50569898119261,0.6070785898512954,0.1652877024572501,2.022497203253674,0.6072956031297694,2.144207558288928e-18,4.3334744097773696e-17,-0.0189082682259873,0.0798353243676276,-1.9745664673656296,0.511225455420098,32.0,0.0,0.0,60.0,0.0,32.0,699.0,14.0,32.0,32.0,0.0,15.62828661240567,3.997063670619303,0.9853505601823898,8.008572404063726,0.6453296082969766,0.2044987669697463,0.0,0.0381793549941047,0.3091557198611924,0.0,0.0,-0.0104409531431684,0.0595846974606173,0.4569631819839963,0.3176089123103391,4.855570602555711e-12,single,,0.0,en,,,,,,,,,,,,,,,,,,,,,,,,,,,,,,,,,,,,,,,,,,,,,,,,kappa_vs_majority,0.6813850294609732,0.1
"MASSIVE Intent SetFit [size=1014, imbalanced]",112,590.0,384.0,60.0,0.6983407576228461,129.0,9.615761793413842,0.0016949152542372,0.9755927815987758,0.3567972008287112,0.7982349449775727,14.278306191036632,15.58,42.11851699611262,0.7820485918406861,0.0,0.0542372881355932,0.6799690380781381,0.1949422835004719,0.0,1.3848381799309566e-16,1.5016606218058386e-16,5.690812664013909e-17,7.831347885063443e-17,0.4669846716134775,0.3214796524609336,0.0166666666666666,0.0066576690881762,0.0,0.0,4.617731906353027,0.0,0.0,18.4375,0.8450422240891643,0.2550489446003366,0.3570787598739473,0.428971190366115,58.90602604249237,0.6162991932470961,0.1791377702779537,2.0672915510610457,0.5929293242880953,-5.174768335117254e-18,6.336478173980197e-17,-0.0041675222851396,0.087088157529284,-2.012176985353365,0.4814800515411385,32.0,0.0,0.0,60.0,0.0,32.0,590.0,8.0,32.0,31.0,0.0,15.973529878624802,4.079468536414411,0.9035994649135116,9.290032372534888,0.6527601124354985,0.2054456235454648,0.0,0.0204492358817665,0.3673476388555256,0.0,0.0,-0.0051077530636383,0.0582441588897736,0.4669846716134776,0.3214796524609336,1.778832935808938e-12,single,,0.0,en,,,,,,,,,,,,,,,,,,,,,,,,,,,,,,,,,,,,,,,,,,,,,,,,kappa_vs_majority,0.6932278891079791,0.1
MASSIVE Scenario SetFit [baseline size=2000],88,1105.0,384.0,18.0,0.8371013510859746,139.0,6.727653987808382,0.0316742081447963,0.9957627196604352,0.3409845298533139,0.6857805832617446,14.76025438166583,15.88,44.09197709236855,0.6079473661428266,0.0,0.0289592760180995,0.6900284150385144,0.1827449661746099,0.0,1.536853272237828e-16,1.9170003296433808e-16,6.468441271539638e-17,1.2123147214276444e-16,0.4404206136752945,0.2988885928070396,0.0555555555555555,0.0084561144817831,0.0,0.0,4.427679792895831,0.0,0.0,34.53125,0.828182366516187,0.284554841097628,0.2228966256522625,0.4840687150140559,26.148058307696157,0.60752127925889,0.1933349315585492,2.03737996118563,0.591758464092589,-2.6374076376841933e-19,3.41491316361864e-17,0.0019441783128423,0.0731015789846249,-1.9995516995312232,0.5151513247395786,32.0,0.0,0.0,18.0,0.0,17.0,1105.0,5.0,32.0,31.0,0.0,8.62869819312414,4.036931660716852,0.9505476617157196,4.225716883994671,0.6344093204606328,0.197912793537076,2.174034667095485,0.0270904161210372,0.3127545547747313,0.0,0.0,-0.0025884331380135,0.0515094958980015,0.4404206136752946,0.2988885928070398,9.1063799135294e-07,single,,0.0,en,,,,,,,,,,,,,,,,,,,,,,,,,,,,,,,,,,,,,,,,,,,,,,,,kappa_vs_majority,0.8275190776204437,0.1
"MASSIVE Scenario SetFit [size=807, imbalanced]",56,771.0,384.0,18.0,0.8495460440985734,134.0,9.333894324691665,0.0129701686121919,0.9292408858504632,0.3339110275645349,0.6890186778391917,15.234737723687076,16.064,43.65815801209469,0.5328264257710948,0.0,0.0415045395590142,0.6516850672181761,0.2024798732976175,0.0,1.3397993019894167e-16,1.647941899055646e-16,5.3102005857606145e-17,8.867811664860445e-17,0.4382366809243295,0.2886847103841453,0.0555555555555555,0.0389441882648626,0.0,0.0,2.420645956523418,0.0,0.0,24.09375,0.8336333882684506,0.278241194857442,0.2368869306620296,0.427815693663398,22.602215804206413,0.615766772307746,0.203213168453491,2.032804034085572,0.5591430985824236,-1.256380789864396e-17,4.167747957838273e-17,-0.008644504789111,0.0495265372043814,-1.9039824429631205,0.3898616592219697,32.0,0.0,0.0,18.0,0.0,17.0,771.0,16.0,32.0,30.0,0.0,7.875757841647605,3.9367864770486927,0.8398860654056245,4.117493101374161,0.635136937110677,0.1896353091989072,0.0,0.0181146783031832,0.2546464347794071,0.0,0.0,-0.0035442089783488,0.0268058079655415,0.4382366809243294,0.2886847103841452,4.236407180007457e-06,single,,0.0,en,,,,,,,,,,,,,,,,,,,,,,,,,,,,,,,,,,,,,,,,,,,,,,,,kappa_vs_majority,0.8406958113984895,0.1
MASSIVE Scenario SetFit [size=827],64,827.0,384.0,18.0,0.8294817742643831,137.0,9.699382791768455,0.0181378476420798,0.9415508831464996,0.3287489380216002,0.6912981070955481,15.11523418555269,15.952,44.44165424433029,0.6113067969522341,0.0,0.0386940749697702,0.6466191647550046,0.1864100919617289,0.0,1.4132819762180252e-16,1.569444519012929e-16,5.1433886787229235e-17,6.649784714271914e-17,0.4281138401488996,0.2794909553782307,0.0555555555555555,0.035534239680924,0.0,0.0,4.01931094510252,0.0,0.0,25.84375,0.833416105246185,0.2749103162286966,0.1249824103607102,0.3959300667341313,21.06603135057344,0.61668360973706,0.1979448318932414,1.9797703845320016,0.5166229762722284,1.549714273339377e-17,7.211321668219631e-17,-0.0059440061005295,0.0414956040579818,-1.970257210734126,0.4563185955645409,32.0,0.0,0.0,18.0,0.0,17.0,827.0,17.0,32.0,31.0,0.0,7.6639574100467,3.950027595266127,0.8879131107141137,3.9389543315724502,0.628183375552962,0.1859572946542665,0.0,0.022429313065955,0.2161276356027817,0.0,0.0,-0.0040102120721264,0.0259441139635812,0.4281138401488995,0.2794909553782306,7.284806014522597e-06,single,,0.0,en,,,,,,,,,,,,,,,,,,,,,,,,,,,,,,,,,,,,,,,,,,,,,,,,kappa_vs_majority,0.819451290397582,0.1
MASSIVE Scenario SetFit [size=1196],56,1196.0,384.0,18.0,0.8411229077719424,141.0,8.443581271617402,0.0183946488294314,0.9412518877258472,0.3308728299089677,0.692142801224485,15.232576274395624,15.804,45.12003938650326,0.6431049681039636,0.0,0.0267558528428093,0.6423645662505612,0.1835804590366644,0.0,1.4107972943035303e-16,1.717182300785618e-16,5.076982055002297e-17,6.866393110202647e-17,0.4301660652163845,0.2912159730879363,0.0555555555555555,0.0356403843157748,0.0,0.0,3.903064980744354,0.0,0.0,37.375,0.8387240674352126,0.2837846875112287,0.1622011911839602,0.3455307728300552,20.44975527087488,0.6149282755998782,0.1945554075604763,2.0913737533362933,0.5650894956105328,1.4910499442342456e-17,4.4990940956442876e-17,-0.0127480416924461,0.0568262842399368,-1.95723633487783,0.4539587811800088,32.0,0.0,0.0,18.0,0.0,17.0,1196.0,15.0,32.0,30.0,0.0,7.553976570604417,4.048610088214122,0.9284815137739164,3.5365463592731055,0.6281559161750305,0.1916615570606389,0.0,0.0553423504789567,0.234877874634204,0.0,0.0,-0.0085337657284686,0.0319980814914001,0.4301660652163847,0.2912159730879363,9.284736322669564e-06,single,,0.0,en,,,,,,,,,,,,,,,,,,,,,,,,,,,,,,,,,,,,,,,,,,,,,,,,kappa_vs_majority,0.8317771964644096,0.1
TweetEval Emoji (20 classes) [baseline size=2000],48,1121.0,384.0,20.0,0.1578925989113656,146.0,13.620154038398304,0.0321141837644959,0.9976841297583252,0.3136988451834904,0.1152726242919027,28.355943072495155,16.776,51.18802427772337,0.5914592124567848,0.0,0.0285459411239964,0.2386103727302334,0.1484292220900075,0.0,1.4828784398531746e-16,1.6025409285160166e-16,3.4366384115375056e-17,4.2777234423251226e-17,0.2605058017784774,0.1674144828718267,0.05,0.0057991165621512,0.0,0.0,0.7093739712477294,0.0,0.0,35.03125,0.6488711816585839,0.1894123191591718,0.2046279667664192,0.2889476062796331,1.8670264623794115,0.4819059932924183,0.1408787470245228,1.617329947104832,0.3428337920629928,6.957463646736598e-18,3.927765524786789e-17,0.000623724021517,0.0285278132334689,-1.6419672538211296,0.4230310094028724,32.0,0.0,0.0,20.0,0.0,19.0,1121.0,17.0,32.0,32.0,0.0,1.4783255009791636,3.259297200925962,0.6988213484845562,0.5956264319348138,0.4910452630619079,0.1414408852801776,1.4190472278981312,-0.0064525191520478,0.1911340891995327,2.395859953999554e-06,0.0,0.0002754416217288,0.0183692869173155,0.2605058017784774,0.1674144828718267,0.1919873887552103,single,,0.0,en,,,,,,,,,,,,,,,,,,,,,,,,,,,,,,,,,,,,,,,,,,,,,,,,kappa_vs_majority,0.11357115674880588,0.1
"TweetEval Emoji (20 classes) [size=924, imbalanced]",48,898.0,384.0,20.0,0.2805908584169453,144.0,21.990579000721407,0.0167037861915367,0.9068040156934096,0.3096083376375723,0.150426924210115,28.097157580778138,16.864,52.737934145374886,0.3427885645700568,0.0,0.0356347438752783,0.2474159311966147,0.1431526066170727,0.0,1.4128643418230872e-16,1.847754874167279e-16,3.140292757167791e-17,4.659335363949653e-17,0.255842504886729,0.155786059471828,0.05,0.0457404225988224,0.0,0.0,1.1535942534774597,0.0,0.0,28.0625,0.650921287754594,0.1904945857188991,0.2006566169779053,0.4389181973193433,1.90922665798358,0.4831979385097177,0.1417045752723892,1.5990977800118338,0.4463776989179345,-2.6812875107525698e-18,2.833032460426482e-17,0.0012930812267316,0.019454400406139,-1.6699611538819086,0.4379462273667858,32.0,0.0,0.0,20.0,0.0,19.0,898.0,18.0,32.0,31.0,0.0,1.5319462552505942,3.2690589338937426,0.8035458563414108,0.5568958115492194,0.488081999708482,0.1348584594107119,0.0,-0.0226203704770478,0.1865302634625075,0.0,0.0,0.0005838743338992,0.0135220920577133,0.255842504886729,0.155786059471828,0.1826874706580188,single,,0.0,en,,,,,,,,,,,,,,,,,,,,,,,,,,,,,,,,,,,,,,,,,,,,,,,,kappa_vs_majority,0.24272721938625824,0.1
TweetEval Hate [baseline size=2000],16,1200.0,384.0,2.0,0.7083333333333334,148.0,12.575643730565147,0.5,1.0,0.3642451008863255,0.073947797161001,26.67302393776215,16.828,51.019166917081826,0.3773804446443932,0.0,0.008815351542199,0.003964318135226,3.321928094887362,0.0,0.0266666666666666,1.0,0.0,0.5713926023143742,0.0,0.0,0.0023880946902381,0.0023300038315703,1.0,0.6114837149199593,1.2564925294754206e-16,1.5823687862043226e-16,2.5116830139338116e-17,3.278786990387504e-17,0.8806602724492633,0.2813392018408328,0.3181353782692064,63.24614458668398,0.9897972029381376,0.0187292710731443,0.3406226904526448,0.0,0.008806550485259,0.0,0.9883333333333332,0.0,0.8741666666666666,0.0,0.5,0.0,0.0,0.0,0.7689031346683529,0.0,0.0,0.8046392011145364,0.2173748879796692,37.5,0.6666855111604199,0.3674697618215766,4.306116854430966,0.0157598958742145,0.214041981803934,0.3821338314823861,0.1443608508976551,0.0,0.2391666666666666,0.0,0.2275,0.0,0.4847578603128637,0.9971638888888888,0.4930082776142588,0.2715765012857334,1.6600130005385754,0.436102965571825,-1.3854658161468099e-17,3.845488115131126e-17,0.0080914056212941,0.03665576248912564,-1.6248095131338762,0.5059151575893268,0.0158112404563952,0.0157598958742145,0.4783333333333333,0.484253019237106,0.0439887688691821,0.3225,0.4676280359252633,0.0891666666666666,0.285102979020027,32.0,0.0,0.0,2.0,0.0,1.0,1200.0,18.0,32.0,31.0,209.09914459581375,0.0,0.3264895059795925,3.2848225136724514,0.8900394563352891,0.4847578603128637,0.4910616456868305,0.2037016464086618,1.0402539592208822,0.0145241739088023,0.1576577099040686,6.956033002202765e-07,0.0,0.9925,0.0266666666666666,0.0241666666666666,0.90625,0.0016962373056227,0.0149429499468658,0.2813392018408329,0.3181353782692064,0.6735104940204075,single,,0.0,en,kappa_vs_majority,0.41666666666666674,0.1
TweetEval Hate [size=488],8,488.0,384.0,2.0,0.6886439950516298,133.0,8.99588175398116,0.4200819672131147,0.9814920442841176,0.3706244233578389,0.1137079742834961,25.001003092349784,16.848,45.96122121158274,0.35902089075707,0.0,0.0133895967388395,0.0032086736108836,2.8073245691896784,0.0,0.0655737704918032,0.9814920442841176,0.0498222971977005,0.5997184211975076,0.0,0.0,0.0048265929047411,0.0043288490134252,0.9814920442841176,0.6144545324792972,1.2623463710647788e-16,1.515860466921577e-16,2.9539521597336765e-17,4.061727847559597e-17,0.8768303766788972,0.2945004502522907,0.3090923066406782,45.66358965220164,0.9887605567273864,0.0212071656281743,0.3033860276423313,0.0,0.0005405097529078,0.0,0.9282786885245902,0.0,0.5389344262295082,0.0,0.5,0.1130211658453908,0.0,0.0,0.9419156991245714,0.0,0.0,0.8144857639945731,0.1869921721750521,15.25,0.6662797171396216,0.3447928885841158,3.76732263869521,0.0196089867612581,0.4082729619752661,0.494589920018284,0.1440525295024856,0.0,0.2028688524590164,0.0,0.1905737704918032,0.0,0.561675690773317,0.9941170048374092,0.4933548679205806,0.2598954540386505,1.62448145476485,0.4307979697592681,2.132856732758364e-19,1.2820729405217516e-17,0.0116554772384319,0.03717481272189537,-1.598837979130858,0.5686254261809494,0.0214939747785858,0.0196089867612581,0.5102459016393442,0.4874285783850452,0.0455300424601275,0.3565573770491803,0.4794739939449189,0.2663934426229508,0.4425260058229374,32.0,0.0,0.0,2.0,0.0,1.0,488.0,16.0,32.0,30.0,129.60983825041853,0.0,0.3596621847236311,3.223319433895708,0.913079962340289,0.561675690773317,0.5064554476517651,0.1980637363591138,1.0697161884891844,0.0169083304009483,0.2647945068279933,4.216402649587374e-06,0.0,0.9959016393442623,0.0655737704918032,0.0594262295081967,0.90625,0.0042008242784121,0.0247041411669287,0.2945004502522906,0.3090923066406782,0.6403378152763689,single,,0.0,en,kappa_vs_majority,0.25882082724485506,0.1
"TweetEval Hate [size=717, imbalanced]",2,519.0,384.0,2.0,0.7591522157996146,135.0,21.56282124571032,0.1984585741811175,0.7188345105417616,0.3643331748520801,0.0793627583992747,23.92978384541781,16.712,49.30115127278203,0.452831094338717,0.0,0.0149298419121015,0.0056072681634372,2.9999811812905457,0.0,0.0616570327552986,0.7188345105417616,0.5334113739689108,0.483054302511652,0.0,0.0,0.0031145481007905,0.0017532223878603,0.7188345105417616,0.6403134122887824,1.5041813622794934e-16,1.8451255019771223e-16,3.317758574273154e-17,4.3016728348330304e-17,0.8485802069617099,0.300597316686207,0.2992672407704569,44.182205689478714,0.9927080794007808,0.0109512802264161,0.3441586980829922,0.0,7.402301201926924e-05,0.0,0.9248554913294798,0.0,0.4123314065510597,0.0,0.5,0.4264439740103841,0.0,0.0,0.7436866844168951,0.0,0.0,0.7209231433264914,0.1811711677192366,16.21875,0.6781613018264747,0.3549355048993982,3.702545917625155,0.0093059122105118,0.3850535579948777,0.5122589116958115,0.1193947408763358,0.0,0.161849710982659,0.0,0.1483622350674374,0.0,0.3043616509168813,0.9909712244905536,0.5012827221244098,0.2597381122622925,1.5755747125567616,0.365490563325292,-1.4519535220892582e-17,4.5810369214776545e-17,0.0006169595740017,0.034848113195578255,-1.6386207730221214,0.4643176007621904,0.0162697742071519,0.0093059122105118,0.3737957610789981,0.4774435895128015,0.0418362090667758,0.2697495183044316,0.4442578024670544,0.1811175337186898,0.3854870855281194,32.0,0.0,0.0,2.0,0.0,1.0,519.0,17.0,32.0,31.0,183.38984727715544,0.0,0.2333414591750185,3.2141954855788835,0.7656254989140692,0.3043616509168813,0.5133362824331512,0.1956512442245797,1.0790498766362508,0.0089858539577021,0.2616387880550938,0.0,0.0,0.9614643545279384,0.0616570327552986,0.0558766859344894,0.90625,0.0010981705009465,0.0253494872536949,0.300597316686207,0.299267240770457,0.7666585408249814,single,,0.0,en,kappa_vs_majority,-0.21359223300970898,0.1
"TweetEval Hate [size=800, imbalanced]",2,525.0,384.0,2.0,0.8495238095238095,136.0,22.14425229189906,0.1161904761904761,0.5183104519239049,0.3560450265542677,0.0783833647988001,24.593094524268956,16.848,49.896336704042,0.35902089075707,0.0,0.0140115601861635,0.003170686219979,2.999960692689031,0.0,0.0609523809523809,0.5183104519239049,0.7415360451471804,0.4172440389521085,0.0,0.0,0.0028839903129298,0.001957389546848,0.5183104519239049,0.6291472347873053,1.220239540658397e-16,1.3485396268477547e-16,2.806167467594428e-17,3.656521597781105e-17,0.8188513267902581,0.2922522691543638,0.2915262789033325,35.8350352771752,0.9945596066237166,0.0093772594057849,0.3284681462480343,0.0,1.0393592124373212e-06,0.0,0.9028571428571428,0.0,0.1542857142857142,0.0,0.5,0.5427886339393879,0.0,0.0,0.7581544501982408,0.0,0.0,0.7229104682871235,0.1511326797267428,16.40625,0.6769621934781982,0.3474342076129367,3.503807353858583,0.0097459149819773,0.3091586894297716,0.4712717801945599,0.1040553080141183,0.0,0.1161904761904761,0.0,0.1161904761904761,0.0,0.2107894729121591,0.9854113378684808,0.5007871061325317,0.2520953648976815,1.577415317744559,0.4404342640772259,6.872809200060478e-19,5.1580229758757387e-17,0.0042742102437103,0.036452038559204376,-1.610252821913015,0.371081682524245,0.0144637907543525,0.0097459149819773,0.2552380952380952,0.4680981609121205,0.039537447646236,0.1828571428571428,0.3869180295798563,0.1371428571428571,0.3443261875693158,32.0,0.0,0.0,2.0,0.0,1.0,525.0,16.0,32.0,31.0,206.41178738265808,0.0,0.1740925880410686,3.187668139657574,0.7386119926821398,0.2107894729121591,0.5068913354277029,0.190925604758628,1.1033599529367948,-0.012072596785209,0.221719910091877,0.0,0.0,0.9809523809523808,0.0609523809523809,0.0552380952380952,0.90625,0.0023423076803322,0.0228909835214167,0.2922522691543638,0.2915262789033326,0.8259074119589314,single,,0.0,en,kappa_vs_majority,-0.2950819672131167,0.1
TweetEval Offensive [baseline size=2000],8,1200.0,384.0,2.0,0.6316666666666666,146.0,22.56544193194746,0.5,1.0,0.3866999999095654,0.0280239526585985,27.582971656254504,16.632,53.195103397050495,0.6004798081534466,0.0,0.0088536979396093,0.003339866222595,3.321928094887362,0.0,0.0266666666666666,1.0,0.0,0.5022906180802892,0.0,0.0,0.0017542213320505,0.0018825093990637,1.0,0.6248871292120249,1.217501319895045e-16,1.3502171325873927e-16,1.9401065575636946e-17,2.434219395866319e-17,0.884317486794551,0.2253235611694782,0.2705715795691213,86.54210560802657,0.9921157542183912,0.0171923544114612,0.425992331246355,0.0,0.0036080967744115,0.0,0.98,0.0,0.8575,0.0,0.5,0.0,0.0,0.0,0.5672199117080393,0.0,0.0,0.832678403375051,0.1876440107469975,37.5,0.5764659709263904,0.2964740407424512,4.310373025907075,0.0127359802668197,0.3569216078112174,0.4369152352993448,0.1617863698351772,0.0,0.2691666666666666,0.0,0.2408333333333333,0.0,0.3374274037087574,0.9976277777777778,0.4253341594263496,0.2189896500624336,1.4535177178345131,0.4399689745487765,5.377642775528103e-19,3.029091901103505e-17,0.0005694535110952,0.023989676756816573,-1.5603711993415357,0.4912179379147795,0.0115550689802866,0.0127359802668197,0.5775,0.4927426708246588,0.036370924805319,0.4191666666666667,0.4936284328794396,0.1025,0.3034311707721596,32.0,0.0,0.0,2.0,0.0,1.0,1200.0,8.0,32.0,31.0,286.4866520100126,0.0,0.2522958650114789,3.013888917176049,0.866177126245945,0.3374274037087574,0.4362629672217062,0.1900714557664499,1.0257095721824858,-0.0466524988472452,0.2355998537334773,0.0,0.0,0.9916666666666668,0.0266666666666666,0.0233333333333333,0.875,0.0003982748681639,0.0183787575464133,0.2253235611694782,0.2705715795691212,0.7477041349885211,single,,0.0,en,kappa_vs_majority,0.2633333333333332,0.1
"TweetEval Offensive [size=719, imbalanced]",2,322.0,384.0,2.0,0.6862524518287758,116.0,24.34419573784303,0.2608695652173913,0.828055725379504,0.4046240081292184,0.0355809420792286,23.98020012206153,16.824,45.28709896497614,0.4111252850409471,0.0,0.0176189958653607,0.0059978637520547,2.584906727024529,0.0,0.0993788819875776,0.828055725379504,0.3723076923076923,0.525323391706595,0.0,0.0,0.0043262385873579,0.003606789007631,0.828055725379504,0.621369325622978,1.3320773993626883e-16,1.4003951372011358e-16,2.4455324512054378e-17,2.768424067508193e-17,0.8523635378572396,0.2355043181824646,0.2444640297180813,52.352871923149074,0.9913761041914336,0.0143452713564941,0.3373636129363432,0.0,0.000432493042336,0.0,0.9347826086956522,0.0,0.2888198757763975,0.0,0.5,0.3381815040457401,0.0,0.0,0.6327328209834472,0.0,0.0,0.7619621432351628,0.1791322731446308,10.0625,0.5922471148806725,0.2932648592345518,3.3971456367268527,0.0128492519536112,0.3966304993811711,0.5508364533680911,0.135217943121196,0.0,0.1614906832298136,0.0,0.1677018633540372,0.0,0.3811480640061441,0.9856487018247752,0.4364138824665725,0.2082482543309513,1.3422651820554714,0.38097913204241,5.81832718650606e-19,2.1273283433721848e-17,0.0030446447753348,0.030081976225783326,-1.3880087807504142,0.386908992954273,0.0158168156771808,0.0128492519536112,0.4472049689440994,0.4854282283085531,0.0400098504332156,0.3198757763975155,0.4671541569196158,0.1614906832298136,0.3685556741655952,32.0,0.0,0.0,2.0,0.0,1.0,322.0,19.0,32.0,30.0,162.42775813932104,0.0,0.2759646658741206,2.730273962805886,0.7139135984154371,0.3811480640061441,0.4518373348718088,0.1798848118845535,1.081424725862558,-0.0457635946767634,0.257182666973165,0.0,0.0,0.9720496894409938,0.0993788819875776,0.0869565217391304,0.875,-0.0010644669255623,0.0209019026100032,0.2355043181824646,0.2444640297180814,0.7240353341258794,single,,0.0,en,kappa_vs_majority,-0.20269893465635916,0.1
TweetEval Offensive [size=1110],16,1110.0,384.0,2.0,0.7288288288288288,145.0,9.64461188818194,0.3306306306306306,0.915569387909868,0.3899665442623107,0.0301209087254445,26.679786021748757,16.664,49.49709947748268,0.5505488170907281,0.0,0.0087143311152625,0.0018026221259138,3.3219277289687685,2.069948150502566e-06,0.0288288288288288,0.915569387909868,0.2058659925619377,0.4901372268190546,0.0,0.0,0.0018345624504279,0.0019821387237631,0.915569387909868,0.646837591711951,1.232325708598331e-16,1.7530198788985434e-16,2.0658346692166452e-17,3.875599002747247e-17,0.8767512327476259,0.2305381784449319,0.2743966549120949,75.5205602339397,0.9924926718401916,0.0187198340874067,0.4121877788413673,0.0,0.0032274709542423,0.0,0.9801801801801802,0.0,0.7855855855855856,0.0,0.5,0.2395244592127404,0.0,0.0,0.5958826505240664,0.0,0.0,0.7626750838136128,0.1947929202430433,34.6875,0.5783628948142905,0.3066927255883611,4.225373671487425,0.013671834996562,0.2966205363507105,0.3592818703700475,0.1476535466580207,0.0,0.2414414414414414,0.0,0.2342342342342342,0.0,0.3161955912266024,0.9970724778832888,0.4277323040566246,0.2281694193108839,1.4832715915457304,0.4927316489023943,-6.376280884671504e-19,2.2144789004705916e-17,-0.0029511199015198,0.02672863023639523,-1.464512964377359,0.5574051991265121,0.0121234453912115,0.0136719225712893,0.5171171171171172,0.4862845240821435,0.0487178035380718,0.372972972972973,0.4838129936190015,0.2882882882882883,0.4531701258717745,32.0,0.0,0.0,2.0,0.0,1.0,1110.0,10.0,32.0,31.0,273.00855299574226,0.0,0.2402345011138733,2.947784555923089,0.9751067023581664,0.3161955912266024,0.4409453910291012,0.1930544715378904,1.0311414623257378,0.0058815765388577,0.2456218623420983,8.130867945761541e-07,0.0,0.9855855855855856,0.0288288288288288,0.0252252252252252,0.875,-0.0006051281551484,0.019715599400194,0.230538178444932,0.2743966549120949,0.7597654988861267,single,,0.0,en,kappa_vs_majority,0.17983651226158026,0.1
"TweetEval Offensive [size=1113, imbalanced]",2,526.0,384.0,2.0,0.663517316017316,132.0,21.05019078426743,0.3003802281368821,0.8817551907353385,0.3904991190341331,0.0290968887211141,26.1947069709988,16.704,48.98722443881656,0.490289710273426,0.0,0.0143899838949422,0.0040589068270557,2.9999686338557123,0.0,0.0608365019011406,0.8817551907353385,0.2749582263012196,0.4745443425281115,0.0,0.0,0.0030433466770723,0.0020255009457988,0.8817551907353385,0.6203549638035507,1.3102057819336747e-16,1.4689107226099515e-16,2.1934269317002337e-17,2.69119760784276e-17,0.8601484700344015,0.2297117753440082,0.2529342993065894,57.5430298991716,0.9929627395929552,0.0104426154865167,0.4205658480425734,0.0,0.0046368934764315,0.0,0.9562737642585551,0.0,0.655893536121673,0.0,0.5,0.2823049886866444,0.0,0.0,0.5701268847349847,0.0,0.0,0.7343349754950607,0.2110152546386851,16.4375,0.5828421777300563,0.2722448714581972,3.8664004189191497,0.0100953956946114,0.3995117701563216,0.5514868406821927,0.1466944153448411,0.0,0.2262357414448669,0.0,0.2110266159695817,0.0,0.2906428816131357,0.9908412728245312,0.4307707881759692,0.2033972487093109,1.3887659467594176,0.3857333922553637,-6.503564058224836e-18,4.2433134572875086e-17,0.0033796511197477,0.02754065699088152,-1.4140219829204956,0.4442483319312908,0.015323405671901,0.0100953956946114,0.5,0.4841177431706061,0.0468180053774702,0.3536121673003802,0.4785456874882267,0.1653992395437262,0.3718941635406653,32.0,0.0,0.0,2.0,0.0,1.0,526.0,13.0,32.0,30.0,194.77688524926512,0.0,0.2251923330254376,2.802787929679913,0.7778860014758417,0.2906428816131357,0.4444370195507827,0.1822795046163297,1.0449745192310658,-0.0411946252281135,0.239153646245675,0.0,0.0,0.9790874524714828,0.0608365019011406,0.0551330798479087,0.90625,0.0018547619232217,0.0181777827468697,0.2297117753440082,0.2529342993065895,0.7748076669745624,single,,0.0,en,kappa_vs_majority,-0.12018918844868211,0.1
Yahoo Answers Topics (10 classes) [baseline size=2000],32,1200.0,384.0,10.0,0.6024999999999999,158.0,22.927067982740756,0.1,0.9999999999999998,0.2400476217021241,0.7805977716994801,27.2703406174015,17.0,56.29935215003557,0.0,0.0,0.0082109281439931,0.0014293035995442,3.321928094887362,0.0,0.0266666666666666,0.9999999999999998,0.0,0.5676890493031673,0.134736385572033,0.0,0.0204758567593034,0.0135593757601057,3.321928094887362,0.3947243806963344,1.651667168377284e-16,1.8037025923202923e-16,4.4239561540804437e-17,5.4062346617238793e-17,0.9601709758131776,0.2832844952832439,0.1299420195143626,25.02261601236675,0.9048227904622776,0.0876501909488218,0.0975545963617617,0.0448131877796977,0.0005550850217503,0.0006456615568179,0.8365740740740741,0.0837908317134805,0.0094444444444444,0.0225504484938266,0.1,0.0,0.0,0.0,1.3862550680843648,0.0,0.0,0.929901819589251,0.2187564529673561,37.5,0.6861067350776504,0.1691729141207055,6.511099163361275,0.0826883841600865,0.2836150401462307,0.2831573059655149,0.0530983625884827,0.0389331818133537,0.0501851851851851,0.0449199234528272,0.0528703703703703,0.0346430916504594,5.244784058503733,0.9972791666666668,0.5062688158895625,0.1231905053882862,1.8085417722135728,0.3835238842674138,-8.789265611615825e-19,2.7612309419078204e-17,-0.0023154157232015,0.02439698453287194,-1.7648495616116988,0.2766652288789142,0.1327570264134489,0.0826883841600865,0.63,0.4981366903949099,0.046276646124808,0.4916666666666666,0.5001389854092168,0.3991666666666666,0.489931287131826,32.0,0.0,0.0,10.0,0.0,9.0,1200.0,14.0,32.0,32.0,24.02261601236675,0.0,3.045668859064731,3.5733913338252714,0.5372525362126441,1.1888408878176535,0.5209628129587355,0.1107499027183292,1.3414837233188792,0.0236076023212811,0.2095861680905859,0.0,0.0,0.9958333333333332,0.0266666666666666,0.025,0.9375,-0.0021267390693572,0.0174136786537597,0.283284495283244,0.1299420195143627,0.0197642864618019,single,,0.0,en,kappa_vs_majority,0.5583333333333332,0.1
"Yahoo Answers Topics (10 classes) [size=495, imbalanced]",16,459.0,384.0,10.0,0.5490196078431372,139.0,21.8902858332011,0.0305010893246187,0.9843689017862378,0.2627776204843726,0.8485517899346108,25.316153595711615,16.992,50.79960985722818,0.0890842298052803,0.0,0.0134966828213142,0.0033424034437183,2.807313805175942,0.0,0.0697167755991285,0.9843689017862378,0.0061907084041012,0.5988536306193634,0.1324755421082592,0.0,0.0377996291650111,0.0181344753700805,3.2700027105771228,0.400258989339276,1.20401341419344e-16,1.4254109443101661e-16,3.4469114608194964e-17,4.4233819559290994e-17,0.958206086898612,0.308038603575144,0.1367698574409136,19.39201617161268,0.8947490263042646,0.0904321789617071,0.0643727929413975,0.030886610373918,7.737840871227669e-05,0.0001235455487606,0.6951805051890231,0.1449783578638891,0.0,0.0,0.1,0.0244649795880257,0.0,0.0,1.5469289970083588,0.0,0.0,0.9317476678028374,0.2089653544972426,14.34375,0.7047555884673933,0.1903999885912155,5.908690278974036,0.0772641276939729,0.3781874463385477,0.4453697703474764,0.0096512435874962,0.0225640835907605,0.0076164378903701,0.014278681453599,0.0357431672016232,0.0343983927227383,6.2542327980293075,0.9947503571750655,0.5223585123936592,0.1426729235844922,1.6257534223848986,0.3144423552308934,-1.1791584411868485e-18,1.9978323862710052e-17,-0.0027218872730574,0.028401847857836924,-1.7780154990551915,0.3813383073535055,0.1686262367790292,0.0772641276939729,0.6775599128540305,0.5013343457955695,0.0452173601351381,0.5359477124183006,0.4992502298646088,0.4313725490196078,0.4958082706586609,32.0,0.0,0.0,10.0,0.0,9.0,459.0,10.0,32.0,30.0,15.64814360326795,0.0,3.368029192208955,3.40376892144009,0.536216088099775,1.5303252102571918,0.5436635489973569,0.1134493734092884,7.380397044218485,-0.043605878965808,0.2536288980035312,0.0,0.0,0.989106753812636,0.0697167755991285,0.065359477124183,0.9375,0.0002920804117748,0.0190092025222248,0.3080386035751441,0.1367698574409137,0.0113551620625427,single,,0.0,en,kappa_vs_majority,0.49891067538126355,0.1
Yahoo Answers Topics (10 classes) [size=1412],24,1200.0,384.0,10.0,0.6175,158.0,23.958076021302343,0.1,0.9999999999999998,0.2411415844051349,0.8147294303331024,27.54854339699757,16.972,56.619654854574975,0.1649727250184102,0.0,0.0084103761744262,0.0022183394493738,3.321928094887362,0.0,0.0266666666666666,0.9999999999999998,0.0,0.5893745443352691,0.1368148571696114,0.0,0.021331855321922,0.0133532926515007,3.321928094887362,0.3817805866923726,1.5593029663921255e-16,1.678483357378543e-16,4.203570455195172e-17,5.754580609583122e-17,0.9579288295802058,0.2834798859161441,0.1295881088954104,23.934073664384865,0.8976246958901968,0.0907940020373939,0.0884466729372989,0.0379202806677493,0.0005773323638566,0.0008530654007312,0.837314814814815,0.0898536072460592,0.0087962962962962,0.0264154571200217,0.1,0.0,0.0,0.0,1.600161798189043,0.0,0.0,0.9322349388416432,0.212053853503179,37.5,0.6916679343565169,0.1779277156860393,6.50506125910521,0.0854205299924417,0.221191443913384,0.3587584306005262,0.0449459309958888,0.0369591903345749,0.0425925925925925,0.0373195245626233,0.0466666666666666,0.0259844067459581,5.953340595232979,0.9971763888888888,0.5122982518572554,0.1326001032587028,1.80976818712841,0.2726232934684666,6.591949208711859e-19,3.3466769013278593e-17,0.000739816403968,0.019846558087010274,-1.7508083096821734,0.2817959076053022,0.138794930669515,0.0854205299924417,0.6158333333333333,0.4951996329688108,0.0442498427273289,0.47,0.499307276598008,0.4633333333333333,0.4988616454890128,32.0,0.0,0.0,10.0,0.0,9.0,1200.0,13.0,32.0,30.0,22.93407366438486,0.0,3.2760076227323855,3.5605764968105835,0.4525617177350742,1.276496271356771,0.5209155893369177,0.1118839707827114,1.3392902630942158,-0.0144950435176045,0.1746913478285958,0.0,0.0,0.9908333333333332,0.0266666666666666,0.025,0.9375,0.0011423297661365,0.0142617488969723,0.2834798859161441,0.1295881088954104,0.0132959933572347,single,,0.0,en,kappa_vs_majority,0.5750000000000001,0.1
Yahoo Answers Topics (10 classes) [size=1484],24,1200.0,384.0,10.0,0.5983333333333333,158.0,23.075008058291544,0.1,0.9999999999999998,0.2428510846894983,0.8001483593137928,27.4778982566439,16.988,56.38522657873386,0.1088852607105295,0.0,0.0081541100063668,0.0014400225957073,3.321928094887362,0.0,0.0266666666666666,0.9999999999999998,0.0,0.5747789136924352,0.1365266733521986,0.0,0.0215599608543833,0.0140512181544685,3.321928094887362,0.3877007595930151,1.5985749256490938e-16,1.8276851337238183e-16,4.496297749384351e-17,7.261428418938129e-17,0.958999165971643,0.284523400130381,0.1310684248086462,23.972585637677582,0.902423264672989,0.0890865923781037,0.0944110937836209,0.0409022295657869,0.0004407064152008,0.0004217942619994,0.8179629629629629,0.0973602915713573,0.0076851851851851,0.0297951173509578,0.1,0.0,0.0,0.0,1.4065389310895366,0.0,0.0,0.9303589304098596,0.2195866430023273,37.5,0.6833912116348706,0.1679826441431371,6.505284233245083,0.0840249224895706,0.3032505127600554,0.3166087414120523,0.0476603804303884,0.0383320291551739,0.0463888888888888,0.0418235682191974,0.0489814814814815,0.0301793298012112,5.441549041042788,0.9974201388888888,0.5062612601451684,0.1247357675075878,1.781344192318003,0.3561111871485666,-3.839521293495332e-18,4.192414956150582e-17,-0.0019841901070374,0.025410390897723158,-1.781937240734598,0.2377782080613021,0.1385719565296413,0.0840249224895706,0.6425,0.4977266915623164,0.0439220594494381,0.4933333333333333,0.5001639986813021,0.5308333333333334,0.4992564668971961,32.0,0.0,0.0,10.0,0.0,9.0,1200.0,7.0,32.0,32.0,22.972585637677582,0.0,3.1224534569220457,3.563281433052601,0.465383854804363,1.1305046331677877,0.5218030028938699,0.1124278753234744,1.3343492857761414,0.0037402874766652,0.2113383193746353,0.0,0.0,0.995,0.0266666666666666,0.025,0.9375,-0.0019801398761402,0.0188812544357888,0.284523400130381,0.1310684248086461,0.0174763159274453,single,,0.0,en,kappa_vs_majority,0.5537037037037037,0.1
GoEmotions [baseline size=2000],32,357.0,384.0,203.0,0.0140056022408963,126.0,24.105232497279538,0.0028011204481792,0.9768715770538752,0.3201882477334897,0.7843284764143085,26.870710347396415,16.872,48.46198571116899,0.3340898082851376,0.0,0.0896358543417367,0.0,0.0,0.0,1.314153289364221e-16,1.4296600130850302e-16,3.596011631803028e-17,3.8232724944640826e-17,0.3181962821586628,0.1855016941737538,0.0049261083743842,0.0024865087983216,0.0,0.0,4.72021919455314,0.0,0.0,11.15625,0.7158058440480339,0.1947215713396559,0.1947306067468599,0.3967320596158152,0.0,0.5327579225948171,0.1462251057493885,1.6592821411043197,0.4289107107330862,1.1370456397158904e-18,1.9731343627378485e-17,-0.0040814283770168,0.0271047842131018,-1.59278087385867,0.3485789741578665,32.0,0.0,0.0,203.0,0.0,0.0,357.0,23.0,32.0,31.0,0.0,0.0,3.2520630149629897,0.7049647177294619,0.0,0.5457715715932882,0.1448636245862413,0.0,0.0256866644567489,0.2010104069038014,0.0,0.0,-0.00253611332304,0.0220776328013147,0.3181962821586628,0.1855016941737538,0.0,single,,0.0,en,,,,,,,,,,,,,,,,,,,,,,,,,,,,,,,,,,,,,,,,,,,,,,,,kappa_vs_majority,0.009124441855950243,0.1
GoEmotions [size=1051],2,304.0,384.0,221.0,0.0098362777454216,120.0,22.91318094002583,0.0032894736842105,0.9774750327429468,0.3286731883011746,0.8171014685001122,25.560708126344995,16.86,46.33347226659271,0.3469870314579494,0.0,0.1052631578947368,0.8545056574972305,0.0922622645886971,0.0,1.0710471547987216e-16,1.1938748835789083e-16,2.926608920489829e-17,3.186765760943732e-17,0.3211057120593709,0.1952604286438434,0.004524886877828,0.002467883193725,0.0,0.0,3.904955677674864,0.0,0.0,9.5,0.7175427466922526,0.2310831006465264,0.3472856949108549,0.8376502470475785,159.57371894104708,0.5293438595056734,0.1645004307230275,1.6228547328376508,0.425819097950217,-4.6791883233585e-19,2.490145128551445e-17,0.0098799008451169,0.0299297890089481,-1.6803913401918231,0.3958311882444996,32.0,0.0,0.0,221.0,0.0,32.0,304.0,21.0,32.0,29.0,0.0,23.629639487710858,3.303246073029474,0.7304547917076168,19.19045167682612,0.5474365801779504,0.148693762777636,0.0,-0.0510193922715398,0.2749041193319541,0.0,0.0,0.0022231139543987,0.0207818081074218,0.321105712059371,0.1952604286438434,3.595856386812792e-22,single,,0.0,en,,,,,,,,,,,,,,,,,,,,,,,,,,,,,,,,,,,,,,,,,,,,,,,,kappa_vs_majority,0.005335533553355335,0.1
GoEmotions [size=1330],2,336.0,384.0,223.0,0.0119047619047619,124.0,25.558447195400397,0.0029761904761904,0.9774945884726944,0.3257275223726749,0.7986910717330163,27.117089479710927,16.908,48.395884168777826,0.289025950392002,0.0,0.0952380952380952,0.8170646177107346,0.0968965957844473,0.0,1.4049239061304736e-16,1.6075316053152676e-16,4.029376635227542e-17,5.271971915480118e-17,0.3211346832070372,0.1899702533238792,0.0044843049327354,0.0023612635628412,0.0,0.0,3.7496906923610775,0.0,0.0,10.5,0.7070839039134698,0.2042055210672125,0.2324086264299734,0.4976807460599796,101.5043800528957,0.52474907850462,0.1496432582064197,1.6152009545672623,0.4280158696590315,3.0977204928157314e-19,2.470895492922085e-17,0.0033021860838919,0.0321723642065803,-1.65046709716046,0.4254391198986168,32.0,0.0,0.0,223.0,0.0,32.0,336.0,25.0,32.0,31.0,0.0,21.654084322986293,3.2656680517277223,0.7894903409668883,13.14661687609916,0.5476850779681985,0.1478473094757952,0.0,-0.0544803508708998,0.2209526253445953,0.0,0.0,0.0020162249549688,0.0213498384864749,0.3211346832070372,0.1899702533238792,2.7947971023610933e-18,single,,0.0,en,,,,,,,,,,,,,,,,,,,,,,,,,,,,,,,,,,,,,,,,,,,,,,,,kappa_vs_majority,0.00745388245388245,0.1
GoEmotions [size=1537],4,341.0,384.0,225.0,0.0146975107384981,125.0,23.660247322631832,0.002932551319648,0.9775145660340616,0.3136614172431209,0.8088021364655805,28.170198903327726,16.944,48.44361155648989,0.2299217258111986,0.0,0.093841642228739,0.812556131153316,0.1014785502189205,0.0,1.4971954656236466e-16,1.7624450454443054e-16,4.342282431008231e-17,5.2329919147670465e-17,0.3199278351357127,0.1814220762011742,0.0044444444444444,0.0023364937466262,0.0,0.0,3.003612860668269,0.0,0.0,10.65625,0.722730128236158,0.213073592629378,0.2421357508576829,0.3898517554136075,102.75643031623603,0.5351208583156043,0.157530699216118,1.7250953573718282,0.419268770442755,-4.456357081981474e-18,2.663877623489917e-17,-0.0065539279432736,0.0358072174959259,-1.647702564467465,0.3926181022711525,32.0,0.0,0.0,225.0,0.0,32.0,341.0,26.0,32.0,31.0,0.0,21.4471537015856,3.372797921839293,0.7311354046328814,13.95162849532159,0.5482933511326957,0.1411555490276843,0.0,0.0517103042702931,0.2011413858885553,0.0,0.0,-0.0044037034260776,0.0192482751165515,0.3199278351357127,0.1814220762011742,3.7997106694410695e-18,single,,0.0,en,,,,,,,,,,,,,,,,,,,,,,,,,,,,,,,,,,,,,,,,,,,,,,,,kappa_vs_majority,0.010298838911437822,0.1
Amazon Reviews Classification EN [baseline size=2000],40,1200.0,384.0,5.0,0.4558333333333333,143.0,22.89372251480335,0.2,1.0000000000000002,0.3391792993096974,0.1646628169957317,26.238980168743502,16.832,52.24117567088671,0.3844164408554869,0.0,0.0078216186824795,0.0013355087762434,3.321928094887362,0.0,0.0266666666666666,1.0000000000000002,0.0,0.3858771159951443,0.2823364627895559,0.0,0.0066567223340591,0.0088952108568507,2.321928094887362,0.5914255659281304,1.5769133998073871e-16,1.8056802968876812e-16,3.609305794386677e-17,5.283675068803096e-17,0.9465012510425356,0.2692765258837631,0.178279378133877,52.54537204295082,0.9739141791535092,0.0670458391427554,0.2848852144858508,0.1746236786988365,0.0033166283883981,0.0028018682900646,0.9066666666666666,0.1026265779716581,0.5622916666666666,0.1525770461617084,0.2,0.0,0.0,0.0,0.6812215650165088,0.0,0.0,0.9107729815774992,0.1946294360388369,37.5,0.6479068526638998,0.1987855466259667,5.599667177410526,0.0615677700214427,0.2824926855704501,0.414973852462945,0.118265411326918,0.0568381682489712,0.1775,0.1076043851509022,0.1616666666666666,0.0992943855411774,1.662681197004933,0.9987006944444444,0.4790158011358703,0.1448205162132091,1.7459237998635202,0.5762240189914056,5.331383482835387e-18,2.865918574107917e-17,-0.0002021451824125,0.03879842736550643,-1.5948566756556066,0.4164934491850561,0.0441890123641984,0.0615677700214427,0.77,0.5123487283418886,0.0322994662695065,0.6633333333333333,0.4727668339554878,0.4583333333333333,0.4984686028349553,32.0,0.0,0.0,5.0,0.0,4.0,1200.0,14.0,32.0,32.0,74.17543201709476,0.0,0.8347462292564751,3.3407804755191264,0.8442737906147698,1.3477102744127094,0.496988386086495,0.1516500895339104,1.099615871220817,0.0095080294464268,0.3370951253604625,0.0,0.0,0.9991666666666666,0.0266666666666666,0.0241666666666666,0.90625,-0.001829408849297,0.0329777151216455,0.2692765258837631,0.1782793781338771,0.3200552529401483,single,,0.0,en,kappa_vs_majority,0.3197916666666666,0.1
Amazon Reviews Classification EN [size=335],2,335.0,384.0,5.0,0.3343790218790219,117.0,22.335913544011223,0.2,1.0000000000000002,0.358798788150556,0.1953832353884795,25.243379840677452,16.912,45.37282334617217,0.2832948993540123,0.0,0.0147869308398993,0.0038197882123681,2.5849302333451782,0.0,0.0955223880597015,1.0000000000000002,0.0,0.4622993331174485,0.2286176326186808,0.0,0.0152740764689963,0.0165551012967479,2.321928094887362,0.6021552672091488,1.16817945781045e-16,1.2573791848964718e-16,3.082386903424598e-17,4.2072416558748105e-17,0.947966753061042,0.2821328141762894,0.186023937345184,41.254261146902735,0.9683849731919292,0.0714204951973352,0.2086352418288281,0.1165303461231908,0.000532193683949,0.0003150873065019,0.826865671641791,0.1373260503251963,0.0,0.0,0.2,0.0,0.0,0.0,0.8016678213995456,0.0,0.0,0.9053092493326164,0.2103336186384317,10.46875,0.6685724437660527,0.2171267664637002,4.8505749763960075,0.0626811271437924,0.1758928363701525,0.3063336409649279,0.1047130334554854,0.0637916275010118,0.1171641791044776,0.0918075596247788,0.1425373134328358,0.0803332395124218,2.0274824298891323,0.9957139674760526,0.4947091877309513,0.1595128285123736,1.5252000985432064,0.4344566107598177,-1.8848935679270384e-18,1.8424918569211225e-17,-0.0067792433160948,0.03831984244447086,-1.48721213005159,0.3960587654087499,0.0562833518365335,0.0626811271437924,0.8208955223880597,0.5180428153575561,0.0337374419087696,0.7343283582089553,0.4423509048208214,0.3970149253731343,0.4900110438856043,32.0,0.0,0.0,5.0,0.0,4.0,335.0,23.0,32.0,31.0,44.927084102110975,0.0,1.011680759435861,3.0124122285947967,0.7797971305189332,1.5344991722022814,0.508932907380101,0.1544859862922811,1.291161612536764,0.027891686983338,0.254669511043577,0.0,0.0,0.9970149253731344,0.0955223880597015,0.0865671641791044,0.90625,-0.0040999363855678,0.0292862489009353,0.2821328141762895,0.1860239373451841,0.2525141858856167,single,,0.0,en,kappa_vs_majority,0.16797377734877736,0.1
"Amazon Reviews Classification EN [size=1189, imbalanced]",24,1043.0,384.0,5.0,0.4448861064184526,140.0,21.62851275840173,0.087248322147651,0.9701941780382216,0.3449453669433234,0.1769003245003175,25.826987413352786,16.9,51.08887504293863,0.3,0.0,0.0091725920794974,0.0015553423372042,3.3219141876093694,0.0,0.0306807286673058,0.9701941780382216,0.0220599269671353,0.3804534750480181,0.278125951796924,0.0,0.0063707945477158,0.0088688566873297,2.2527211194830987,0.5986326154918193,1.292924379836151e-16,1.525273564539507e-16,2.9891580098142484e-17,4.6340145573583664e-17,0.943204214919682,0.2760869030439025,0.1894811731935542,52.898326609522734,0.974654950371752,0.0707902295519655,0.263586045608552,0.1689604326056443,0.0018208899934932,0.0016350467641927,0.859534239227606,0.1103628307937506,0.4195825138566064,0.2226295984279917,0.2,0.0630301040637524,0.0,0.0,0.7433833176339799,0.0,0.0,0.9091369493802276,0.182468973191659,32.59375,0.649719274767822,0.1983487326673553,5.532049439752809,0.0627476177329805,0.3051067341822658,0.5678578466705511,0.112471276899992,0.0525832124000265,0.154358126229215,0.0994670442686655,0.14180225281602,0.0993060456686189,1.5569687873819598,0.9985172574502528,0.4783701112097729,0.1446619516048177,1.6712677602706427,0.5885726694023662,2.015805228076597e-18,2.208287032926794e-17,0.0020358003255551,0.050292111932936256,-1.663814242827629,0.4380291705498054,0.0425858673396591,0.0627476177329805,0.788111217641419,0.5123284978510286,0.0321158764499045,0.6701821668264621,0.4703723617752002,0.4324065196548418,0.4956477175565984,32.0,0.0,0.0,5.0,0.0,4.0,1043.0,15.0,32.0,32.0,77.00508467079526,0.0,0.8110415218932866,3.3350820030982717,0.8360268485164183,1.2483143551637996,0.5022007875463723,0.1570083935515295,1.1218269347591658,-0.0111617931781739,0.3835077716138977,0.0,0.0,1.0,0.0306807286673058,0.0278044103547459,0.90625,6.775803171620151e-05,0.042420175018496,0.2760869030439025,0.1894811731935542,0.3360558339735134,single,,0.0,en,kappa_vs_majority,0.3061076330230657,0.1
Amazon Reviews Classification EN [size=1200],16,1200.0,384.0,5.0,0.4666666666666666,143.0,23.92880962529478,0.2,1.0000000000000002,0.3356741695072018,0.1684687659841958,27.001139621420695,16.976,52.726487311678866,0.1530490117576719,0.0,0.0083572991487424,0.0015288575569075,3.321928094887362,0.0,0.0266666666666666,1.0000000000000002,0.0,0.3865826531710152,0.2919993050886878,0.0,0.006306365603025,0.0079035411678448,2.321928094887362,0.5941578516874961,1.4805355194565535e-16,1.8059774173676596e-16,3.55910408932552e-17,5.5381928450117464e-17,0.946845982763414,0.2670723439632747,0.1753692443500367,55.4636514707158,0.9733257685931488,0.0648617121737769,0.2845168705124498,0.1766075442365119,0.0031606675985772,0.0022349661737611,0.9102083333333332,0.07499003277391,0.5758333333333334,0.1255512536136163,0.2,0.0,0.0,0.0,0.7431315435348708,0.0,0.0,0.9180163667671588,0.1778723589897682,37.5,0.6429831708245454,0.1869408084210905,5.601992229625738,0.0539370322527,0.311801345077358,0.801853452837316,0.1214911892954564,0.0519684555353475,0.173125,0.0996688672648177,0.15875,0.1012594302878612,1.638561416789622,0.9986833333333334,0.4752304564425531,0.13867897968092,1.7235400462992785,0.5967559123348948,-2.4286128663675298e-18,3.3544162429379084e-17,-0.0052728503027527,0.04316649852519099,-1.612259280224997,0.4117663170873595,0.0418639601489872,0.0539370322527,0.7808333333333334,0.5104907909893842,0.0325349220251315,0.6683333333333333,0.4710082407537443,0.4341666666666666,0.495853672578309,32.0,0.0,0.0,5.0,0.0,4.0,1200.0,17.0,32.0,32.0,78.35054598430595,0.0,0.8535753734477953,3.3357993265242754,0.8303566061441211,1.2577154709961866,0.4954013736451871,0.1494931581689977,1.1094180485957816,0.044192431223149,0.391031694584784,0.0,0.0,1.0,0.0266666666666666,0.0241666666666666,0.90625,-0.0035358247850268,0.0370053642266755,0.2670723439632748,0.1753692443500368,0.3169357644492555,single,,0.0,en,kappa_vs_majority,0.33333333333333326,0.1
Georeview Classification RU [baseline size=2000],4,1200.0,384.0,5.0,0.465,121.0,22.703514667488975,0.2,1.0000000000000002,0.4347792156552588,0.158469766634946,23.11398547168313,16.172,45.74737503479302,0.3773804446443932,0.0,0.0080769495725533,0.0017383882694774,3.321928094887362,0.0,0.0266666666666666,1.0000000000000002,0.0,0.4164539972310487,0.2792739074114239,0.0,0.0068185181816323,0.0103533868092419,2.321928094887362,0.5770553276637023,1.2519421852262618e-16,1.5018121614870462e-16,1.4145467082779977e-17,2.3588295236443945e-17,0.9446872393661384,0.1458202598548632,0.133611576419408,52.03983035148542,0.9710088269744984,0.0763748545069841,0.2576381773606642,0.1565713157002271,0.0045658887834225,0.0033538270738184,0.925,0.0662748905024452,0.56875,0.1321124661177124,0.2,0.0,0.0,0.0,0.4802448500380706,0.0,0.0,0.9134855280451698,0.1873757250926973,37.5,0.4645682909861965,0.2003467352333917,5.5992379026049806,0.0697548262590159,0.2671582096935639,0.2773550380079371,0.119019253492193,0.0519546146083373,0.1622916666666666,0.0951994434215756,0.1439583333333333,0.0822173539286995,1.872929639899342,0.998675,0.341878156304581,0.1417324135887746,1.1618082161744423,0.3983106991172453,3.400058012914542e-18,1.6743876938009566e-17,-0.0031114196841009,0.02910715110493885,-1.1861223039699795,0.338719943194857,0.0446182871697445,0.0697548262590159,0.795,0.5114266509385934,0.0324131527690848,0.6716666666666666,0.469802601410918,0.4633333333333333,0.4988616454890128,32.0,0.0,0.0,5.0,0.0,4.0,1200.0,12.0,32.0,32.0,73.45216536998645,0.0,0.9277174733214072,2.3479305201444225,0.6929402679469839,1.4371144909646656,0.3548501897581646,0.1433303522175087,1.1048329355675512,-0.0083406711044627,0.1914866612545457,0.0,0.0,1.0,0.0266666666666666,0.0233333333333333,0.875,-0.0017565120910049,0.0206940004944157,0.1458202598548632,0.133611576419408,0.2800232289880298,single,,0.0,ru,kappa_vs_majority,0.33125,0.1
Georeview Classification RU [size=444],4,444.0,384.0,5.0,0.445945945945946,106.0,20.081449741190795,0.1981981981981982,0.9999936821158704,0.4512960427676205,0.1792518983976949,20.644065580851816,16.128,40.71337883051065,0.3340898082851376,0.0,0.0139498729797748,0.0034300860519519,2.8073110449042074,0.0,0.072072072072072,0.9999936821158704,6.330075454807904e-06,0.4757710015370451,0.2261852152460768,0.0,0.0135187540286003,0.0130866099556542,2.321913425214701,0.5795463388063186,1.2335948635264384e-16,1.2245531027657138e-16,1.593206789366973e-17,2.246611304892397e-17,0.944756268684034,0.1542482317750147,0.1403601935193053,38.6315025454982,0.9669090122840732,0.0702614095847881,0.2164683933523305,0.1190372271168499,0.0005821021901645,0.0004703748201329,0.8233161937408748,0.1705027816200844,0.0061797752808988,0.0195421653156472,0.2,0.0010072378277026,0.0,0.0,1.2079785629190485,0.0,0.0,0.9131282577275224,0.1883373837246082,13.875,0.4825363768711561,0.2185472617866733,5.069120325257339,0.0604788471139298,0.3592057681545828,0.659017412246652,0.109861616754929,0.0573918154812658,0.1334475972830572,0.0856192595779059,0.1250079349965085,0.0792122326093194,2.023748649468492,0.996565822579336,0.3572187917249967,0.159888978271223,1.1319081547155236,0.3349653658464941,3.95001223921746e-18,1.216804644679628e-17,-0.0014269987553554,0.01731375192192774,-1.1455662569498588,0.4264579593172617,0.0601041448615691,0.0604788471139299,0.795045045045045,0.5151441504798903,0.0346396448229038,0.6801801801801802,0.4669327066755965,0.4234234234234234,0.4946585944348878,32.0,0.0,0.0,5.0,0.0,4.0,444.0,18.0,32.0,31.0,45.70744507504364,0.0,1.0589114384019944,2.277474411665382,0.6827606262062065,1.4032594285639384,0.365227403729444,0.1467310037034042,1.218513898834067,0.0254749987974735,0.2289113497821367,0.0,0.0,1.0,0.072072072072072,0.063063063063063,0.875,0.0003941682885031,0.0133492152128171,0.1542482317750147,0.1403601935193053,0.2425120518598075,single,,0.0,ru,kappa_vs_majority,0.30743243243243246,0.1
Georeview Classification RU [size=1076],4,1076.0,384.0,5.0,0.4154100724648957,120.0,20.000203367042538,0.199814126394052,0.999998927670558,0.4355953571317439,0.1532160386124859,22.661065914521295,16.068,44.68231732039096,0.389070687664851,0.0,0.008924176219862,0.0019211702992979,3.321913132462184,0.0,0.0297397769516728,0.999998927670558,1.0804083081517035e-06,0.3908016002536474,0.2899383775693274,0.0,0.0070646323727416,0.0095444441718595,2.321925605015504,0.5834262783345924,1.2124829509788153e-16,1.452145676508245e-16,1.4103628015033653e-17,2.8956660285785944e-17,0.9466257456557448,0.1486917653903275,0.135629269668025,50.46040806919861,0.9730282373323956,0.0723841987199201,0.2800352403926862,0.1784742923978442,0.0040423051099524,0.0024677073338794,0.9386963794312848,0.0537674934310274,0.5504937139157178,0.1097758405195479,0.2,0.0004156260181226,0.0,0.0,1.4942488706333337,0.0,0.0,0.9157515163270972,0.1824757302027735,33.625,0.4741976443501159,0.2070713354886207,5.597823937085442,0.0633920826185915,0.2486461645699933,0.3232642213079558,0.1181824299114011,0.0572960131018537,0.1815318620838504,0.1044952785266106,0.1638784870231478,0.1087042322983254,1.7636161319792802,0.99857830875748,0.3501203411350201,0.150088003289063,1.1650206464095647,0.3497201955603493,-4.127223139870472e-19,3.8226168486336105e-17,0.0048007930808464,0.03270071043330826,-1.199660151863536,0.4009429262960898,0.046014800392247,0.0633920826185915,0.7927509293680297,0.5132703988451992,0.032059013266519,0.6840148698884758,0.4651231952455445,0.4776951672862453,0.4997345193012729,32.0,0.0,0.0,5.0,0.0,4.0,1076.0,11.0,32.0,32.0,71.19227518417944,0.0,0.8630963514058482,2.364680798273101,0.696262093488059,1.4222366414936392,0.3584448105831148,0.1444333377881721,1.1094177462254966,-0.019416378036518,0.2258001671629647,0.0,0.0,1.0,0.0297397769516728,0.0260223048327137,0.875,0.0028526618606664,0.0230647218942071,0.1486917653903275,0.1356292696680251,0.30402073010155,single,,0.0,ru,kappa_vs_majority,0.26926259058111957,0.1
"Georeview Classification RU [size=1176, imbalanced]",4,1029.0,384.0,5.0,0.4217687074829932,120.0,22.20151256338086,0.0855199222546161,0.9691490178039648,0.4273748939188947,0.157016017624051,23.12586780346053,16.292,45.40484509171034,0.4546823066713725,0.0,0.0089420098890517,0.0014688206571425,3.3219219475743027,0.0,0.0310981535471331,0.9691490178039648,0.0226975673368534,0.3854086091649066,0.2575610582233023,0.0,0.0065393188853114,0.0068445333997132,2.250294332571518,0.5933735508363533,1.2934903640899444e-16,1.541425008355022e-16,1.468184140813022e-17,2.51638139716999e-17,0.9439749218197564,0.1445500291596249,0.129071321528463,52.37960464336566,0.9752133643096208,0.0545654060249494,0.2800191917982507,0.1868180179821841,0.0025572445950517,0.0024586929016249,0.9144990433565562,0.073088157576502,0.4359549559609607,0.304234224163416,0.2,0.0639976924825857,0.0,0.0,1.1405324202421347,0.0,0.0,0.9017040057945838,0.1962359192298221,32.15625,0.4641638381597052,0.2050030924647546,5.52925501024138,0.044975225909827,0.3367919528876137,0.346114581161691,0.1199045550882575,0.0520986998943275,0.1740235373866207,0.111311092034855,0.1504101302022668,0.1056848795270329,1.3263444277398777,0.9984879693929496,0.3429526424360772,0.1493955631698962,1.197312210985602,0.3998110058831319,2.326451308890179e-18,2.4809804415714764e-17,-0.0003404701243716,0.022991916877150898,-1.2170985096228677,0.4284534486585055,0.0429612699044405,0.044975225909827,0.8085519922254616,0.5129921399979482,0.0325841718205423,0.6841593780369291,0.4650758252286009,0.446064139941691,0.4973241235047916,32.0,0.0,0.0,5.0,0.0,4.0,1029.0,12.0,32.0,32.0,76.32364417912483,0.0,0.7931722802130331,2.41441072060847,0.7642185940722873,0.9332874587705036,0.3544404825798051,0.1397582187534246,1.1225387517248624,-0.0065205887983043,0.2115764459460662,0.0,0.0,1.0,0.0310981535471331,0.0272108843537414,0.875,0.0010821743458356,0.014611054764277,0.1445500291596249,0.129071321528463,0.3652430553931638,single,,0.0,ru,kappa_vs_majority,0.27721088435374147,0.1
Headline Classification RU [baseline size=2000],32,1200.0,384.0,6.0,0.7908333333333334,138.0,16.689937284433057,0.1666666666666666,1.0,0.3313049541944325,0.4922087187714017,22.25625782406797,16.504,48.362548777125255,0.4999839997439917,0.0,0.0082626022526985,0.0017522150549672,3.321928094887362,0.0,0.0266666666666666,1.0,0.0,0.7417099615175997,0.0712046067028977,0.0,0.0175797862404663,0.020527065089271,2.584962500721156,0.4128735209779522,1.4404391615845492e-16,1.6839301049391852e-16,2.9835645880077505e-17,3.7981407601423725e-17,0.9330316930775646,0.2450685512506009,0.1790042188804784,22.826178021891383,0.9134077976874624,0.1376318069600038,0.0725390776572326,0.021922379757011,0.000441304604779,0.0002409550081194,0.7416666666666667,0.1074238379149662,0.1026666666666666,0.103886384826795,0.1666666666666666,0.0,0.0,0.0,1.6409071259942238,0.0,0.0,0.8921171378118508,0.2515944264541542,37.5,0.6136624702080036,0.2220891696913679,5.79364507118292,0.1309873160803652,0.409521815059483,0.4361106058179781,0.0400811062803194,0.0185260481278551,0.0368333333333333,0.0229803228457573,0.0305,0.0162073616430488,6.7130397248951414,0.9961486111111112,0.4499446849374729,0.1507816384496418,1.6520263698847806,0.4247485306272854,9.425330886140652e-18,3.941371427580557e-17,-0.0157150564951659,0.046347626128865664,-1.6160023703920363,0.3192511592142562,0.1132455244255983,0.1309873160803652,0.4491666666666666,0.4750795295010404,0.0540053391078952,0.3275,0.4694970069478016,0.0983333333333333,0.2978889677152562,32.0,0.0,0.0,6.0,0.0,5.0,1200.0,6.0,32.0,32.0,28.33385766666523,0.0,2.770948719135053,3.268028740276817,0.6394954088957521,2.064122259446337,0.4734359347023291,0.146976292082096,1.333706006251138,0.0820548678717474,0.2483767269344454,0.0,0.0,0.9416666666666668,0.0266666666666666,0.0241666666666666,0.90625,-0.0117028375352989,0.0298722531176171,0.2450685512506008,0.1790042188804783,0.0157888267929168,single,,0.0,ru,kappa_vs_majority,0.7490000000000001,0.1
Headline Classification RU [size=434],8,434.0,384.0,6.0,0.7671934865900383,120.0,18.919141170433917,0.1658986175115207,0.99998816583039,0.3515532295444735,0.5196798307203849,22.475967892721943,16.304,44.42477726578897,0.4685979086594391,0.0,0.0147520130738558,0.0032874171862635,2.8073549220576037,0.0,0.0737327188940092,0.99998816583039,1.0202780257539956e-05,0.7660631872955849,0.0792315938501427,0.0,0.0303756646301662,0.0310452922283391,2.5849319098364876,0.4201343623024294,1.211023648002714e-16,1.5660452081087966e-16,2.795051069147459e-17,4.05789772497538e-17,0.9336639669650174,0.2607060991336336,0.1845682543856229,18.975029522862208,0.9075194904735424,0.1392037597403175,0.0549632878630093,0.0204832358078787,7.152716992121215e-05,4.055025358042891e-05,0.5695061582602914,0.1785925702415086,0.0,0.0,0.1666666666666666,0.0011898566347795,0.0,0.0,1.7521237825940232,0.0,0.0,0.8914642244471115,0.2529240515663196,13.5625,0.6234697926655639,0.2085402760920963,5.256058748205367,0.1371374686280761,0.3271778221858093,0.5915421642084443,0.0090513947086248,0.0168528365036315,0.0073627075351213,0.0146218473693533,0.0225767595654227,0.0171939540601084,8.196341738657935,0.992981375692837,0.4603217489320796,0.1452752541916749,1.5124694073491862,0.4761739145401077,3.1496822559210225e-18,1.413445367603012e-17,-0.0143625782850167,0.04544447033680556,-1.4538183068342014,0.313375034053068,0.1362280836887243,0.1371374686280761,0.5599078341013825,0.4861250731228764,0.0477721231950979,0.412442396313364,0.4928420924423238,0.4377880184331797,0.4966871229930404,32.0,0.0,0.0,6.0,0.0,5.0,434.0,21.0,32.0,30.0,19.607754627689665,0.0,2.959374616503487,2.966287714183387,0.7461314942853908,2.772811447050198,0.4887995936676457,0.1499455604057576,1.570381667704247,0.0714800016223965,0.2567375101334379,0.0,0.0,0.9608294930875576,0.0737327188940092,0.0668202764976958,0.90625,-0.0089484364838699,0.0302608105342768,0.2607060991336336,0.1845682543856228,0.00943095292004,single,,0.0,ru,kappa_vs_majority,0.720632183908046,0.1
Headline Classification RU [size=1305],16,1200.0,384.0,6.0,0.785,138.0,18.73817560380096,0.1666666666666666,1.0,0.3286081687174338,0.4836533080934851,22.958943259732298,16.08,48.94427971588331,0.2993325909419153,0.0,0.0088791842647174,0.0025371536158109,3.321928094887362,0.0,0.0266666666666666,1.0,0.0,0.7392037188276293,0.0698133379941156,0.0,0.0173980733623026,0.0204264697536202,2.584962500721156,0.4166493803758875,1.4752857978152267e-16,1.7478566464107536e-16,3.051591135089328e-17,4.055928759837586e-17,0.9333444537114262,0.240705522366475,0.1768874672440691,22.668638517372848,0.9140122598460904,0.1371539198427346,0.0733402592852026,0.0211164078426488,0.0004018530112606,0.0006025469410101,0.7551666666666667,0.099087203056317,0.0781666666666666,0.1171250349392639,0.1666666666666666,0.0,0.0,0.0,1.664788018902396,0.0,0.0,0.8946267909210612,0.2467631589280489,37.5,0.6141486825537956,0.2213079652356967,5.792858052421591,0.133967854154775,0.3960404424337866,0.4297910639762153,0.0410882731675236,0.0197807726197833,0.0394999999999999,0.0223447021525397,0.0309999999999999,0.0184148620102661,6.590149512796061,0.9962645833333332,0.4526464343997068,0.1535480287342701,1.6970624130966168,0.4313638237355769,5.7014578243771075e-18,4.720357383089445e-17,-0.0128680643840395,0.0460197507185879,-1.530078426650385,0.3288858346884402,0.1140325431869269,0.133967854154775,0.4466666666666666,0.4781342470493954,0.0513514377574693,0.3333333333333333,0.4716010621882686,0.6458333333333334,0.478459411440391,32.0,0.0,0.0,6.0,0.0,5.0,1200.0,7.0,32.0,31.0,28.13140408911092,0.0,2.751606298290506,3.227140839747002,0.674115594022807,2.030951090141495,0.4690322563357196,0.1462274494617955,1.3242397965228765,0.1105389334882955,0.2136337989195487,0.0,0.0,0.9516666666666668,0.0266666666666666,0.0241666666666666,0.90625,-0.0092761695338979,0.0281638280702981,0.240705522366475,0.1768874672440691,0.016573863052938,single,,0.0,ru,kappa_vs_majority,0.7420000000000001,0.1
Inappropriateness Classification RU [baseline size=2000],24,1200.0,384.0,2.0,0.6750000000000002,139.0,21.99407154564351,0.5,1.0,0.3172594156746607,0.0560014873176704,24.571891329210132,16.308,50.46849071871341,0.4702509968091508,0.0,0.0086958697795362,0.0016562273701415,3.321928094887362,0.0,0.0266666666666666,1.0,0.0,0.4570785566240165,0.0,0.0,0.0015954636406968,0.0011455875343366,1.0,0.5989304605727851,1.414598477520707e-16,1.6197017423568856e-16,2.223793267130638e-17,3.222865394331609e-17,0.8756839032527106,0.1700274442447915,0.0989303909471052,95.69637484505589,0.9934712247835784,0.009903148784671,0.4867072606628571,0.0,0.0082396385850874,0.0,0.985,0.0,0.8441666666666666,0.0,0.5,0.0,0.0,0.0,0.4741155316791495,0.0,0.0,0.8299847832941016,0.1982606279824001,37.5,0.5130970466782729,0.1500530860536363,4.311478378253695,0.0076006229933601,0.4459601677135525,0.3851489221111542,0.169359680855553,0.0,0.3008333333333333,0.0,0.2491666666666666,0.0,0.2640959448238422,0.99783125,0.3780854932846297,0.1061835399603819,1.3858403598042637,0.2975191360898398,-3.272844958009576e-18,2.085228253099733e-17,0.0046133632238047,0.03794413314866004,-1.4207668624821292,0.393595439963657,0.0104497166336668,0.0076006229933601,0.5708333333333333,0.4943454840849166,0.0320506788731137,0.4341666666666666,0.495853672578309,0.2233333333333333,0.4166536000175227,32.0,0.0,0.0,2.0,0.0,1.0,1200.0,6.0,32.0,32.0,316.8964761766634,0.0,0.2089208069254942,2.8066072222863925,0.5784734491264217,0.2640959448238422,0.3984297834654582,0.107912279273597,1.036370207269255,-0.0163781992821701,0.3025436767245887,0.0,0.0,0.9983333333333332,0.0266666666666666,0.0241666666666666,0.90625,0.0040218470718699,0.0270946708417492,0.1700274442447915,0.0989303909471052,0.7910791930745057,single,,0.0,ru,kappa_vs_majority,0.3500000000000003,0.1
Inappropriateness Classification RU [size=932],4,932.0,384.0,2.0,0.6566435017114407,136.0,20.52941516703164,0.5,1.0,0.3206508272693001,0.0640035007690263,24.018432628326,16.068,49.15396194883941,0.2817374664470453,0.0,0.0091562112079894,0.0020036866402721,3.169908386464523,0.0,0.0343347639484978,1.0,0.0,0.4888573128071438,0.0,0.0,0.0020474563321429,0.0017315289382805,1.0,0.6003925833316697,1.4593240694119324e-16,1.6869346741244635e-16,2.247091930174339e-17,3.1653154988733556e-17,0.8750777925807776,0.170525827658947,0.1008889770875737,83.76852237376953,0.992531828991093,0.0115529636723187,0.4437702497992559,0.0,0.0023336102768806,0.0,0.9796137339055794,0.0,0.8261802575107297,0.0,0.5,0.0,0.0,0.0,0.5151157225539021,0.0,0.0,0.8358278240782846,0.1916932444676942,29.125,0.5085260345042513,0.1371714775616159,4.157970728121475,0.0102074945381686,0.4249006818726608,0.3809160782493516,0.1633560737417076,0.0,0.2703862660944206,0.0,0.259656652360515,0.0,0.3140284547376046,0.9969917939177364,0.3761758932530075,0.1007705504023653,1.3461436783019616,0.3230860921720439,-9.526088787606544e-18,2.339697046152399e-17,0.0076636689850942,0.037686800671062386,-1.4402717418429962,0.4260104477624924,0.0119376583430476,0.0102074945381686,0.5579399141630901,0.4912977408666773,0.0375438165502014,0.4087982832618025,0.4918758391241921,0.2907725321888412,0.4543626025830243,32.0,0.0,0.0,2.0,0.0,1.0,932.0,10.0,32.0,32.0,264.53854159435303,0.0,0.2389814722850216,2.786415420144958,0.6398536395199603,0.3140284547376046,0.3988562067827119,0.1086672528402597,1.04430070596283,-0.0345413144923128,0.2754540520707634,0.0,0.0,0.9871244635193132,0.0343347639484978,0.0311158798283261,0.90625,0.0050937771270699,0.0260733269402236,0.170525827658947,0.1008889770875737,0.7610185277149784,single,,0.0,ru,kappa_vs_majority,0.3132870034228814,0.1
Inappropriateness Classification RU [size=961],8,961.0,384.0,2.0,0.6555458203530633,137.0,24.21269992914184,0.4994797086368366,0.999999218915812,0.315588555900035,0.0545921518714516,24.580534398842033,16.012,50.451308581995974,0.2446548589339684,0.0,0.0095262363878573,0.0022914858389602,3.169914047223431,0.0,0.0332986472424557,0.999999218915812,2.1656224756805287e-06,0.4653602265613191,0.0,0.0,0.0021591989447406,0.0014107348640005,0.999999218915812,0.5992295772641985,1.4289901660645922e-16,1.6120210617114902e-16,2.175583541211264e-17,3.10952397032433e-17,0.8754270724939299,0.1684535236041881,0.0968489162278234,79.4611631481772,0.9932324956104625,0.0106637128787748,0.4754232813636888,0.0,0.0052400807876033,0.0,0.9875130072840792,0.0,0.8314255983350677,0.0,0.5,0.0007358031021712,0.0,0.0,0.4870774176327674,0.0,0.0,0.8330813594774169,0.1934699610226106,30.03125,0.5068458066238923,0.134116577689425,4.15732851178508,0.0083171646162387,0.4089943317804149,0.2952018313651553,0.1657410632079333,0.0,0.2976066597294484,0.0,0.2736732570239334,0.0,0.2764221628879011,0.9971327127374472,0.375130969292464,0.0961136683693924,1.373481869776876,0.3434247637170224,-8.411874503696063e-19,2.099251367009596e-17,-0.0044397671404412,0.034663374223232665,-1.351596104227666,0.3160078073781338,0.0125847543541621,0.0083171646162387,0.5421436004162331,0.4921731108818946,0.0319963382726685,0.3943808532778355,0.4889717704527407,0.3038501560874089,0.4601582092317958,32.0,0.0,0.0,2.0,0.0,1.0,961.0,8.0,32.0,32.0,250.88525401570888,0.0,0.2165601404652022,2.7250779740045417,0.5471672662481281,0.2764221628879011,0.3968596000359907,0.1063456638530572,1.0408278427670654,0.0170451456712946,0.2680964698169965,0.0,0.0,0.9968782518210196,0.0332986472424557,0.0301768990634755,0.90625,-0.0031242693616215,0.0265947337812619,0.1684535236041881,0.0968489162278234,0.7834398595347978,single,,0.0,ru,kappa_vs_majority,0.310374027831862,0.1
Inappropriateness Classification RU [size=1402],16,1200.0,384.0,2.0,0.68,139.0,21.588341338003943,0.5,1.0,0.3153318023515866,0.0613631333946601,24.594135608901027,16.044,50.30661923672624,0.2409647277092645,0.0,0.0082852827438498,0.0015726473262768,3.321928094887362,0.0,0.0266666666666666,1.0,0.0,0.4508532145439206,0.0,0.0,0.0017717753416656,0.0017588271373844,1.0,0.6008965356114437,1.4275511061914578e-16,1.6697558633166661e-16,2.173256987587563e-17,2.889404863281397e-17,0.8759257714762302,0.1669139344353687,0.097481351478314,85.84327896306681,0.9936478555917316,0.0135501694551121,0.4953408640940647,0.0,0.0065153904539415,0.0,0.9908333333333332,0.0,0.8666666666666667,0.0,0.5,0.0,0.0,0.0,0.4959335584782767,0.0,0.0,0.831743669961141,0.1945034515210934,37.5,0.5116789204922285,0.1459848184733598,4.31027895925229,0.0117544660990736,0.3847981268702826,0.3437767879143514,0.1689971623491004,0.0,0.3025,0.0,0.2783333333333333,0.0,0.2551281729812029,0.9977743055555556,0.3779284880887539,0.1056467730070311,1.4007506465179658,0.3799641049909057,1.3577102405311811e-17,2.8677728702020217e-17,0.0063679376449624,0.03353283901060864,-1.359977813966092,0.3647978456451083,0.0116491356350709,0.0117544660990736,0.5475,0.4932604780698909,0.0335447205278268,0.4083333333333333,0.4917303337770808,0.1441666666666666,0.351405098865226,32.0,0.0,0.0,2.0,0.0,1.0,1200.0,6.0,32.0,32.0,284.16520014466494,0.0,0.2032686210645864,2.7607284604840574,0.6167398766878525,0.2551281729812029,0.3948455167819892,0.1066121208991471,1.0376255889031127,-0.0181145005784318,0.2793757761522902,0.0,0.0,0.9916666666666668,0.0266666666666666,0.0241666666666666,0.90625,0.0045321180774596,0.0262103018650132,0.1669139344353687,0.097481351478314,0.7967313789354135,single,,0.0,ru,kappa_vs_majority,0.3600000000000001,0.1
RuSciBench GRNTI [baseline size=2000],80,784.0,384.0,28.0,0.5497596833474696,127.0,19.994589305592655,0.0357142857142857,1.0000000000000002,0.3807236843995288,0.4709535775893533,19.45940659893743,16.068,45.63049897613252,0.2671628716719447,0.0,0.0408163265306122,0.4678059354183992,0.2428293870301383,0.0,1.5182948238757412e-16,1.7385059088370023e-16,1.450085007099202e-17,2.140418229198103e-17,0.1197189970705312,0.1073313225417076,0.0357142857142857,0.0,0.0,0.0,1.113927421832976,0.0,0.0,24.5,0.4421586933023563,0.2072525106484655,0.1991383118127084,0.432641185891314,18.115367743414723,0.3251054588722684,0.1483048124252287,1.046520045439974,0.2532705494445431,-3.190652107600199e-18,2.8982039269081367e-17,6.839634299435847e-05,0.0307760178929789,-1.0523047694442471,0.3103057482277317,32.0,0.0,0.0,28.0,0.0,27.0,784.0,12.0,32.0,29.0,0.0,7.441863508083703,2.0988248148842215,0.5014867672702633,5.177089119564359,0.325461970083736,0.1193249965960175,0.0,-0.0010987248152869,0.2165570733849125,0.0,0.0,0.0003678636554605,0.015742246353527,0.1197189970705312,0.1073313225417076,2.2137588246845828e-05,single,,0.0,ru,,,,,,,,,,,,,,,,,,,,,,,,,,,,,,,,,,,,,,,,,,,,,,,,kappa_vs_majority,0.5330841160640426,0.1
"RuSciBench GRNTI [size=421, imbalanced]",24,409.0,384.0,28.0,0.4793008444253614,114.0,18.721601134457032,0.0097799511002444,0.9959147622207596,0.3989615717804565,0.4814497319639587,18.43092201806064,16.128,41.82013078812942,0.3458554611394765,0.0,0.0782396088019559,0.4642569769698277,0.258433310564669,0.0,1.2758561804559422e-16,1.5127511218951727e-16,1.2568293087121613e-17,1.439650571147441e-17,0.1210016588048825,0.1029591670079222,0.0357142857142857,0.0050826518375323,0.0,0.0,1.860100130456306,0.0,0.0,12.78125,0.43906997395458,0.2087344694088663,0.3247156025466909,0.5379961910615277,19.092977250998107,0.3262862625635095,0.1515842846146472,0.9974639023392616,0.2509968334175254,6.718342263929737e-18,1.0796898452981009e-17,-0.0036466584728042,0.0285341816750261,-1.021397004262149,0.2723776927217126,32.0,0.0,0.0,28.0,0.0,27.0,409.0,18.0,32.0,29.0,0.0,7.5559147742041874,2.018860906601411,0.4710739894147583,5.373544214393744,0.3281314192826766,0.1173093202992737,0.0,-0.0272622734316693,0.2651400766979219,0.0,0.0,-0.0003996543808096,0.0159740463344661,0.1210016588048826,0.1029591670079223,1.5941982562336034e-05,single,,0.0,ru,,,,,,,,,,,,,,,,,,,,,,,,,,,,,,,,,,,,,,,,,,,,,,,,kappa_vs_majority,0.46001569051518965,0.1
RuSciBench GRNTI [size=478],48,478.0,384.0,28.0,0.5459381551362683,117.0,19.584015307842236,0.0355648535564853,0.999966406768143,0.3895663644850424,0.4847433962340661,18.682048554547137,16.092,42.83951596559734,0.3154932645873759,0.0,0.0669456066945606,0.4792303137550089,0.2427358098686313,0.0,1.344029708759648e-16,1.6737124551739431e-16,1.3293131034758249e-17,1.7827859217505198e-17,0.122103277330941,0.1028785016328579,0.0357142857142857,0.0005486721007457,0.0,0.0,1.7144389444106227,0.0,0.0,14.9375,0.4410756663754844,0.211198186775313,0.3767384874471748,0.6321359258601736,18.940555017462906,0.3273805241221877,0.1569762199008291,1.0510108615336136,0.288813200074314,-1.3645523576721325e-18,9.898671137844633e-18,-0.0023831590023094,0.0180635183062697,-1.0332523947698913,0.2630024476458814,32.0,0.0,0.0,28.0,0.0,27.0,478.0,16.0,32.0,29.0,0.0,7.732803235993646,2.084263256303505,0.4876595986079541,5.1141195446593795,0.3300062574740717,0.1167258596282712,0.0,0.0263482896549578,0.2166871931647025,0.0,0.0,-0.0007255630688236,0.0127694193616586,0.1221032773309409,0.1028785016328578,1.4083910841782203e-05,single,,0.0,ru,,,,,,,,,,,,,,,,,,,,,,,,,,,,,,,,,,,,,,,,,,,,,,,,kappa_vs_majority,0.5291210497709449,0.1
Sensitive Topics RU [baseline size=2000],88,297.0,384.0,77.0,0.3299663299663299,102.0,18.049896891705476,0.0033670033670033,0.8945612401846594,0.4009373051921545,0.6763127033822772,18.59166271523895,15.924,38.641389901736105,0.2936392344357272,0.0,0.1077441077441077,0.5747690654328133,0.2087618843211539,0.0,1.2712605587810622e-16,1.4931085306727735e-16,2.1750211331529645e-17,2.9112830441850486e-17,0.2005023404323831,0.1533615357888783,0.0129870129870129,0.013071359539876,0.0,0.0,3.1539736267203726,0.0,0.0,9.28125,0.5257227353712285,0.1598133556267157,0.7020066031200961,0.6669291669847046,31.646263388168556,0.3923189213321578,0.1178979708838193,1.3688090646355082,0.5193630829465536,6.944734723691662e-18,1.876854604311739e-17,-0.0101685604135136,0.0506185249928527,-1.293764403814197,0.3182292842532342,32.0,0.0,0.0,77.0,0.0,32.0,297.0,15.0,32.0,32.0,0.0,11.922530569217193,2.6625734684497058,0.7204968623302104,4.615420471664507,0.4254592781352643,0.141828585611361,0.0,0.0825435901288959,0.3724356463372215,0.0,0.0,-0.0097268161441789,0.0409119039979463,0.2005023404323831,0.1533615357888783,1.5905261922978027e-08,single,,0.0,ru,,,,,,,,,,,,,,,,,,,,,,,,,,,,,,,,,,,,,,,,,,,,,,,,kappa_vs_majority,0.32115009746588685,0.1
"Sensitive Topics RU [size=679, imbalanced]",48,679.0,384.0,77.0,0.5934726391433732,126.0,20.216216885436225,0.0014727540500736,0.7346587067248957,0.3716563955649438,0.7085039792804277,20.9337576426995,16.188,45.834493632033926,0.4008191612186224,0.0,0.0471281296023564,0.4519647227422315,0.2300519266444362,0.0,1.4174372150588247e-16,1.689446752921046e-16,2.309387252360461e-17,3.3272039781053066e-17,0.1914258657709669,0.1348547792800946,0.0129870129870129,0.0251615863646595,0.0,0.0,2.688783043874429,0.0,0.0,21.21875,0.5351194426255923,0.1787780339152038,0.4600928025485459,0.483318669991684,19.304087043074553,0.3936752845009969,0.1247134267861796,1.3940682750488411,0.3581521157572069,-2.6161367296027256e-18,2.2492132742490632e-17,0.0004405358635988,0.0263725862079992,-1.4087276801348625,0.422531101497892,32.0,0.0,0.0,77.0,0.0,32.0,679.0,11.0,32.0,32.0,0.0,8.17734809684812,2.8027959551837034,0.7024618209466241,3.989787394591281,0.4172951977819142,0.1335976962487099,0.0,0.0043960976997547,0.232810643442852,0.0,0.0,0.0014406882027382,0.0175103064162327,0.1914258657709669,0.1348547792800947,8.157664047503593e-06,single,,0.0,ru,,,,,,,,,,,,,,,,,,,,,,,,,,,,,,,,,,,,,,,,,,,,,,,,kappa_vs_majority,0.5881235949215755,0.1
Sensitive Topics RU [size=1172],48,265.0,384.0,78.0,0.3850442628532516,100.0,20.43205292136922,0.0037735849056603,0.8780056151905089,0.4032527564855078,0.6968026154787419,19.49642029938292,16.132,39.01511830518804,0.3384907679686404,0.0,0.120754716981132,0.5840683742685348,0.2021930168479647,0.0,1.188028152269056e-16,1.209960532814675e-16,2.1228884116958956e-17,2.6666184167832265e-17,0.2079319199722285,0.1571009538832758,0.0128205128205128,0.0144603405207654,0.0,0.0,3.587238397485617,0.0,0.0,8.28125,0.5461672358685633,0.1757829291396343,0.5764615230816145,0.5131348861170237,32.7028113195766,0.4026621243271077,0.1278031678233574,1.410902311366947,0.4986141014257069,1.0866569698571699e-18,2.1117968081747016e-17,-0.0112489364167326,0.0490379376530603,-1.2618855583546835,0.3067693944599156,32.0,0.0,0.0,78.0,0.0,32.0,265.0,17.0,32.0,31.0,0.0,12.18369020418658,2.6727878697216307,0.7234033399296922,4.708877393517581,0.4330948560665918,0.1449743581185409,0.0,0.0810285583064407,0.3309833520058462,0.0,0.0,-0.0066193157576426,0.0372775812527277,0.2079319199722285,0.157100953883276,1.0024057835558707e-08,single,,0.0,ru,,,,,,,,,,,,,,,,,,,,,,,,,,,,,,,,,,,,,,,,,,,,,,,,kappa_vs_majority,0.3770578247084886,0.1
ANLI R3 [baseline size=2000],2,1200.0,1152.0,3.0,0.3983333333333332,469.0,13.827137572011289,0.3333333333333333,0.9999999999999998,0.1541963666128683,0.0181209462583565,40.59831508853554,17.888,135.32836316513672,0.3153664535108324,1.0,0.0080285489367975,0.0010994399145769,3.321928094887362,0.0,0.0266666666666666,0.9999999999999998,0.0,0.3133496415142693,0.0753327663393008,0.0,0.0022317369792414,0.0015638416237414,1.584962500721156,0.6396437335115641,1.5346500586724276e-16,1.653515138007371e-16,6.76798934982683e-17,8.34018007296878e-17,0.924562135112594,0.4661106090932041,0.1843914385748883,109.18273320418956,0.9936859049099342,0.0115190863740101,0.6101330864202336,0.0718990070153596,0.0091743157470358,0.0032346113635499,0.9825,0.0033071891388307,0.7945833333333333,0.0075346422166771,0.3333333333333333,0.0,0.0,0.0,0.4684184577116564,0.0,0.0,0.8851729383339542,0.1795149625236214,37.5,0.8899061807043056,0.1823238462865103,4.8923739916162265,0.0101271251100311,0.1617485865444216,0.5229554856215544,0.1752127498497631,0.0045641378910585,0.3616666666666666,0.0233964919022774,0.3233333333333333,0.0206281563241442,0.2278293930309282,0.9986326388888888,0.6572623809976811,0.1283381164184552,2.1663818063763713,0.2886374311205812,2.69460379935064e-18,4.8811654329330466e-17,-0.0006718109057512,0.04260049142620322,-2.250526412451215,0.5088101114604745,0.0145166039922907,0.0101271251100311,0.7575,0.5037958247037874,0.0619068506019802,0.6258333333333334,0.4841087411762894,0.1175,0.3221493962867849,32.0,0.0,0.0,3.0,0.0,2.0,1200.0,20.0,32.0,32.0,227.8364480185253,0.0,0.2020510213585739,4.4169082188275866,0.6297499763488996,0.1552796634880564,0.6717606649610297,0.1238030406810673,1.0367186275216431,-0.0086041821269627,0.2191437574445859,0.0,0.0,0.9733333333333334,0.0266666666666666,0.025,0.9375,0.0004431737188633,0.0280165931175669,0.4661106090932041,0.1843914385748883,0.8070406936301993,pair,,0.0,en,kappa_vs_majority,0.09749999999999982,0.1
ANLI R3 [size=395],2,395.0,1152.0,3.0,0.3848793276274192,262.0,28.952976122943912,0.2734177215189873,0.9880131406588188,0.1762803978505182,0.0328778333591154,41.8263026134102,17.804,87.64581968408852,0.3969685126052191,1.0,0.0153535065506593,0.0030107800296342,2.8072994887275695,0.0,0.0810126582278481,0.9880131406588188,0.0202727008448208,0.3500553010918462,0.0686481612495629,0.0,0.005559245189177,0.0026907727879503,1.5659637781639648,0.6455383566254738,1.4451466713000198e-16,1.7258352914184372e-16,7.424036650048699e-17,9.471900285243576e-17,0.9217246032255992,0.5430469762732247,0.2086639867995695,64.03311428043982,0.9921940620394718,0.0106081013824396,0.5430386481290097,0.0572767520558662,0.0027358497251002,0.0002034989293986,0.9479283101137504,0.0218114108199225,0.3536042450657233,0.0674652273791165,0.3333333333333333,0.0666132350105177,0.0,0.0,0.8065298250031266,0.0,0.0,0.8392741352973649,0.2169786796535784,12.34375,0.9665395142695864,0.1808707262626506,4.348807736409203,0.0113747383235618,0.0845596894126126,0.2896504715902639,0.1881487130577842,0.0106279091668277,0.3163969425612688,0.019106505598241,0.2918519014387621,0.0098343296820908,0.2888919926339253,0.99603909629867,0.7142353797610643,0.127270276995855,2.0913383376641437,0.4046756685667375,-3.943751092220691e-18,2.6342783653261258e-17,0.0080291720787068,0.044775779491982186,-2.2326652210085527,0.4626024055909348,0.0244555304823323,0.0113747383235618,0.7544303797468355,0.5093063464498124,0.0403302675047579,0.6253164556962025,0.4846549755103092,0.3544303797468354,0.4789469912156516,32.0,0.0,0.0,3.0,0.0,2.0,395.0,25.0,32.0,30.0,113.79200955201844,0.0,0.2497899976879522,4.324003558672697,0.6957537912948663,0.188890258827985,0.7257667948470357,0.1297522632858652,1.105919005397419,-0.0337165256755912,0.1742078899532232,0.0,0.0,0.9898734177215188,0.0810126582278481,0.0759493670886076,0.9375,0.0033983103807678,0.0258288014342785,0.5430469762732248,0.2086639867995696,0.7646538185045624,pair,,0.0,en,kappa_vs_majority,0.07731899144112885,0.1
ANLI R3 [size=631],2,631.0,1152.0,3.0,0.3883472504325585,353.0,22.605635734644355,0.2725832012678288,0.987753395593478,0.1611770753635853,0.0228302246930926,41.316833306475154,17.86,108.69561726027987,0.3469870314579494,1.0,0.0117164912282016,0.0025546633429379,2.999987277687473,0.0,0.0507131537242472,0.987753395593478,0.0206917395565242,0.3253112922749759,0.0556838294848559,0.0,0.0038271941504259,0.0016124139920511,1.5655520919756525,0.6390598409521465,1.6631464623594128e-16,1.833215994857486e-16,8.018843650053133e-17,9.811423815689783e-17,0.9221442406862376,0.4996067344844915,0.1835913625058198,79.73416944445204,0.9932888878120186,0.0084284388988233,0.5788192905864157,0.034349917754885,0.0038822301469752,0.0011967287810602,0.9682151500960372,0.0092912817048605,0.5731869905456125,0.0677964751154961,0.3333333333333333,0.0673176624332077,0.0,0.0,0.7251658718567987,0.0,0.0,0.8375490738208866,0.2230266822868256,19.71875,0.916971262287284,0.166530366741892,4.545904724906885,0.008364263964455,0.1573884685884232,0.4210130434212564,0.1804774396504223,0.0013056542188947,0.3334546318354272,0.0305151724235691,0.3156933466359891,0.0228614384144731,0.2424365513592892,0.9973101333380217,0.6773209313649098,0.1160385762227578,2.1264305000216535,0.362722219471027,4.618598161079297e-18,1.7830493527364962e-17,0.0028951153729838,0.0544573703166684,-2.2143112831994847,0.424977587026167,0.0196346447562398,0.008364263964455,0.7606973058637084,0.5067047627181284,0.0463518061461492,0.6006339144215531,0.4901566747159741,0.3629160063391442,0.4812223763225783,32.0,0.0,0.0,3.0,0.0,2.0,631.0,22.0,32.0,31.0,151.79050448488906,0.0,0.2147555626293281,4.340741783221139,0.5999225036280821,0.1533967691000936,0.6967493814904148,0.1208444860502085,1.0683879842038075,-0.0362515758840952,0.2597052971127479,0.0,0.0,0.9904912836767036,0.0507131537242472,0.0475435816164817,0.9375,0.0025561906551951,0.0358552611102002,0.4996067344844914,0.1835913625058198,0.7961181493801985,pair,,0.0,en,kappa_vs_majority,0.0825208756488378,0.1
ANLI R3 [size=833],2,833.0,1152.0,3.0,0.4249712143642487,405.0,16.78380671052337,0.2725090036014406,0.9877301391839556,0.1593723225363433,0.0273154746595949,41.1346568274555,17.968,120.22161588449472,0.176,1.0,0.0104441439155893,0.0023257844423382,3.1699042015789742,0.0,0.0384153661464585,0.9877301391839556,0.0207292200347982,0.3559368288087505,0.0891820824579147,0.0,0.0033373729325669,0.0026693557690178,1.565515231438658,0.6283629308239989,1.7498046050955403e-16,1.697159552111868e-16,8.115732318087504e-17,8.748667301208876e-17,0.9198996906454888,0.4881654091943418,0.1884401516583497,82.12304287442761,0.99183326494355,0.017018966708331,0.5336153959817667,0.0904466639989184,0.0061630006379224,0.002783288478866,0.9802990033516624,0.0016474578357461,0.7265411201887151,0.0440646337973652,0.3333333333333333,0.0673803484902855,0.0,0.0,0.8781327733481284,0.0,0.0,0.8639790368132146,0.1853512841777446,26.03125,0.9153776242406788,0.1776940365721736,4.7163563883879736,0.014166436932614,0.1447832075487666,0.3941934774394142,0.1752241213464242,0.0044419614595508,0.3072900800404524,0.0325965935430314,0.2913755977367648,0.0245036009467287,0.306767607924266,0.9978829466960852,0.6737738178209532,0.1234739092003558,2.192530312868331,0.4241931981748961,1.632680918566407e-18,1.4023510875586493e-17,0.0041486869274432,0.05635790511801299,-2.228290821287918,0.3887723145694803,0.0190630446296595,0.014166436932614,0.7755102040816326,0.5029958550731786,0.0563205049213402,0.6158463385354142,0.4866867332892634,0.3481392557022809,0.476666630611361,32.0,0.0,0.0,3.0,0.0,2.0,833.0,20.0,32.0,31.0,165.28530558266792,0.0,0.2613354960363899,4.420821134156249,0.6381638802598811,0.2129436532826976,0.6879116737770312,0.1241972968408762,1.0602906003477446,-0.0175370064574682,0.2458654919382691,0.0,0.0,0.9747899159663864,0.0384153661464585,0.0360144057623049,0.9375,0.0042296825633911,0.0365649019201337,0.4881654091943417,0.1884401516583496,0.7537233044156273,pair,,0.0,en,kappa_vs_majority,0.137456821546373,0.1
PAWS-X English [baseline size=2000],2,1200.0,1152.0,2.0,0.5258333333333333,174.0,3.885983621541314,0.5,1.0,0.2149653668154963,0.078581125148876,28.59194481533661,16.928,55.851482109219475,0.2877776919776791,1.0,0.0091179139705465,0.0021587652210543,3.321928094887362,0.0,0.0266666666666666,1.0,0.0,0.2054463408549672,0.0,0.0,0.0010441519980613,0.0004661896895056,1.0,0.6509377576854225,1.509775590040936e-16,1.5777633333726772e-16,7.075306950041341e-17,7.513170920405763e-17,0.8888003892132332,0.5006255177202863,0.183360279350577,146.82802499315488,0.9986809937821656,0.0018748424147577,0.8503551967508931,0.0,0.0132223879804087,0.0,0.9891666666666666,0.0,0.8641666666666666,0.0,0.5,0.0,0.0,0.0,0.3029413287420461,0.0,0.0,0.8226957260236626,0.1983408876825398,37.5,0.9293242735609571,0.1911948365792368,4.315117405987564,0.0030582072915251,0.2129110528220563,0.3346319616148758,0.1857281203293878,0.0,0.4041666666666667,0.0,0.3924999999999999,0.0,0.0440682400134723,0.9984083333333332,0.6874526223574828,0.1396334105513851,2.3891410416370036,0.3939209934318681,-1.519617764955683e-17,3.6664293049334703e-17,-0.0033139846525942,0.03397790803723408,-2.301248260381553,0.2967689310802572,0.006810688899797,0.0030582072915251,0.6858333333333333,0.5121783107418452,0.1527895073910029,0.5408333333333334,0.4985376167870203,0.1075,0.3098770236854831,32.0,0.0,0.0,2.0,0.0,1.0,1200.0,14.0,32.0,30.0,486.75214134158506,0.0,0.0422081989706953,4.690389302018557,0.5575825211472968,0.0440682400134723,0.6976607436138457,0.1197632267992991,1.0141662969551817,-0.0022332999834957,0.1854416608430302,0.0,0.0,0.945,0.0266666666666666,0.025,0.9375,-0.0004017094635379,0.0231842152471507,0.5006255177202863,0.183360279350577,0.9577918010293046,pair,,0.0,en,kappa_vs_majority,0.05166666666666653,0.1
PAWS-X English [size=402],2,402.0,1152.0,2.0,0.4900497512437811,146.0,9.37139100340248,0.4427860696517413,0.9905341457736496,0.2378758044448537,0.1406520694997851,31.554514809239812,16.876,50.950476453160576,0.3295815528818323,1.0,0.0156075265620596,0.0036201521663238,2.807301401672066,0.0,0.0796019900497512,0.9905341457736496,0.0258490105057415,0.2712366085356738,0.0,0.0,0.0025729017159219,0.0013467360394178,0.9905341457736496,0.6609098721275852,1.518334426328471e-16,1.5342684931348836e-16,7.818825444574305e-17,8.814977330145304e-17,0.8885869902358532,0.5320728574515032,0.202129206554657,88.19457407460581,0.9977009594434396,0.0041829938786014,0.7574092439476836,0.0,0.0051546536713066,0.0,0.9776119402985076,0.0,0.6318407960199005,0.0,0.5,0.0809127162551771,0.0,0.0,0.39763615401734,0.0,0.0,0.771572886640968,0.2319966743704896,12.5625,0.9513497701842956,0.1932386279057794,3.786604310647229,0.0059339360003658,0.1030345168590267,0.3650242295614125,0.1848989277972542,0.0,0.3532338308457711,0.0,0.4029850746268657,0.0,0.0794115497640761,0.9947526051335362,0.7055470922415188,0.1440495846012279,2.1139115718800614,0.3762410121852024,2.0022678926697472e-18,2.1553173529963258e-17,0.0038809248440169,0.028348373119626406,-2.205688904498399,0.4500631946335654,0.0112312367984875,0.0059339360003658,0.6417910447761194,0.4942597086228881,0.0932297146993026,0.4701492537313433,0.4997300793742176,0.2810945273631841,0.4500936960033384,32.0,0.0,0.0,2.0,0.0,1.0,402.0,25.0,32.0,29.0,248.9547869963981,0.0,0.0735692978099343,4.319600476378461,0.698499883194329,0.0794115497640761,0.7180854641697217,0.1302152009347842,1.039629850297462,-0.031319092670339,0.1805381428896579,0.0,0.0,0.9676616915422884,0.0796019900497512,0.0746268656716417,0.9375,0.0031132013730048,0.0183386274136235,0.5320728574515032,0.202129206554657,0.9264307021900656,pair,,0.0,en,kappa_vs_majority,-0.15168539325842703,0.1
PAWS-X English [size=743],2,743.0,1152.0,2.0,0.5518207740194158,166.0,4.218499613405739,0.4414535666218035,0.990087066888582,0.2190546210787959,0.1271212669693574,30.67139610302051,16.516,54.351473929106554,0.6080657859146492,1.0,0.0117749336920969,0.0020665659408381,3.1698988560921553,0.0,0.0430686406460296,0.990087066888582,0.0270505952274586,0.2796060749132036,0.0,0.0,0.0016251149217631,0.0008072240141442,0.990087066888582,0.6427530276764027,1.6184986234566014e-16,1.6406300351322086e-16,7.858932680540771e-17,8.374024223622832e-17,0.8851527101101747,0.5144746670718876,0.1884328784222767,104.74741582723507,0.9975568888397386,0.0044961227089113,0.7445884303440953,0.0,0.0073794748953969,0.0,0.9878869448183042,0.0,0.8209959623149394,0.0,0.5,0.0827971601120183,0.0,0.0,0.4349800918157438,0.0,0.0,0.8143244138847976,0.1900809364016124,23.21875,0.9215893451418052,0.173611739353094,4.150533784624201,0.004740997177866,0.1879196296883712,0.3275625166136951,0.1835401661133314,0.0,0.3660834454912517,0.0,0.3539703903095559,0.0,0.0848099624313223,0.9970491749826556,0.6836629071447046,0.1281201923811487,2.293773744938881,0.366024248187289,-8.03155956576072e-19,1.1519580306684684e-17,0.0042757541253583,0.03215718890245497,-2.2935542767212573,0.3883887005989871,0.0094521383565354,0.004740997177866,0.6419919246298789,0.4951052052805299,0.1447148980434769,0.4979811574697174,0.5003327352928915,0.3337819650067294,0.4718805537197764,32.0,0.0,0.0,2.0,0.0,1.0,743.0,22.0,32.0,32.0,334.36314604413207,0.0,0.078179557128368,4.587328021660139,0.6652271063045984,0.0848099624313223,0.707159697941502,0.1219193966591252,1.0256421219119334,-0.0226217234006742,0.1414685256308862,0.0,0.0,0.955585464333782,0.0430686406460296,0.0403768506056527,0.9375,0.0036122735589841,0.0174300407591306,0.5144746670718876,0.1884328784222767,0.921820442871632,pair,,0.0,en,kappa_vs_majority,-0.015235258852359861,0.1
"PAWS-X English [size=811, imbalanced]",2,556.0,1152.0,2.0,0.6996900125932384,158.0,5.548417201459639,0.185251798561151,0.691432234520601,0.2267802748834018,0.1593724554283023,29.516867565963175,16.98,52.5113211918557,0.2088061301782109,1.0,0.0143288614681926,0.0037309864588234,2.999962664782203,0.0,0.0575539568345323,0.691432234520601,0.5676078918347868,0.2122710610997498,0.0,0.0,0.0015620132363907,0.0008692587017547,0.691432234520601,0.6498179592842928,1.855031696006063e-16,2.0356650372658822e-16,9.594551497581544e-17,1.2148494408917435e-16,0.844630241752544,0.5233846551820405,0.1891935129344791,87.10784413548015,0.998591906144362,0.0020351656163936,0.7624850266476295,0.0,0.0004245306966434,0.0,0.9442446043165468,0.0,0.5575539568345323,0.0,0.5,0.4451211752073591,0.0,0.0,0.4084068826471007,0.0,0.0,0.7256487965446621,0.1734658788144002,17.375,0.9499774481263066,0.2099864814321153,3.683457241777436,0.0043959632625155,0.1967465913355006,0.354130057235791,0.1562974203353779,0.0,0.185251798561151,0.0,0.185251798561151,0.0,0.0471851177611171,0.9926407794627607,0.7035414890721137,0.1513674357316259,2.245088725290418,0.371910324383115,-8.286736604666186e-18,1.8432385421182344e-17,-0.0031071136423976,0.03696133631210582,-2.2734016873757623,0.3369955131828107,0.0079376575253682,0.0043959632625155,0.4388489208633093,0.4710814942772779,0.1294422100809982,0.3255395683453237,0.4689980466919819,0.2212230215827338,0.4154441199950015,32.0,0.0,0.0,2.0,0.0,1.0,556.0,22.0,32.0,29.0,376.94055175528825,0.0,0.0450590033804137,4.51849041266618,0.6237419463118837,0.0471851177611171,0.7133706298582925,0.1222878661461511,1.0422511722986425,0.0189387278957912,0.179867216463702,0.0,0.0,0.9190647482014388,0.0575539568345323,0.0539568345323741,0.9375,-0.0024528433579888,0.0202806284703636,0.5233846551820402,0.1891935129344791,0.9549409966195864,pair,,0.0,en,kappa_vs_majority,-0.6210908058073737,0.1
STS multilingual EN [baseline size=2000],56,408.0,768.0,4.0,0.8595604099279832,192.0,6.622626679860727,0.2401960784313725,0.9996027377191338,0.2467828711233222,0.4032810366628102,27.312841196101928,16.936,60.71786696899067,0.4773929199307422,2.0,0.0161087211780126,0.0053564044154457,2.8073116939036207,0.0,0.0784313725490196,0.9996027377191338,0.0004930087282005,0.343496036438856,0.1172590131462579,0.0,0.0091011099748202,0.0028935783383253,1.9992054754382675,0.6063452127694609,1.3597598954026695e-16,1.370105714389103e-16,8.697760792928463e-17,9.250062601965784e-17,0.9396468661174544,0.7351498790644146,0.4334909635721382,50.33896746562372,0.988079125314982,0.0084680229022707,0.4497511233018449,0.0943262399414275,0.0017766473469401,0.0007138022615857,0.9526465298042468,0.0093506233800752,0.098804433858212,0.0779480591654679,0.25,0.0095975001016917,0.0,0.0,0.68464434597796,0.0,0.0,0.8891122027336982,0.2114872058932901,12.75,1.04513395218108,0.2159062776186333,4.766802300799869,0.0125747598912875,0.4740038070409362,0.6450168702112501,0.1798865358533168,0.0135234563511501,0.2680485767230527,0.0479964904304141,0.244692979412196,0.0609167308971673,0.4559933790314932,0.9964256535947712,0.7735023109573245,0.1520596057408232,2.5939769957768943,0.6492757690267378,3.911631367398682e-18,2.9740329962940035e-17,-0.0016474738481523,0.08078280196981576,-2.5240674114779775,0.7417788258923476,0.03971486854202,0.0125747598912875,0.8112745098039216,0.5208901316046536,0.0818465733149566,0.6740196078431373,0.4693154820881258,0.4142156862745098,0.4931908567465516,32.0,0.0,0.0,4.0,0.0,3.0,408.0,15.0,32.0,29.0,69.6866671592622,0.0,0.3814679334756803,5.118044407254873,1.10213612989328,0.2606667208555316,0.8323084528384508,0.2092382951394312,1.1831983757917357,0.0454543151219979,0.3968800947510124,0.0,0.0,0.9852941176470588,0.0784313725490196,0.0735294117647058,0.9375,-0.0015421341538572,0.0680560260503835,0.7351498790644148,0.4334909635721382,0.6595307570345064,sts,,0.0,en,abs_spearman,0.8595604099279832,0.15
STS multilingual EN [size=596],56,596.0,768.0,4.0,0.8495395272648529,220.0,12.221548697351512,0.2248322147651006,0.9980453973671146,0.2360233019114833,0.3210248719537645,25.796825276717993,17.08,68.77459349351737,0.4308131845707603,2.0,0.0129184833274397,0.0030136274480088,2.9999675080881127,0.0,0.0536912751677852,0.9980453973671146,0.002417436352663,0.2771256634197264,0.0784638485471353,0.0,0.006106799836962,0.0019490620496178,1.9960907947342292,0.6250549954170486,1.3665346422138103e-16,1.584059148178388e-16,8.767053329428061e-17,1.1744575868651523e-16,0.941554339856748,0.7109320583561214,0.3928610989852659,64.38327374986882,0.9924153408010816,0.0072258944783135,0.5853622216986532,0.0782599445465496,0.0031983453580068,0.0014765374915845,0.9642346015144332,0.0058116273733687,0.457371125072114,0.0357051229968015,0.25,0.0212675093309077,0.0,0.0,0.5759268435142627,0.0,0.0,0.8959921101406755,0.1886083076687747,18.625,1.0378854454509452,0.1910625971134056,4.9650550518461785,0.0097643942642615,0.4451718364514824,0.6259249534144159,0.1844779088899991,0.0056162909267789,0.3324163864481365,0.0351968526110887,0.3032469910464454,0.0555724950843849,0.2687988074780889,0.9975395252466104,0.7685772671988544,0.1382619408697747,2.599686535708043,0.5644563423851773,4.587121137817867e-18,2.9520330658566024e-17,0.0009058699536857,0.05427663153364157,-2.6515806703159,0.8677214277361577,0.0310032509761636,0.0097643942642615,0.8271812080536913,0.5241119415766342,0.0771657486556423,0.7013422818791947,0.4580538410511094,0.4345637583892617,0.496115984299655,32.0,0.0,0.0,4.0,0.0,3.0,596.0,16.0,32.0,31.0,95.76299786737184,0.0,0.242709051035126,5.251267206023943,1.1952241257147778,0.1411647408070109,0.8201206223121056,0.1989241339308933,1.1255210617036215,-0.0074821319255275,0.3457524456114492,0.0,0.0,0.9848993288590604,0.0536912751677852,0.0503355704697986,0.9375,0.0057248591803236,0.0448528495997051,0.7109320583561214,0.3928610989852659,0.7747149993604975,sts,,0.0,en,abs_spearman,0.8495395272648529,0.15
STS multilingual EN [size=864],56,393.0,768.0,4.0,0.8694776822435895,192.0,18.083126184396907,0.2391857506361323,0.999693251065738,0.239888711953321,0.3692804807403496,28.433938277989633,16.824,63.83526611559664,0.4658583475693014,2.0,0.0192609413857692,0.0141252478916086,2.8072676064695714,1.9414259721617057e-05,0.0814249363867684,0.999693251065738,0.000375972487969,0.3022734917389376,0.0564705150089036,0.0,0.0086334899703048,0.0022450797415683,1.9993865021314765,0.6152908639197487,1.5499565392992004e-16,1.6369649666637818e-16,1.0015344334352927e-16,1.2395986165613056e-16,0.9414109155112428,0.7221415515740123,0.3949824872716442,52.465374867323575,0.9912348220666872,0.0073479199559138,0.5453490664990316,0.0910312314377061,0.0020153707152483,0.0008888114578035,0.9334682705028412,0.0264215971965852,0.0711878646491205,0.102993441426205,0.25,0.0084072212050886,0.0,0.0,0.7976395207791341,0.0,0.0,0.9054906656923142,0.1815001357553139,12.28125,1.0313733371823115,0.1817135823448174,4.768545422497354,0.010064009849709,0.2966311077348946,0.4516729448734514,0.1963618304331437,0.0126093173106035,0.3012897258137562,0.0479947514694591,0.3219080781431788,0.0591932501270439,0.3129469221413261,0.9963288852630966,0.7708692961392847,0.1377008753903848,2.480284270112209,0.5513548014012418,-2.154058667370692e-18,2.68622134902859e-17,0.0064159938682221,0.03386713172967469,-2.508034994973329,0.6758916678640962,0.0381086861036941,0.0100685204048875,0.8396946564885496,0.527141748327579,0.0641754692224413,0.7430025445292621,0.4375350044231314,0.4427480916030534,0.4973445610446398,32.0,0.0,0.0,4.0,0.0,3.0,393.0,20.0,32.0,31.0,72.66477025292787,0.0,0.2804856295548903,4.988319265085538,1.035989124175729,0.1556214525513715,0.8270563556066701,0.1983658040889898,1.1771511084523874,-0.0244450374055039,0.2390680667966533,0.0,0.0,0.9847328244274808,0.0814249363867684,0.0763358778625954,0.9375,0.0022958688345769,0.0275154712447509,0.7221415515740124,0.3949824872716442,0.7437387606587803,sts,,0.0,en,abs_spearman,0.8694776822435895,0.15
STS multilingual EN [size=639],40,639.0,768.0,4.0,0.8509194768085712,227.0,14.118508573871289,0.2316118935837245,0.998415791778244,0.2250067556789488,0.264752404448221,26.42784210280498,17.088,71.15858766916907,0.2970791140420342,2.0,0.0123046732807147,0.0025404156601298,2.9999875947452517,0.0,0.0500782472613458,0.998415791778244,0.001990560668884,0.2522509225381134,0.0512411147033148,0.0,0.0054004502005654,0.0011725412793625,1.996831583556488,0.6059367079636461,1.5083492480250086e-16,1.6114923878255082e-16,9.744255513308512e-17,1.1524630608533842e-16,0.9404634003954062,0.7049259916694331,0.3420611773463773,72.26195902964415,0.9938705337401128,0.0037447205703624,0.6362330549571739,0.0657401498884721,0.0038397109137672,0.0016647421537222,0.9640041580895554,0.0074727346974419,0.5116011506341529,0.051287083299856,0.25,0.0192250617750342,0.0,0.0,0.4676434152850451,0.0,0.0,0.8932938911234845,0.1936362699594202,19.96875,1.039235680658476,0.2142068025293994,4.969185944849858,0.0059602018821266,0.3500485573952299,0.6581218118200387,0.1934446578119715,0.014094393645808,0.3380036770331971,0.0264967719950888,0.3244975037012483,0.0520029385590013,0.2116227348004732,0.9976978896505444,0.7654646969225991,0.1496714665097197,2.6465368729443215,0.6239869642401368,1.6831432787255404e-18,1.917481659207514e-17,0.0110871119272232,0.06512419305950569,-2.6277245388870827,0.6828310839202113,0.0276332334518819,0.0059602018821266,0.8231611893583725,0.5196211560494731,0.0747086352050345,0.6776212832550861,0.4677532243815683,0.4569640062597809,0.4985347027034315,32.0,0.0,0.0,4.0,0.0,3.0,639.0,17.0,32.0,32.0,107.56447907079564,0.0,0.1961428874360644,5.274261411831404,1.1769702253835008,0.1047132281370984,0.8207517378281781,0.1797276118846625,1.1016213125115442,-0.06086539212243,0.2955826153482027,0.0,0.0,0.9812206572769951,0.0500782472613458,0.0469483568075117,0.9375,0.0077438207808097,0.0439611317663688,0.7049259916694331,0.3420611773463773,0.8157334856366113,sts,,0.0,en,abs_spearman,0.8509194768085712,0.15
STS multilingual DE [baseline size=2000],64,385.0,768.0,4.0,0.82901112754683,176.0,5.556860141118028,0.2337662337662337,0.9990258993274757,0.2835733423176058,0.2552937296221118,19.161698667392237,16.828,54.38663970212757,0.4882786089928576,2.0,0.018510639392215,0.0058853950742936,2.8073549220576037,0.0,0.0831168831168831,0.9990258993274757,0.0012167514779755,0.3067281514138779,0.0891928673256792,0.0,0.008248853379812,0.0032000941190499,1.9980517986549513,0.6106349765078587,1.524434345341755e-16,1.6551270709481218e-16,7.952284122002272e-17,9.285204409353412e-17,0.9387175324675324,0.6135728058911478,0.4029767935075638,55.16264583212976,0.990682585974571,0.0072924136308186,0.4924625165032766,0.0815824606031479,0.0011994540156891,0.0007589507663183,0.9427904798880152,0.0062341944483985,0.0144813470656569,0.0181870076423508,0.25,0.0150522412560291,0.0,0.0,0.5463362739640666,0.0,0.0,0.9045514378381948,0.1764809347519685,12.03125,0.9326910015883164,0.2518256554567573,4.7691856191226245,0.0138940483598307,0.6139367313293635,0.6029244111308301,0.1917641695431091,0.0128392127075805,0.2787897585034306,0.0341801253324573,0.3022680276218196,0.0404987162696497,0.3408626638589219,0.9965525383707202,0.6972488224764661,0.1947847604052763,2.426086814626048,0.5816075330023178,9.353989444487927e-18,2.8686144163317954e-17,-0.007843476406214,0.03614520916249818,-2.381140207037916,0.6852401395507445,0.0362211015899309,0.0138940483598307,0.8883116883116883,0.5312646716876986,0.0827882219461849,0.7792207792207793,0.4153116495281179,0.4285714285714285,0.4955156044825574,32.0,0.0,0.0,4.0,0.0,3.0,385.0,14.0,32.0,31.0,76.50606135176238,0.0,0.2981572117728768,4.807227021663964,1.092832220611892,0.1997824834970075,0.7549219678712048,0.2123068462673542,1.1895389532502414,0.0182207000913923,0.3009187520268934,6.7816840277779705e-06,0.0,0.987012987012987,0.0831168831168831,0.0753246753246753,0.90625,-0.0017374984380827,0.029365615991465,0.6135728058911478,0.4029767935075637,0.7273186678426564,sts,,0.0,en,abs_spearman,0.82901112754683,0.15
STS multilingual DE [size=1316],40,404.0,768.0,4.0,0.78609582768762,180.0,11.566961594978576,0.2351485148514851,0.999363204430074,0.2812461045677937,0.2253907254279405,22.46962096206518,16.776,57.70314563926094,0.4958064138350774,2.0,0.0176273111118405,0.0062137501640541,2.807310615915714,0.0,0.0792079207920792,0.999363204430074,0.0007839294463497,0.2994232499918821,0.042756125667099,0.0,0.0082053785891612,0.0032749153370839,1.998726408860148,0.6071840040358042,1.4355644471931272e-16,1.5626986442838924e-16,7.766181904989613e-17,1.057521179985181e-16,0.9403852295899564,0.6042518147627731,0.4045038300411904,55.53319678889867,0.991480653301196,0.0070479663601542,0.5165609246995378,0.0609474615101197,0.0013416166610164,0.0008653022309137,0.9511914152561252,0.0094425959037615,0.064625850340136,0.0975107433057417,0.25,0.0121261868454612,0.0,0.0,0.5343102056102436,0.0,0.0,0.8934294083984923,0.206132732109944,12.625,0.944273998023396,0.2488321940206563,4.770045464332152,0.0143618085094928,0.4051889693601518,0.5082902302270681,0.1871259711755554,0.0142259407636822,0.305746660812078,0.0220405376392252,0.273447012087394,0.037833691987435,0.3016977181246172,0.9962013528085482,0.6959226296011926,0.1783145906185638,2.3523085804347623,0.6672413800350023,2.2328123948216326e-18,2.3369522588844437e-17,0.0078393340487692,0.04543041545281179,-2.228332442635478,0.580208974936651,0.035991560443711,0.0143618085094928,0.8044554455445545,0.5185015740804209,0.0816123601589078,0.6757425742574258,0.4686771342280264,0.4381188118811881,0.4967711384656729,32.0,0.0,0.0,4.0,0.0,3.0,404.0,17.0,32.0,31.0,76.99913594483357,0.0,0.2726190204712249,4.58064102307024,1.0766517230796475,0.1354782241757081,0.7486034545559546,0.2127416912345356,1.1984796714300816,-0.0118988633210899,0.2755836437743083,0.0,0.0,0.9777227722772276,0.0792079207920792,0.0717821782178217,0.90625,0.0049619421383734,0.0305152503377284,0.604251814762773,0.4045038300411905,0.7507820008161754,sts,,0.0,en,abs_spearman,0.78609582768762,0.15
STS multilingual DE [size=1289],80,391.0,768.0,4.0,0.7884257728858286,178.0,14.284445511701836,0.2404092071611253,0.9997657985741238,0.2797202922509498,0.2326261603345667,22.38823026878956,16.876,57.88716894512285,0.3415025622158639,2.0,0.0175228398292901,0.0052578999566571,2.807326490260776,0.0,0.0818414322250639,0.9997657985741238,0.0002870361536906,0.3389066906422912,0.0762348534884344,0.0,0.0087367802773399,0.0028550454382759,1.9995315971482477,0.5911055535923015,1.335042314767749e-16,1.3867941910165831e-16,6.865450472469715e-17,9.088919162528122e-17,0.9379369138959932,0.5903726092292547,0.3759057166948137,52.18596581487116,0.9888688499392996,0.0085191141755148,0.4698985277885016,0.092486652641999,0.0011285140089717,0.000854316004708,0.9531055205711972,0.0134938666298749,0.0816695082555635,0.0736740702370887,0.25,0.0073459880390511,0.0,0.0,0.6901893761119363,0.0,0.0,0.8992686526589736,0.1917998698596894,12.21875,0.9457578076585038,0.2445897229334554,4.768542583117285,0.0124659608544472,0.5829139105876482,0.8575766427519281,0.1824256229941083,0.0150077752065213,0.2824659639335698,0.0406584631667955,0.2832388725526288,0.0553067037816309,0.4127637636480628,0.9961538713116738,0.6965012141333153,0.1790082116359331,2.3206960186070003,0.6147738667101669,-4.880296223975671e-19,2.4494648765358893e-17,0.0006328616112808,0.0454447132127102,-2.3535600768172356,0.6583315266880491,0.0383155042917391,0.0124659608544472,0.8184143222506394,0.5193868981321564,0.0623958194735245,0.6624040920716112,0.4734958374534839,0.4092071611253197,0.4923175289200254,32.0,0.0,0.0,4.0,0.0,3.0,391.0,14.0,32.0,31.0,72.2686817557048,0.0,0.3561967406591352,4.674256095424236,1.0033819154544936,0.2164027097727736,0.7420988225587664,0.2023397252751183,1.1994373872910484,-0.0025768032023576,0.3708732367901652,0.0,0.0,0.9744245524296676,0.0818414322250639,0.0741687979539642,0.90625,0.0019966178117254,0.0305528550062248,0.5903726092292547,0.3759057166948137,0.6818634900977171,sts,,0.0,en,abs_spearman,0.7884257728858286,0.15
STS multilingual DE [size=766],48,766.0,768.0,4.0,0.7971955879529062,221.0,13.261198058114736,0.2219321148825065,0.9957246573537456,0.266216696326959,0.1778128297717158,22.53587983936322,16.868,68.41626947436949,0.5005756686056565,2.0,0.0135952428808161,0.0066433653294739,3.169894422756869,5.449499931858073e-06,0.04177545691906,0.9957246573537456,0.0053244609434903,0.2750971041596761,0.0498754878223993,0.0,0.0051905815869775,0.0020076105617093,1.9914493147074912,0.6003093786329451,1.5114027713424427e-16,1.5928504122224403e-16,7.272210522965282e-17,8.221272730496463e-17,0.9390023720541306,0.5659419875451035,0.3834156618666041,65.36350308111173,0.9927496734175794,0.006309344256857,0.5819805292498482,0.0914573770548356,0.0027683616586245,0.0035388809305844,0.957670047076181,0.0186385413171163,0.5666666624751479,0.0597493263887615,0.25,0.0315214006988241,0.0,0.0,0.5329539403106502,0.0,0.0,0.9034488296159544,0.1792050721284037,23.9375,0.9043399507240713,0.2848368302849451,5.130876439647776,0.0118753867540681,0.7046612860856365,1.1405900330019711,0.1840337171594076,0.005624608366153,0.3256822812132027,0.0323440924423293,0.3084379241356463,0.0207084360920118,0.2535901555590947,0.998103129750697,0.6728522441790894,0.2115880445606611,2.499314756202894,0.7397332934410265,-9.239780394236783e-19,1.7013020044680952e-17,-0.0075504586769584,0.043442245837006635,-2.4240758624408274,0.6076675312500102,0.0304672978165848,0.0118741795987427,0.8302872062663186,0.5222295936016093,0.0631966613169934,0.6932114882506527,0.4614621543746953,0.4751958224543081,0.4997106622008037,32.0,0.0,0.0,4.0,0.0,3.0,766.0,12.0,32.0,30.0,103.04251935435316,0.0,0.2320103787221636,4.9233906186437215,1.1476447959011862,0.1237323695478785,0.7246055365152559,0.205445364206276,1.1120311975264292,0.0390947497870618,0.3543295975013405,0.0,0.0,0.9856396866840732,0.04177545691906,0.0378590078328981,0.90625,-0.0042499038620156,0.0277808515775247,0.5659419875451036,0.3834156618666042,0.7847019962247548,sts,,0.0,en,abs_spearman,0.7971955879529062,0.15
STS12 [baseline size=2000],56,397.0,768.0,4.0,0.8590584393167163,175.0,2.1696558124240775,0.2367758186397985,0.9994975894712356,0.2940947094709401,0.505048922956246,25.021325914213925,14.836,54.2567454316595,1.736981289478963,2.0,0.0231512039725172,0.0048561440122294,2.8072789696760188,8.468661381698996e-05,0.0806045340050377,0.9994975894712356,0.0006160518239711,0.4612714649322615,0.1668853391102727,0.0,0.0140981083264281,0.0121662699440126,1.9989951789424711,0.5655768415750972,1.547813996472342e-16,1.8081834508976779e-16,1.0540744939349223e-16,1.5102061671309076e-16,0.9350940131796556,0.7838193181351139,0.5432506497709746,32.0197550151836,0.9783120134662112,0.0411375774174834,0.2970981572578176,0.1074429107674641,0.0005206415686297,0.0006220072569956,0.902710000043616,0.0380850000962795,0.0199435444124234,0.029962250387497,0.25,0.0107607100066971,0.0,0.0,2.546053864191323,0.0,0.0,0.890509924566163,0.2129697736491437,12.40625,1.039659150516245,0.2731845508619398,4.7438440901125905,0.0543198418578365,0.7944183612321256,1.195090642553485,0.1512025910989067,0.0265301093357834,0.1965498571849573,0.0653074640086018,0.213717016919357,0.0794856334362574,1.0354060755606724,0.994911458102012,0.7626212830785404,0.1879687076725382,2.681990868993881,0.9318248429944044,8.459507933226948e-18,2.9777819412489824e-17,-0.0228615483137903,0.1184012846683326,-2.621151668774571,0.6630397976680246,0.0624300585058991,0.0543038010473274,0.7506297229219143,0.4677843281685094,0.1649626180608808,0.5869017632241813,0.4930114868679551,0.4206549118387909,0.4942871352033963,32.0,0.0,0.0,4.0,0.0,3.0,397.0,12.0,32.0,32.0,43.96678421998837,0.0,0.6940155259021652,5.303142537768452,1.2954850113262233,0.7019796454973735,0.8496203463815195,0.2529099498539613,1.4029253204329717,0.0450858230171335,0.4503849317663818,9.0189008765208e-05,6.610483664031447e-06,0.8942065491183879,0.0806045340050377,0.0730478589420654,0.90625,-0.0199284162516461,0.0869777912183894,0.7838193181351136,0.5432506497709743,0.4326973405525373,sts,,0.0,en,abs_spearman,0.8590584393167163,0.15
STS12 [size=1798],88,384.0,768.0,4.0,0.8660163109832453,172.0,1.722683796423544,0.2369791666666666,0.9996443896440864,0.2962709670092657,0.4394434101100339,24.035789727383783,15.712,53.36761838095183,1.1511107679107166,2.0,0.0221324094202471,0.0065434275746468,2.8072866849156863,0.0001506342277687,0.0833333333333333,0.9996443896440864,0.0004299255725761,0.4147143152238494,0.1724370180898093,0.0,0.0134762559236761,0.0081468707087567,1.999288779288173,0.5664899976089901,1.518044072449597e-16,1.629009922339725e-16,9.75328085157219e-17,1.1276372396343315e-16,0.9351202132288948,0.7797436731941306,0.5398266197100692,34.083261271232736,0.9820177190754568,0.0252884817179357,0.3599389006253664,0.1349266770329165,0.0020140773783769,0.0007407983312086,0.9095993399033574,0.0442733694176449,0.0154113191668419,0.0258386567407117,0.25,0.0090210979560879,0.0,0.0,0.9000896872310062,0.0,0.0,0.8939965441665506,0.2021441881067088,12.0,1.031109726685561,0.2377982864751828,4.747916500691597,0.0342904499737892,0.3869113746771685,0.5200506829893283,0.1585467382146914,0.0206932713297698,0.2287049820678666,0.0745353162641531,0.2465149061668052,0.0741559368092357,0.809077905818995,0.9951850043402778,0.7537971506812182,0.1688094210124641,2.440332607718418,0.8073255734561033,6.965998958219366e-18,3.586872484019781e-17,-0.0216505844577126,0.11948695468986548,-2.506288481832582,0.5628215337928975,0.0586589635122631,0.0343181781887717,0.7239583333333334,0.4635672992977904,0.1599975124599833,0.5572916666666666,0.4973548395054183,0.4479166666666667,0.4979286948997071,32.0,0.0,0.0,4.0,0.0,3.0,384.0,18.0,32.0,31.0,46.85776148821312,0.0,0.5754329401701697,4.946621089551,1.1671654519937174,0.5637852026136057,0.847647573041037,0.2514212814392156,1.374146325509194,0.0184913115685288,0.4107331052544103,8.968302750453155e-05,6.134967490070364e-06,0.9114583333333334,0.0833333333333333,0.0755208333333333,0.90625,-0.0171932315676199,0.0927348957552624,0.7797436731941307,0.539826619710069,0.5084061482711639,sts,,0.0,en,abs_spearman,0.8660163109832453,0.15
STS12 [size=1523],48,408.0,768.0,4.0,0.8594221989762125,179.0,1.8454560590097928,0.2401960784313725,0.9995665709247016,0.2903617133961037,0.4751964711704103,21.398879648412223,15.632,54.469083926855504,0.9341177655948956,2.0,0.0179916843737891,0.0041958686576682,2.807294609877105,5.177684047918144e-05,0.0784313725490196,0.9995665709247016,0.0005337744737129,0.4470369281535774,0.1562892933853946,0.0,0.0127164966316224,0.0093518772860049,1.9991331418494032,0.5831691528285956,1.4493234316180102e-16,1.5203066296478191e-16,9.320704094679011e-17,1.0120092383053023e-16,0.9359252300428772,0.7811809629679307,0.5629584426593166,36.11265471785272,0.9797381620091856,0.032501876330766,0.3191836080869475,0.1018213721016083,0.001613345941338,0.0014396844786379,0.907716103451981,0.0470561347708955,0.0158519964067775,0.034251618078344,0.25,0.0100060855505848,0.0,0.0,1.8655855906511336,0.0,0.0,0.8944898783308308,0.1975748836958821,12.75,1.0307294638390618,0.2555018787392508,4.751069507989831,0.0388217267062592,0.5442554969827309,0.7138987398500339,0.1546541803155214,0.0347245625662951,0.2164785692330527,0.0513630982612875,0.1861417559571202,0.0691890373887604,0.926319408867313,0.9953984044598232,0.7631062491010083,0.1837151678894956,2.543688837477248,0.6498988567083656,-4.013673924809084e-18,3.333147465356078e-17,0.0036619844368142,0.10527193440216812,-2.5722076996502055,0.8530842607262463,0.0553582437366785,0.038822428395371,0.7622549019607843,0.4727778686734702,0.1545909719113964,0.5588235294117647,0.4971373464780013,0.4558823529411764,0.4986613095120555,32.0,0.0,0.0,4.0,0.0,3.0,408.0,16.0,32.0,30.0,49.71141026855024,0.0,0.648378731852772,5.115896537127454,1.2826887268364686,0.6092782211274915,0.8478240123598444,0.2537469545399649,1.3380509277953916,0.0006850363935629,0.4329287620090266,5.660472468195281e-05,2.5033193087629365e-06,0.9068627450980392,0.0784313725490196,0.071078431372549,0.90625,0.0057545954564537,0.0948970733140677,0.7811809629679305,0.5629584426593165,0.4640209769827502,sts,,0.0,en,abs_spearman,0.8594221989762125,0.15
STS12 [size=1974],64,430.0,768.0,4.0,0.8504850698116352,180.0,2.1744030862136414,0.2395348837209302,0.99974128999003,0.2964450811514034,0.4442296653559261,24.601565615365985,16.132,55.726992175394905,0.8913899259022394,2.0,0.0210691443676881,0.0070210651838657,2.80723113349996,0.0002476054541214,0.0744186046511627,0.99974128999003,0.0003158092390765,0.4287265296306643,0.1780010926910437,0.0,0.0126311974270502,0.0101624025659042,1.9994825799800595,0.5682404240681439,1.3964727539379782e-16,1.644886695188782e-16,8.898867942670002e-17,1.0935154997340496e-16,0.9357185450208706,0.7900798421087148,0.5891252930252552,36.33648747301969,0.9807878705451109,0.0332270116800233,0.3620879351801688,0.1442416273555161,0.0020277359977264,0.0029294612894669,0.9125891959448832,0.0313570832960883,0.0512763727096898,0.1100843367040037,0.25,0.0077130809078032,0.0,0.0,1.4994585993805154,0.0,0.0,0.8852448113801564,0.2194917270481345,13.4375,1.01654715198767,0.210278785911477,4.751686859784689,0.0431751224768201,0.5741159246745311,0.63447670734377,0.1606983746535535,0.0313600848518175,0.2374967500400999,0.0712496931975191,0.2028645068280937,0.0632176545359759,0.8759280150296482,0.9956679286100596,0.7521831165830138,0.1554427858367045,2.5646848690252932,0.629052819918502,1.016628641735245e-18,3.113984130503885e-17,0.0017579979426456,0.1193836923267424,-2.653443807988528,0.8932384512411357,0.0550268536953303,0.0431759011382029,0.7511627906976744,0.4658122838592419,0.1617726365034232,0.5953488372093023,0.4913961311907405,0.4395348837209302,0.4969086415841334,32.0,0.0,0.0,4.0,0.0,3.0,430.0,13.0,32.0,31.0,50.015657719463306,0.0,0.6147880896258697,5.218128677013821,1.2779188890463904,0.5857046079262432,0.8499360482522116,0.2643332324855547,1.3901247683394604,-0.0324381078918721,0.4594930954567957,7.266913741733892e-05,0.0,0.9,0.0744186046511627,0.0674418604651162,0.90625,0.0035123829368613,0.1021065497892197,0.7900798421087148,0.5891252930252554,0.4831393397635649,sts,,0.0,en,abs_spearman,0.8504850698116352,0.15
STS13 [baseline size=1500],48,523.0,768.0,4.0,0.81187473908787,208.0,10.931095857712036,0.2275334608030592,0.9982792842828694,0.2814527399978336,0.1548201449570315,23.168640964347723,16.948,64.76193420551493,0.3915303308812741,2.0,0.0153419806664959,0.0051450505742789,2.9999604921413554,0.0,0.0611854684512428,0.9982792842828694,0.0020999971660368,0.324938308640991,0.1120350432645495,0.0,0.0079169276340072,0.0035826256529481,1.9965585685657388,0.5955385614107677,1.4377043316656578e-16,1.615547691289164e-16,8.11405571077712e-17,9.99581371840302e-17,0.9426019940953678,0.7059440492406202,0.6970030284751929,49.34317969097776,0.9893169227803774,0.0107022542377266,0.4952006567191489,0.1319994910368915,0.001774851929232,0.0015081081647722,0.9424738146976712,0.0147247219390298,0.2490733663384726,0.1368030593810961,0.25,0.0198935488018019,0.0,0.0,1.4628980710588886,0.0,0.0,0.8920143085677887,0.2217389818527766,16.34375,1.055313521184695,0.5054961616153686,4.956056354795768,0.0169651588158453,0.2070221914990554,0.4680538694423111,0.1789442648876314,0.0172328202485873,0.2996042872957499,0.0544377337175221,0.2738230852760828,0.0675230549381181,0.4019041492300275,0.996998490105254,0.7823214741670177,0.3703183728213569,2.4818309123460613,0.6283897985241316,-4.709956665176034e-18,1.7983896564470648e-17,-0.0222308143657105,0.09547634993413344,-2.338518698919753,0.5286843614091449,0.0404627059113258,0.0169651588158453,0.8068833652007649,0.5188224180814788,0.0742974638126664,0.6520076481835564,0.4767896151408336,0.372848948374761,0.4840253766718249,32.0,0.0,0.0,4.0,0.0,3.0,523.0,16.0,32.0,31.0,73.14137103721583,0.0,0.3418584151059828,4.820349611265813,1.0131718031794277,0.238687571664726,0.794743409164747,0.2769920699082699,1.1505303578306083,0.0513126028082919,0.2365678254432232,0.0,0.0,0.9847036328871892,0.0611854684512428,0.0554493307839388,0.90625,-0.0102740667126874,0.033291892400174,0.7059440492406202,0.697003028475193,0.690726377138833,sts,,0.0,en,abs_spearman,0.81187473908787,0.15
STS13 [size=708],48,708.0,768.0,4.0,0.8128461468313088,228.0,10.259702586993791,0.2132768361581921,0.99642737532741,0.2807696234813627,0.1770458755091105,22.907216960857564,16.7,69.46672988696284,0.5531726674375732,2.0,0.0115763908493982,0.0026710709512237,2.9999769749638365,0.0,0.0451977401129943,0.99642737532741,0.0042675059872679,0.3351987702208377,0.1197716887546811,0.0,0.0071280580374969,0.0044149318931317,1.99285475065482,0.5709312397049244,1.58549604737049e-16,1.8308582394109583e-16,8.314477203483087e-17,9.866084367326611e-17,0.9414850686037126,0.6819711922160423,0.7531384325907278,55.2760505688047,0.9885698371377984,0.0184231199276896,0.4969785000940881,0.1314724890642147,0.0022383537424505,0.0023268400376381,0.9478340886819392,0.0217594302694587,0.4511183706423065,0.1205732082481591,0.25,0.0285063568798881,0.0,0.0,1.6276569351751102,0.0,0.0,0.8955296582064225,0.2261107194980463,22.125,1.0525852772514386,0.5383829100418112,4.956778955383666,0.0201655674018922,0.1711592909245949,0.4200719123845811,0.1735301051427774,0.014566605322069,0.303933942615587,0.042792174107346,0.2795099894646477,0.0490901038923426,0.4342831300307182,0.9976399661655336,0.777438524150054,0.3823517922747005,2.4480966146864707,0.5346046289122068,1.0388739460652062e-18,2.2611479493917525e-17,-0.0235839618071681,0.09025958003061464,-2.3562892938997746,0.4856127432423531,0.0360527702349902,0.0201655674018922,0.7937853107344632,0.5164693129410852,0.0734932405301,0.632768361581921,0.4823911651609277,0.4194915254237288,0.4938246900865858,32.0,0.0,0.0,4.0,0.0,3.0,708.0,17.0,32.0,31.0,82.21072015853777,0.0,0.3657651615269823,4.804385908586245,0.9304811779076192,0.2462639334782036,0.774767423510586,0.290417508905765,1.1440504904351434,0.0344683922142603,0.2034081213353421,0.0,0.0,0.980225988700565,0.0451977401129943,0.0409604519774011,0.90625,-0.0080565191022074,0.0336462953164106,0.6819711922160422,0.7531384325907274,0.6717776863215229,sts,,0.0,en,abs_spearman,0.8128461468313088,0.15
STS13 [size=806],48,533.0,768.0,4.0,0.7970250006372676,209.0,11.80673846335669,0.2382739212007504,0.9993255298249912,0.2842580865126108,0.1626283423314336,23.443571675172247,16.784,65.25857753463224,0.5151155210241679,2.0,0.0165270324159177,0.0114097747705779,2.9999618645296677,0.0,0.0600375234521576,0.9993255298249912,0.0008300760273389,0.3254951812324448,0.0747283492724248,0.0,0.0078694321806289,0.0028756777234231,1.9986510596499825,0.603322230548315,1.5185040557339715e-16,1.5777287082868448e-16,8.478103357268711e-17,9.440151581456996e-17,0.9435596495930256,0.7013904378580207,0.7189633265907931,50.24494415525794,0.9897184344836972,0.0106499953221208,0.5080742773715877,0.0637725212897216,0.0037143851375107,0.0016833630435791,0.9535084064697412,0.0115714637241848,0.3474071077831044,0.0945935614225621,0.25,0.0124804265437618,0.0,0.0,0.7191559411745742,0.0,0.0,0.9030406985425964,0.1987688705298171,16.65625,1.0661603828617796,0.5202401047082648,4.958834771506734,0.0138186138452467,0.1157348702197248,0.3929794884683905,0.1825200948499178,0.0069827691858228,0.3038357343683417,0.0334313031793728,0.27424142254956,0.0197940946149386,0.375430075081041,0.996983339728043,0.791459912211394,0.38427841350117,2.285538235694478,0.5603599692006096,2.395415531555216e-18,2.3312700255107248e-17,-0.0076062744669535,0.039332512131462785,-2.388201410677724,0.5173308149421231,0.0397781526729158,0.0138186138452467,0.8086303939962477,0.5163417940696489,0.0674306441010206,0.6547842401500938,0.4758852064058855,0.4371482176360225,0.4964999021170783,32.0,0.0,0.0,4.0,0.0,3.0,533.0,20.0,32.0,31.0,74.41732491193036,0.0,0.3290099913865894,4.673739646372201,0.9465289154294332,0.1718693343482029,0.7897149657265506,0.2832816189394181,1.1318834454884457,-0.0051101835273175,0.180323350563181,0.0,0.0,0.9812382739212008,0.0600375234521576,0.0544090056285178,0.90625,-0.0024864854171947,0.0253330020471123,0.7013904378580205,0.718963326590793,0.7038930124852195,sts,,0.0,en,abs_spearman,0.7970250006372676,0.15
STS13 [size=1290],56,541.0,768.0,4.0,0.7782712067767026,209.0,11.69512511363934,0.2292051756007393,0.9985046059001138,0.2833169449010249,0.167980952834774,23.281653088673806,16.804,65.19519455057828,0.5192147917769677,2.0,0.0143145822193297,0.0030500870105659,2.9999629847378544,0.0,0.0591497227356746,0.9985046059001138,0.0018346777500924,0.332303778958449,0.1152378335019969,0.0,0.0079813114875478,0.003982379116503,1.9970092118002276,0.5701798799991511,1.574168842461085e-16,1.74873849213696e-16,8.753025473945371e-17,1.1100407225769587e-16,0.9412336550968714,0.6888157453670241,0.7080711994403117,49.41676984451947,0.9888175950224984,0.0152441674894331,0.509914861721778,0.1217855882207665,0.0017710659347678,0.0010502528124465,0.951744455563755,0.0133233972633823,0.3745681793979087,0.0580954002731074,0.25,0.0185688147454339,0.0,0.0,1.756284016113753,0.0,0.0,0.8916206897402368,0.2209987886937366,16.90625,1.0411254983720897,0.5176038285289927,4.956560627386892,0.0182277007438504,0.2368505323650389,0.5093605515386644,0.1839177198401301,0.009780817569552,0.3153099681946009,0.0479494430851177,0.2649739243671896,0.0560161825111682,0.424093500154812,0.9971368144840288,0.77093283027091,0.3795751185449078,2.3974246756005164,0.618443509872702,-1.3852135704657685e-18,1.5598830347752016e-17,-0.0073375687630075,0.038844627790528184,-2.364089276363857,0.5058044385614437,0.0404115691511897,0.0182277007438504,0.8188539741219963,0.515802976877762,0.0742006260599855,0.6598890942698706,0.4741846673905138,0.4584103512014787,0.4987284440752213,32.0,0.0,0.0,4.0,0.0,3.0,541.0,16.0,32.0,30.0,73.23525113598643,0.0,0.3578369210706652,4.761513951964374,1.0565450717344644,0.2508389437667322,0.7830649045470146,0.2794004652986146,1.1514974616493028,-0.0039885798631646,0.1768465659954017,0.0,0.0,0.9741219963031424,0.0591497227356746,0.0536044362292051,0.90625,-0.0038705440030026,0.0238879495867522,0.6888157453670238,0.7080711994403114,0.6778639823086843,sts,,0.0,en,abs_spearman,0.7782712067767026,0.15
STS14 [baseline size=2000],72,400.0,768.0,4.0,0.8107467453024819,195.0,1.653513242285656,0.23,0.998011257044362,0.2464292292258074,0.2183786650949841,23.800577129341264,16.82,59.31852259290673,0.7453858061433689,2.0,0.0174842188525076,0.004279414569836,2.8072608489863704,7.12283254820776e-05,0.08,0.998011257044362,0.0025283372631458,0.3219306351072533,0.0731188178247133,0.0,0.0098049328279749,0.0043604046513293,1.996022514088724,0.6172554287654448,1.3160958432149722e-16,1.387010564442354e-16,7.619113309715159e-17,7.942261217129498e-17,0.9408020050125312,0.6744858769690062,0.4247952562676435,46.52896129453548,0.989949663309467,0.012574370812787,0.5125324564733965,0.0897383427073253,0.0021772228218532,0.0017566932907638,0.9389016842377566,0.0156154366099572,0.0674228045138322,0.0722406335303441,0.25,0.0216024689946928,0.0,0.0,0.9115189723504912,0.0,0.0,0.8966647269795871,0.1995641177331961,12.5,1.0312825046383385,0.2779053365677804,4.760384865912144,0.0182184696079247,0.1468588016510986,0.3422551436696144,0.1878853082132526,0.0130660662877927,0.3045172453161751,0.0428378085267428,0.2868730699518173,0.0458375722082134,0.3666614362071886,0.99619375,0.767565114139968,0.208416168830931,2.4092890539963183,0.5567086810211989,-1.2281842209915794e-17,2.6117753550451145e-17,-0.0044238084835407,0.07079584396630437,-2.338129566426886,0.521715780803849,0.0428984971629518,0.0181620122645033,0.83,0.5053306008142467,0.1368595160352293,0.67,0.470801588079677,0.405,0.4915068131454752,32.0,0.0,0.0,4.0,0.0,3.0,400.0,23.0,32.0,31.0,64.43960825300869,0.0,0.3216107245018456,4.747418620423205,0.981602050044634,0.1867501150310259,0.7957375017150581,0.2064450696811341,1.1862359219718852,0.0152857321004933,0.2126399011281259,5.11482788604164e-05,0.0,0.9625,0.08,0.075,0.9375,-0.0024662092872355,0.0444477030757896,0.6744858769690064,0.4247952562676437,0.7096037100815868,sts,,0.0,en,abs_spearman,0.8107467453024819,0.15
STS14 [size=1921],72,398.0,768.0,4.0,0.8056253303245036,194.0,1.6849565935867363,0.2311557788944723,0.9988030151752804,0.2486476161712814,0.2448403454391003,22.90811992778935,16.3,58.72326913034403,0.8544003745317531,2.0,0.0163378841944104,0.0038867038929922,2.807323473333786,2.2685832652335943e-05,0.0804020100502512,0.9988030151752804,0.0014650390380361,0.334205300256493,0.0750810312930377,0.0,0.0088450495548747,0.0028862743116793,1.997606030350561,0.6164090500023682,1.5464929473238832e-16,1.669287591986703e-16,9.348150673717706e-17,1.106964005145475e-16,0.9420781489310532,0.684121890894264,0.4087922867269108,51.41473188795731,0.9891764388613704,0.0134390503571672,0.4728783740713591,0.0666557767233133,0.0017130869879974,0.0017307713143496,0.9445685365323332,0.0095581017637351,0.1164299532428275,0.0686555826905981,0.25,0.0166032056964815,0.0,0.0,0.9299585033490038,0.0,0.0,0.87800452129084,0.2372286380682804,12.4375,1.0496616075247698,0.2684576275843757,4.76607670883357,0.0127678109113505,0.2952924912773507,0.6932059413531965,0.1881467106027924,0.0083808248336529,0.280239030271532,0.0336919732744845,0.2644938604078963,0.0409269435583236,0.398903100598199,0.9959849498750032,0.7756642494800413,0.1970599055876495,2.438534680944321,0.6295169613322733,-2.4844029681074873e-18,2.2176507079269465e-17,-0.0143493181771496,0.07807668038954768,-2.3916698032877584,0.5290551021412714,0.038852794850778,0.0127709040158412,0.8090452261306532,0.5038336888831738,0.1309038367434877,0.6608040201005025,0.4740323371978318,0.3994974874371859,0.4904115875288715,32.0,0.0,0.0,4.0,0.0,3.0,398.0,20.0,32.0,30.0,71.25538044601107,0.0,0.3463538706786501,4.83020448423208,0.957330081573536,0.2007077783353858,0.8027604850048045,0.202430380504866,1.1843975731823662,0.043233469281079,0.2895819254476548,4.509524760512018e-05,0.0,0.957286432160804,0.0804020100502512,0.0753768844221105,0.9375,-0.0104509290821992,0.0462438828602278,0.6841218908942643,0.408792286726911,0.6898578330675026,sts,,0.0,en,abs_spearman,0.8056253303245036,0.15
STS14 [size=898],72,465.0,768.0,4.0,0.8356725465928336,209.0,1.9926841504022372,0.232258064516129,0.9975910220036608,0.2414626450339655,0.2114020550586518,24.271905485885828,16.764,63.00714740907202,0.666561325010685,2.0,0.0148094927733674,0.0042290853629042,2.8073149171940086,0.0,0.0688172043010752,0.9975910220036608,0.0030969319001677,0.3152086795449166,0.0312548110600999,0.0,0.0075846105048649,0.0026093766517763,1.9951820440073216,0.6186825542851302,1.5449582810442223e-16,1.6712234497806544e-16,9.257904758336839e-17,1.083261892952142e-16,0.9415832406377456,0.6819657833351233,0.4155912790768146,60.51928192860648,0.9906242697502392,0.0084741678643313,0.5256634744513052,0.0277084996135798,0.0019669304933644,0.0009308365814146,0.9385504245162424,0.0231764601190528,0.1731504418495785,0.0986078470464857,0.25,0.0238425352968639,0.0,0.0,0.809558497634234,0.0,0.0,0.8832326674612525,0.2212095554728479,14.53125,1.0492408226015104,0.2831290017708341,4.76952925272189,0.0112620732855335,0.2570979384933508,0.4368714157984887,0.1888443880167149,0.008232661950703,0.3037954433509748,0.0298777700306099,0.2710683540731393,0.0130904543469293,0.3344525742685922,0.9968135044513816,0.7769995741711946,0.2018865509336354,2.4388322498901065,0.6303894092217487,-4.163336342344337e-18,2.3429894310917642e-17,-0.0147562338397968,0.05799155541847607,-2.433398952192068,0.488787729767038,0.0329677084794396,0.0112620732855335,0.8086021505376344,0.5097414117755716,0.10919748345952,0.6774193548387096,0.4679672273970543,0.4365591397849462,0.4964930778410571,32.0,0.0,0.0,4.0,0.0,3.0,465.0,18.0,32.0,32.0,84.15347431395755,0.0,0.3000232614101548,4.872231202082174,0.9791966970530644,0.1379403473449,0.8009095408342591,0.2044907209461173,1.1600639068553562,0.0322256050321169,0.2382891156674659,1.8699977560027072e-05,0.0,0.9720430107526882,0.0688172043010752,0.064516129032258,0.9375,-0.011912457782642,0.0420602668467386,0.6819657833351234,0.4155912790768148,0.7286241786369194,sts,,0.0,en,abs_spearman,0.8356725465928336,0.15
STS14 [size=1491],72,436.0,768.0,4.0,0.8249078746392174,202.0,2.2337040114921205,0.2247706422018348,0.9975525884613978,0.2452288756708767,0.2275764787115172,23.985612040206927,16.872,61.27282901292476,0.5134354876710413,2.0,0.0152838548932309,0.0047326804996449,2.807312058331898,2.0823217207511523e-05,0.073394495412844,0.9975525884613978,0.0030836086616543,0.310136999971748,0.0776428032864205,0.0,0.0080714751296641,0.0030255483508071,1.9951051769227957,0.6240737598280446,1.4367113286657912e-16,1.80496890868646e-16,8.72799421926509e-17,1.2111918042215643e-16,0.943477802383212,0.6901525172865052,0.4254380899904982,56.22275034321131,0.990605881728245,0.0127075051397536,0.5164647189410311,0.0551966161055531,0.0027012590686297,0.0018368225126076,0.9444237205495752,0.0346652291274072,0.1602044962137516,0.0855041289699016,0.25,0.023909014940538,0.0,0.0,0.9423839746342894,0.0,0.0,0.8925881245059167,0.2051166073767885,13.625,1.0391444679297772,0.267673902816217,4.76693150812922,0.0132946690320194,0.2677501540744166,0.5696261821520845,0.1918824485909293,0.0127435777790055,0.2851453044331778,0.0231907575367824,0.299438995936413,0.0203592511447276,0.3395629307236786,0.9962071795303424,0.7721370102384848,0.1997222410924776,2.3847055378210316,0.5894966626865897,-4.456170397004642e-18,2.7743553239694265e-17,-0.0036059851864647,0.045118893582585425,-2.457440187556182,0.6625246613037469,0.0354857271254731,0.0132904313818646,0.8188073394495413,0.5027685002535814,0.1143712548589441,0.6743119266055045,0.4691697082312506,0.3830275229357798,0.4866833653324523,32.0,0.0,0.0,4.0,0.0,3.0,436.0,21.0,32.0,27.0,78.11101971802897,0.0,0.3006116860587755,4.842145725377214,1.0848622339068,0.1558873016532872,0.8054580800300541,0.2067001533487053,1.165694111585301,-0.0041141060497734,0.2524427759477616,2.1285653469561608e-05,0.0,0.9472477064220184,0.073394495412844,0.0688073394495412,0.9375,-0.0016408250690033,0.0356734626957629,0.6901525172865052,0.4254380899904983,0.7267003974185897,sts,,0.0,en,abs_spearman,0.8249078746392174,0.15
STS15 [baseline size=2000],128,435.0,768.0,4.0,0.8376967104217609,186.0,10.997191272054108,0.2275862068965517,0.9975577580376568,0.3306435249381556,0.1887680041106594,21.880742393581823,15.892,58.692483416408976,1.7641813965689583,2.0,0.0176984555488667,0.0081338031511259,2.8072870000546715,1.9734379345219385e-05,0.0735632183908046,0.9975577580376568,0.0030149682345612,0.3092191259578564,0.0949097388735062,0.0,0.0088532152614381,0.002998173833184,1.9951155160753131,0.5682480106262414,1.4252313504914976e-16,1.717185079224506e-16,8.626242161051597e-17,1.2402562656803284e-16,0.9431855500821018,0.7870456726761572,0.8439808890775793,50.90478026676672,0.9904729642720352,0.0105559119169506,0.5157365214344528,0.1096727766481498,0.0009678800308372,0.000580434657938,0.942165470609704,0.0137751096299317,0.1020320354053717,0.0817767219397312,0.25,0.0237702335160859,0.0,0.0,0.6180833500094792,0.0,0.0,0.8852660059857812,0.2337620953573406,13.59375,1.045354685869655,0.5769640852379295,4.7632094284549185,0.0134733300362506,0.684866962183035,0.8914571341381144,0.1890447872316141,0.0112594247058159,0.3017762487165623,0.0453688247866173,0.2796688438328162,0.0533470111280121,0.3501649134296684,0.9965279429250892,0.7156891686216951,0.1926162883980245,2.49523215228544,0.7033456624378231,-3.636937494461719e-18,2.2380488827334578e-17,-0.016888159661957,0.20396224103905478,-2.652730265955945,0.8263908682925801,0.0391930876750651,0.013479302982872,0.8160919540229885,0.5152975445802499,0.0831889713031303,0.6804597701149425,0.4668353799738605,0.3977011494252873,0.4899866008452602,32.0,0.0,0.0,4.0,0.0,3.0,435.0,10.0,32.0,30.0,70.62709463793239,0.0,0.3048651206404962,5.147962418241384,1.2449861437521537,0.2052273941953171,0.8256462274537442,0.3297764322142052,1.1889297486470158,-0.0518263628164251,0.4638349253408905,0.0,0.0,0.9586206896551724,0.0735632183908046,0.0666666666666666,0.90625,-0.0049590645726858,0.1193184856835037,0.7870456726761571,0.8439808890775792,0.7215925524392365,sts,,0.0,en,abs_spearman,0.8376967104217609,0.15
STS15 [size=598],88,598.0,768.0,4.0,0.8666643141344909,212.0,11.015668648488411,0.2357859531772575,0.9989567258939364,0.3132705429311999,0.1927744831746326,23.273787134704992,15.76,65.51236394579836,2.269449272400685,2.0,0.0152751510670433,0.0055017521585883,2.999975739689358,0.0,0.0535117056856187,0.9989567258939364,0.0013096123269684,0.3109033047342562,0.0755899374670623,0.0,0.0066181916085887,0.0028765904327805,1.997913451787873,0.567994384979821,1.4832353325572982e-16,1.7651248155644643e-16,7.799376198381557e-17,9.094179629736231e-17,0.9412670935502484,0.7455549835072233,0.794427243451124,59.11080447838946,0.9905809270164708,0.0106383744293191,0.5188930812211615,0.0951504968104763,0.0018612460170212,0.0008615028242191,0.9508461870865093,0.0196812612122615,0.3707349054706726,0.0604313730248718,0.25,0.0155976238345966,0.0,0.0,0.99812279252677,0.0,0.0,0.8911947446669845,0.215813309708832,18.6875,1.036736632833432,0.5135022030161702,4.964089728427827,0.0149554373680224,0.4731910777107194,0.6080307099012442,0.1828130076524439,0.0081127049553329,0.3095812000220168,0.0408496290387058,0.2739201259016303,0.0632678819939095,0.3413323782009031,0.9971588684690328,0.714931812780704,0.1767456376688196,2.4839547698759947,0.7337868427205821,1.1951606556897061e-18,2.7603495989773122e-17,-0.0192551610304259,0.1913797932833055,-2.553193413682095,0.6741672396161996,0.033799463049404,0.0149554373680224,0.8210702341137124,0.5131644064213747,0.0883684370719581,0.6555183946488294,0.4755967586942751,0.4448160535117056,0.4973614295134361,32.0,0.0,0.0,4.0,0.0,3.0,598.0,12.0,32.0,30.0,87.75808870999954,0.0,0.3014102719765942,5.03714818355809,1.2222835671615988,0.1770807617558468,0.8044977130942712,0.3186073131749787,1.1376086859294192,-0.0458133604537973,0.3591456522116433,0.0,0.0,0.959866220735786,0.0535117056856187,0.0484949832775919,0.90625,-0.0026360120382368,0.11895299914946,0.7455549835072233,0.7944272434511237,0.7258218324946858,sts,,0.0,en,abs_spearman,0.8666643141344909,0.15
STS15 [size=1065],162,417.0,768.0,4.0,0.8355915027010058,184.0,10.619659405919196,0.237410071942446,0.9992834480000614,0.3327675541250253,0.2168604504382679,22.584814913661308,15.756,58.24011857989513,2.3580636123735084,2.0,0.0195657642992437,0.0132802184509643,2.8073051017825765,0.0,0.0767386091127098,0.9992834480000614,0.0008907948638882,0.3159633267391533,0.0859661458933806,0.0,0.0086272295102507,0.0022436979920347,1.9985668960001228,0.5856214400467359,1.357242320246663e-16,1.5971845026888235e-16,7.577518072672381e-17,9.05257403330277e-17,0.9430801512636044,0.789740789843514,0.844815106381567,52.71901966102834,0.9901787846739146,0.0074690891026784,0.4902610903607811,0.0960408194231189,0.0019083898602141,0.0014346814866948,0.9568261039836424,0.0030035917168375,0.1627643165429019,0.0988236643409877,0.25,0.0128954962469238,0.0,0.0,0.7332223458272359,0.0,0.0,0.901516506400031,0.1927526216737688,13.03125,1.0317267655204303,0.5250939391418005,4.767962209079296,0.009876310257141,0.7072150428217184,0.7599011985886531,0.1908946954822244,0.0183394059432883,0.2920436389393803,0.0310189954156199,0.2794325391967579,0.0508755232378424,0.3605384381661847,0.9961757212934688,0.7141248626985937,0.1892179353201901,2.5052914973283107,0.7653828246131363,6.88897380387912e-18,3.6992617735446016e-17,-0.0086210873444661,0.19474437409792647,-2.5589322898161067,0.7095823669141661,0.0379097887034028,0.009876310257141,0.8273381294964028,0.5206702210002587,0.0867182600408956,0.6522781774580336,0.4768192280911494,0.4244604316546763,0.4948545425297349,32.0,0.0,0.0,4.0,0.0,3.0,417.0,10.0,32.0,31.0,73.0522487146068,0.0,0.3142788280117428,5.064223787144417,1.1661635893600726,0.2040569790094959,0.8263462059333552,0.3321759934353693,1.1821402267329275,-0.0562646694890042,0.4903117229576161,0.0,0.0,0.9616306954436452,0.0767386091127098,0.0695443645083932,0.90625,-0.0037070811351862,0.1306335047175585,0.7897407898435138,0.8448151063815666,0.7144913236635211,sts,,0.0,en,abs_spearman,0.8355915027010058,0.15
STS15 [size=567],56,567.0,768.0,4.0,0.8340509460375884,207.0,9.359833973949616,0.2363315696649029,0.9984172066207588,0.317108483125732,0.223735888837254,22.118395022428217,16.204,63.67055724909446,1.8682569416437345,2.0,0.0161243686494291,0.0059728793927421,2.9999842378523263,0.0,0.0564373897707231,0.9984172066207588,0.0020407245310495,0.3093830884832622,0.0465352421227848,0.0,0.0070319799980982,0.0026884374525355,1.9968344132415177,0.5363521611073228,1.2826169803682355e-16,1.666093969978382e-16,7.527886765005972e-17,1.051550045082164e-16,0.9419111185895638,0.7668962865600761,0.7825904869295311,54.50100615791521,0.99089109864728,0.0085528882606616,0.5045126813350099,0.064374727090076,0.0026275140798985,0.0024151988002391,0.9522352948625752,0.0191223704889239,0.418928663115474,0.0750717083031416,0.2499999999999999,0.0193401342146925,0.0,0.0,1.331943900797749,0.0,0.0,0.8835340261906344,0.2297581687022146,17.71875,1.016122036334384,0.453940995850597,4.960180163953703,0.0145306449805184,0.6584492741529996,0.6679545656082111,0.1847002519835424,0.0109976234052523,0.2921634071961578,0.0412902407009823,0.2855960278324172,0.0159706904612216,0.3252295884395453,0.9970854368267654,0.7045080557313397,0.1745199019600605,2.5192691305212707,0.759574312661155,2.6923397863484835e-19,2.6784995654170888e-17,-0.0067453163225656,0.1857805858519653,-2.5739302875814056,0.6682311204939219,0.0366384871401409,0.0145306449805184,0.8112874779541446,0.5126451011910679,0.1003188200846354,0.6331569664902998,0.4823687302528678,0.4338624338624338,0.4960441414122352,32.0,0.0,0.0,4.0,0.0,3.0,567.0,9.0,32.0,30.0,80.88067990846598,0.0,0.2914847438371785,5.093199418102676,1.1443938944525025,0.1485432318356288,0.8183409752973674,0.3167811247381684,1.1447291482300033,-0.0331665175476253,0.477814558579443,0.0,0.0,0.9559082892416224,0.0564373897707231,0.0511463844797178,0.90625,-0.0027336407409409,0.1287109555113632,0.7668962865600762,0.7825904869295311,0.7351334407495101,sts,,0.0,en,abs_spearman,0.8340509460375884,0.15
SICK-R [baseline size=2000],48,352.0,768.0,4.0,0.8505576016872667,150.0,6.500218616329235,0.2386363636363636,0.999627274729408,0.3330813098360507,0.1972007298435802,17.010048192129144,16.112,47.40556670211459,0.8169798039119449,2.0,0.0212481258902669,0.0083135111757493,2.807296867714645,0.0,0.0909090909090909,0.999627274729408,0.0004590314436537,0.323698463593662,0.0661643601794376,0.0,0.0092028766749436,0.0033314200859359,1.999254549458816,0.6388819772746123,1.4337666601831955e-16,1.5951740460390562e-16,1.1891429896192217e-16,1.4679850148169872e-16,0.946435508935509,1.019770621815843,0.6990745287645649,49.50693733050276,0.9899031993812262,0.0096066854512326,0.4762332856210567,0.0767974928031641,0.0027860189843116,0.0018162472235178,0.9479842024900166,0.0115669572476665,0.013975021533161,0.0289117631501849,0.25,0.009278370237815,0.0,0.0,1.0259727578199007,0.0,0.0,0.9075315007503948,0.1810308974810456,11.0,1.2655305283885163,0.3886964755424484,4.76616809602168,0.0147205217334608,0.068641440694815,0.421774817955958,0.1833776222405845,0.011009032137522,0.2815039934225981,0.0406700900399478,0.2792361600501135,0.0589044399293156,0.3669173685922932,0.9959161931818182,0.9341048430073629,0.2774517337729864,2.662179992477025,0.5826208180192316,-1.5770213417970975e-18,3.113656557929238e-17,0.0194991070719989,0.07597159055002654,-2.7684479217526965,0.846608031963272,0.0403833211517815,0.0147205217334608,0.8494318181818182,0.5280820241540529,0.0991894239978758,0.6875,0.4641722099133472,0.3892045454545454,0.4882639088153502,32.0,0.0,0.0,4.0,0.0,3.0,352.0,21.0,32.0,27.0,68.51624551045123,0.0,0.3230975311146007,5.430627914229722,1.304272631494524,0.1705779478862384,0.9667843550447568,0.2963844628839471,1.1917928600147698,-0.0463659719353048,0.2391553163751399,0.0,0.0,0.9517045454545454,0.0909090909090909,0.0823863636363636,0.90625,0.0173328489805019,0.0518600145255482,1.019770621815843,0.6990745287645648,0.7089199457878007,sts,,0.0,en,abs_spearman,0.8505576016872667,0.15
SICK-R [size=1114],24,428.0,768.0,4.0,0.8507845366729707,159.0,4.4532308307186135,0.2429906542056074,0.9997960778031936,0.3390072298130075,0.1677819757919297,15.257181414011471,16.008,48.679603061182526,0.7589044735669964,2.0,0.0157560586907628,0.0046291295426235,2.807281277163862,2.9424206409569604e-05,0.0747663551401869,0.9997960778031936,0.0002533829893859,0.2941616811646182,0.0738965448599942,0.0,0.0079457503989608,0.0028325146379821,1.9995921556063871,0.6154119318181818,1.434611431608848e-16,1.6932307119810126e-16,1.2330043133937323e-16,1.7179464492025127e-16,0.9460920571691216,1.0332823513402334,0.7239707259517629,57.47711638530723,0.991546414505948,0.0067399206637744,0.5389752120624104,0.0531344810848183,0.0032337644603031,0.0023868081402159,0.9461569896484866,0.0135896449699698,0.2295545652791283,0.1166897868134356,0.25,0.0068783184317195,0.0,0.0,1.0748961254021565,0.0,0.0,0.8917059276045053,0.2064602124806893,13.375,1.268537949978854,0.4299215314911209,4.77208407169302,0.0126728311092273,0.1519183690034217,0.4565472792751148,0.1950497592938732,0.0087396674416505,0.3023740024606146,0.0236076779779405,0.2938275744967603,0.0626921089324581,0.3020111824384391,0.9967355227530788,0.9370385079495074,0.3072376553951966,2.8085597326126344,0.6973402328797318,-5.26091371920069e-18,3.386260443160275e-17,0.0180200132146252,0.06178693413477594,-2.849217144467616,0.7632862420344045,0.0347893610772293,0.0126627367155761,0.8598130841121495,0.527011264522362,0.1110758835203372,0.7032710280373832,0.4573506348380449,0.4158878504672897,0.4934511704825899,32.0,0.0,0.0,4.0,0.0,3.0,428.0,18.0,32.0,29.0,79.69367157769712,0.0,0.2705146826812738,5.65777687708025,1.3028695582064873,0.1492364449643164,0.9712117711165528,0.3048511801665045,1.1528045080694531,-0.0437774412348669,0.2463298695071672,3.7706563410099366e-06,2.5828533851438085e-06,0.9579439252336448,0.0747663551401869,0.0677570093457943,0.90625,0.0075788998039319,0.0421274754208334,1.033282351340233,0.7239707259517627,0.7515387618590129,sts,,0.0,en,abs_spearman,0.8507845366729707,0.15
SICK-R [size=1094],40,425.0,768.0,4.0,0.8348623595455876,156.0,7.029058224544758,0.2376470588235294,0.9989576136700888,0.347110394454282,0.1624099361245748,15.759695904462612,16.116,48.72618853225184,0.656158517433097,2.0,0.0168786847386717,0.0052065996088906,2.8073148911904697,0.0,0.0752941176470588,0.9989576136700888,0.0013292335522292,0.2881701084524516,0.0703247238482659,0.0,0.0075089533091052,0.002486947052021,1.9979152273401777,0.6421913592744057,1.4073855119623638e-16,1.602114638032632e-16,1.225903206116642e-16,1.6023452844774106e-16,0.9463817980022198,1.0451149405672533,0.7518376529503692,60.99398708015005,0.9919057121456234,0.0084850517767684,0.5528860511379708,0.0618607518365168,0.0026897171692806,0.002069744903465,0.9405459132396584,0.0105472991960743,0.1499495423275911,0.0819974522445266,0.25,0.015651923171353,0.0,0.0,0.9138734212804406,0.0,0.0,0.8986526163765653,0.1968033368776659,13.28125,1.254187528400489,0.4756253124831365,4.772474181052503,0.0109092340441575,0.1591158806744197,0.4370312527267779,0.1874627948057937,0.0060947643374393,0.320632720937599,0.0316880145892549,0.2990293210592188,0.044584057084545,0.2883215162935764,0.9967557093425604,0.9208718277912632,0.334434191757184,2.7565043615377514,0.6256366402146429,6.563377292636954e-18,3.9440003928607913e-17,0.003793135989593,0.08859752929807493,-2.8884723202295812,0.7985393786013364,0.0327559374781449,0.0109092340441575,0.8729411764705882,0.5418388474630416,0.1008138372243655,0.7411764705882353,0.4385046732951256,0.4564705882352941,0.4986886243560736,32.0,0.0,0.0,4.0,0.0,3.0,425.0,19.0,32.0,29.0,84.7040007804244,0.0,0.2590171677851629,5.644976681767332,1.339940049569245,0.1546761780943103,0.9752904980297163,0.311373042561099,1.1643430621795754,-0.0093548244029177,0.2899142474072281,0.0,0.0,0.9670588235294116,0.0752941176470588,0.068235294117647,0.90625,0.0034942440117629,0.0607277182425791,1.0451149405672533,0.7518376529503695,0.7610351956920223,sts,,0.0,en,abs_spearman,0.8348623595455876,0.15
SICK-R [size=588],281,588.0,768.0,4.0,0.7855942061520399,169.0,5.690758195081661,0.2295918367346938,0.9975861174881784,0.344744395836739,0.1567611231984347,14.136841658058009,15.864,51.17289996328492,0.8034326356328824,2.0,0.0145877863356577,0.0037138177675092,2.9999666179330755,0.0,0.0544217687074829,0.9975861174881784,0.0029662697408986,0.2921279720966239,0.0854485743205441,0.0,0.0062110961382361,0.0021293258820612,1.9951722349763568,0.6174600727351877,1.4866265980202212e-16,1.793580847685623e-16,1.3052340967134502e-16,1.775635307975524e-16,0.946789277891736,1.063277785078545,0.7423737291307507,62.7123524452526,0.9915431491384148,0.0060160194773745,0.5493532477270029,0.0872082845811664,0.0049134638490198,0.0029892940382923,0.9578689668107208,0.0081664424455714,0.3991757431313567,0.1067082176783551,0.25,0.0236061936662778,0.0,0.0,0.849358230287277,0.0,0.0,0.900150057591689,0.1951559696171073,18.375,1.280241465032342,0.4330891074312615,4.963324191886819,0.0110932949591391,0.1936446487375764,0.6294795653803189,0.1869576265322591,0.0071418347838906,0.3175345526303438,0.0418058968447492,0.2904014347010556,0.0374584633826101,0.3050291970093133,0.9975068258595956,0.9347324270262596,0.2725048941986845,2.756397680691965,0.5804256444448376,-2.832201593431522e-18,2.1673070501672498e-17,0.0398984531592327,0.11740284607311154,-2.9969896375776743,0.8680067523550427,0.0318146610226131,0.0110932949591391,0.8418367346938775,0.5355914837931312,0.1182343122407321,0.6887755102040817,0.463388597300275,0.4438775510204081,0.497263309817601,32.0,0.0,0.0,4.0,0.0,3.0,588.0,12.0,32.0,27.0,93.29509922487514,0.0,0.2706191739506849,5.75338731826964,1.257588192213796,0.1755421502868343,0.9858220205941052,0.3072168153837024,1.123123752247038,-0.1487398650018222,0.3184731142068623,0.0,0.0,0.9438775510204082,0.0544217687074829,0.0493197278911564,0.90625,0.0268980539642179,0.0600392841574164,1.0632777850785446,0.7423737291307508,0.7504926147595812,sts,,0.0,en,abs_spearman,0.7855942061520399,0.15
MTOP Intent [baseline size=2000],247,487.0,384.0,97.0,0.5256633593375243,121.0,8.508573756942305,0.0,0.9591875203851754,0.4018554209262753,0.7912420835710536,15.760650411977329,15.764,40.25830604222991,0.8416079847529965,0.0,0.0657084188911704,0.6898309285730089,0.1946083537443384,0.0,1.3163000956716778e-16,1.499482025364325e-16,4.5379200610619675e-17,5.081736002748767e-17,0.4597390591744889,0.4520057178457378,0.0103092783505154,0.005875371096703,0.0,0.0,4.4655217476398645,0.0,0.0,15.21875,0.8149757021578451,0.3430731921999575,0.3461218129413724,0.574754346482447,72.40115312483773,0.5954041077800946,0.2199382502903799,1.911000380204308,0.5385146802257403,1.7667820207073846e-18,2.3721446034753258e-17,-0.0082006701402915,0.1024673513365875,-1.8764546766397352,0.5567797794834776,32.0,0.0,0.0,97.0,0.0,32.0,487.0,12.0,32.0,29.0,0.0,16.401779472268316,3.7874550568440433,0.9223737048360262,13.294042337109484,0.6324691465908885,0.2482908550095535,0.0,-0.0039762821104167,0.292943873311542,0.0,0.0,-0.0061679154355059,0.0648702200562598,0.4597390591744889,0.452005717845738,2.2514296552351385e-13,single,,0.0,en,,,,,,,,,,,,,,,,,,,,,,,,,,,,,,,,,,,,,,,,,,,,,,,,kappa_vs_majority,0.5207223526639568,0.1
MTOP Intent [size=1051],196,360.0,384.0,100.0,0.4861111111111111,114.0,11.044743604181075,0.0,0.9361475016305628,0.408485277211092,0.8226393135799238,15.955628738594228,15.74,39.18509308569383,0.9840731680114034,0.0,0.0888888888888888,0.7100491025064468,0.1935310795574088,0.0,1.1504867393999363e-16,1.2284817359791139e-16,4.625203849069257e-17,5.827073212349254e-17,0.4761057982917077,0.4540186769121654,0.01,0.0077869914962816,0.0,0.0,3.023853541885564,0.0,0.0,11.25,0.8284986395308176,0.359046242832964,0.3375627248571689,0.598856054205456,87.41486669249647,0.5968002105331756,0.2155665323995591,1.8721015232476423,0.5269924697268651,2.6888213877640522e-18,2.568424383540894e-17,-0.0144814458593119,0.1102370187239135,-1.91598348292651,0.4864429401153756,32.0,0.0,0.0,100.0,0.0,32.0,360.0,15.0,32.0,28.0,0.0,17.294513936441078,3.788085006174153,0.8925265302496822,16.084739462152417,0.6454557646846504,0.2478139866959235,0.0,-0.056910663798622,0.298110135442761,0.0,0.0,-0.0055780737779729,0.0650980862192585,0.4761057982917076,0.4540186769121651,1.3022984303177936e-14,single,,0.0,en,,,,,,,,,,,,,,,,,,,,,,,,,,,,,,,,,,,,,,,,,,,,,,,,kappa_vs_majority,0.48092031425364756,0.1
MTOP Intent [size=1330],230,402.0,384.0,100.0,0.5,117.0,9.851402711010827,0.0,0.946510186856205,0.4078701771572297,0.8084868108111212,15.213890782230662,15.956,39.50532337331037,0.8307009088715385,0.0,0.0796019900497512,0.7192365314842204,0.1828424363791202,0.0,1.2663184720747572e-16,1.5325449064443586e-16,4.641972658831575e-17,5.603232250633281e-17,0.4698142608793884,0.4555463982038431,0.01,0.0069192559337494,0.0,0.0,4.253402234414687,0.0,0.0,12.5625,0.826380067994964,0.35309172109284,0.2341002492165061,0.5097358329608981,84.87708179099833,0.6036099414572909,0.231590627675188,1.8797346436778015,0.5694578844570981,9.165553887996861e-18,1.835096266459497e-17,-0.0172019051227065,0.1055184947697576,-1.7732265387113366,0.4962960186576965,32.0,0.0,0.0,100.0,0.0,32.0,402.0,19.0,32.0,28.0,0.0,17.59001007585909,3.6529611823891384,0.9372089768588469,12.509416856892102,0.6399277370349621,0.2495037702272781,0.0,0.0557787467517157,0.3378598588539295,0.0,0.0,-0.0131886462127772,0.0689032798735587,0.4698142608793882,0.4555463982038431,1.0483182880540888e-14,single,,0.0,en,,,,,,,,,,,,,,,,,,,,,,,,,,,,,,,,,,,,,,,,,,,,,,,,kappa_vs_majority,0.494949494949495,0.1
MTOP Intent [size=1537],247,396.0,384.0,101.0,0.4696969696969697,116.0,8.39154508102912,0.0,0.9518523152752438,0.4089086999194958,0.805294007350737,15.998278038892256,15.776,39.041455779980346,0.8135256603205581,0.0,0.0808080808080808,0.7156457174640022,0.1827922930715759,0.0,1.285681905647511e-16,1.7161574955592482e-16,4.8098143553328585e-17,6.7628735640789e-17,0.4627091193628687,0.4670847730757027,0.0099009900990099,0.006335145137362,0.0,0.0,4.670911137953141,0.0,0.0,12.375,0.8322686869703376,0.3686936891412372,0.2414004022628986,0.5617604966362352,82.55897586169627,0.6037785827269402,0.23324492360031,1.905494798320546,0.6951601591785094,-4.179106555762307e-18,2.3720044998833858e-17,-0.0150555715500065,0.1023489574236285,-1.8013356915730494,0.4892791077171708,32.0,0.0,0.0,101.0,0.0,32.0,396.0,21.0,32.0,28.0,0.0,17.42456506818344,3.706830489893595,1.040457770774907,14.806381398400632,0.633272480136527,0.2523184577951126,0.0,0.0001054048796092,0.3049004885338431,0.0,0.0,-0.0061045676790546,0.0656921370928537,0.4627091193628688,0.4670847730757029,1.899842521061111e-14,single,,0.0,en,,,,,,,,,,,,,,,,,,,,,,,,,,,,,,,,,,,,,,,,,,,,,,,,kappa_vs_majority,0.4643939393939394,0.1
RuCoLA acceptability [baseline size=2000],2,1090.0,384.0,2.0,0.570631388813207,141.0,8.169210735465404,0.4495412844036697,0.99264103947274,0.3106354493311131,0.0405356479958644,21.71866619128151,16.068,46.73896923168673,0.5053474052570173,0.0,0.0093048381831943,0.0022610495511104,3.321928094887362,0.0,0.0293577981651376,0.99264103947274,0.0201633061156475,0.259516018285841,0.0,0.0,0.0011569125892638,0.0005789226205785,0.99264103947274,0.6175463936210507,1.4484809313760242e-16,1.8027193252706904e-16,3.0974898773938077e-17,4.916270537408233e-17,0.8807440543887584,0.2418154687846847,0.1429017088130729,131.34622420722488,0.9978953573829082,0.0039867425767712,0.7744234873979745,0.0,0.0033310260672452,0.0,0.9889908256880734,0.0,0.8229357798165138,0.0,0.5,0.071359399936257,0.0,0.0,0.3330777109581579,0.0,0.0,0.8237057818345138,0.1877305779296699,34.0625,0.621362786126874,0.2097782925882013,4.3070116956483,0.0038215891688644,0.5241786960829788,0.659666421682578,0.1822965343117137,0.0,0.3880733944954129,0.0,0.3908256880733944,0.0,0.0722119337718606,0.9980388856156888,0.458418381263492,0.1530028599919926,1.6976299661628986,0.4105730427024424,2.45725967606256e-18,2.7881409808997936e-17,-0.0107098773983171,0.0354002312977101,-1.6192298430209335,0.3350801203861197,0.0075574387118022,0.0038215891688644,0.6330275229357798,0.4962756848328001,0.074336247949775,0.4706422018348624,0.4993664953281353,0.2201834862385321,0.4145604765384196,32.0,0.0,0.0,2.0,0.0,1.0,1090.0,9.0,32.0,31.0,438.5573978919066,0.0,0.0673485637469369,3.316859809183832,0.5677897702893719,0.0722119337718606,0.4749630326189382,0.1294178984684134,1.0204913293003492,0.0647158271368535,0.2541250760604178,0.0,0.0,0.9724770642201837,0.0293577981651376,0.0266055045871559,0.90625,-0.0066192474034008,0.0205557165602089,0.2418154687846847,0.142901708813073,0.932651436253063,single,,0.0,ru,kappa_vs_majority,0.044873905727337876,0.1
"RuCoLA acceptability [size=382, imbalanced]",2,321.0,384.0,2.0,0.8286604361370716,114.0,14.191514011465266,0.1121495327102803,0.5063657452787739,0.3374025421062109,0.2009117110501137,21.91882699002708,16.508,41.65458525037309,0.4999359959034756,0.0,0.0165005740977179,0.0054216407100418,2.5848994945178467,0.0,0.0996884735202492,0.5063657452787739,0.7513360235576398,0.3815419935803543,0.0,0.0,0.0041134457319219,0.0024967341681824,0.5063657452787739,0.6099349679527966,1.4333641338161252e-16,1.5433441151743455e-16,3.4814971377577036e-17,4.2311913451671995e-17,0.8017133956386293,0.2661290099663386,0.147947586493535,31.4532395995115,0.9954508033479604,0.0058337569772643,0.3706831109099337,0.0,0.000102404648049,0.0,0.9221183800623052,0.0,0.1308411214953271,0.0,0.5,0.5485033910138639,0.0,0.0,0.6888644989384933,0.0,0.0,0.698003203191783,0.1726971541396094,10.03125,0.6416086940177688,0.2040451782755131,3.0751662384941723,0.0104425040251954,0.4094782337526376,0.5536745113243872,0.1008147497271793,0.0,0.1121495327102803,0.0,0.1121495327102803,0.0,0.1703767707943231,0.9554449199833076,0.4737864077280598,0.1434403706641163,1.5722312334722393,0.4122502496153403,3.901776790203284e-18,2.2515922959582756e-17,-0.0073214839525068,0.031698345787529454,-1.4908844040410665,0.3460580545499092,0.0160990013024489,0.0104425040251954,0.2274143302180685,0.4531665097449266,0.0553127597399167,0.146417445482866,0.3540761749888066,0.0591900311526479,0.2363484544064368,32.0,0.0,0.0,2.0,0.0,1.0,321.0,17.0,32.0,31.0,159.56272348550218,0.0,0.1455742928652711,3.063115637513306,0.7034901729482864,0.1703767707943231,0.4993046823559032,0.1317822021124612,1.216101327495987,0.0687609527116802,0.2312698995327241,0.0,0.0,0.9158878504672896,0.0996884735202492,0.0903426791277258,0.90625,-0.0038416674094817,0.0184505617301723,0.2661290099663386,0.147947586493535,0.8544257071347289,single,,0.0,ru,kappa_vs_majority,-0.5277777777777793,0.1
"RuCoLA acceptability [size=945, imbalanced]",2,483.0,384.0,2.0,0.5010351966873706,126.0,12.044649309609229,0.4989648033126294,0.9999969079209232,0.3248177812573565,0.0542867852872778,21.789715668944982,16.332,44.04159124463855,0.5493414238886415,0.0,0.0127476392670976,0.0030794255543827,2.8073549220576037,0.0,0.0662525879917184,0.9999969079209232,8.573020703894763e-06,0.3014420786592397,0.0,0.0,0.0023634713536487,0.0015813148224579,0.9999969079209232,0.6259997830050846,1.1719922261728163e-16,1.4093639808704535e-16,2.695575815102541e-17,3.6424648452128184e-17,0.8830614331245759,0.2568847388632349,0.1525348654330666,96.98439078874942,0.997160396037925,0.0071040947531676,0.7152338253286601,0.0,0.0022050816273148,0.0,0.9772256728778468,0.0,0.6790890269151139,0.0,0.5,0.0014639891950032,0.0,0.0,0.4000465297881909,0.0,0.0,0.8300274038569774,0.1961258020056688,15.09375,0.6288671917963988,0.1966161690717432,3.7970409242772263,0.0069822551022162,0.5624553091045674,0.6550088816566723,0.1807483691567717,0.0,0.3747412008281573,0.0,0.3457556935817805,0.0,0.0999494677330273,0.995846353664339,0.4655427266215626,0.1421232963540973,1.5878679911876474,0.310770682078245,7.434529182757749e-19,1.4236801411162786e-17,-0.0004887381319589,0.03255771845985067,-1.6022897842708086,0.3869069564684105,0.010310905701301,0.0069822551022162,0.6459627329192547,0.4970372861889024,0.057118094599991,0.4824016563146998,0.500208284581589,0.3291925465838509,0.4704072242481287,32.0,0.0,0.0,2.0,0.0,1.0,483.0,14.0,32.0,29.0,271.27044872531155,0.0,0.0908673267864032,3.190157775458456,0.5937719508322595,0.0999494677330273,0.4893495717488761,0.134103418897223,1.0394092981114291,0.021318545473392,0.3189466122202247,0.0,0.0,0.9958592132505176,0.0662525879917184,0.0600414078674948,0.90625,-0.0005753957192324,0.022821966552643,0.256884738863235,0.1525348654330668,0.9091326732135968,single,,0.0,ru,kappa_vs_majority,0.0,0.1
RuCoLA acceptability [size=1140],2,1140.0,384.0,2.0,0.6710526315789473,142.0,7.536455470838552,0.2543859649122807,0.8181559928454063,0.3106258211469672,0.0456232794301533,22.148281027008665,16.356,47.0101841244618,0.5415385489510419,0.0,0.0093350513202769,0.0022472699256633,3.321928094887362,0.0,0.0280701754385964,0.8181559928454063,0.3887924621869576,0.2683307070958018,0.0,0.0,0.0012685710633981,0.0006040364380385,0.8181559928454063,0.624955176323909,1.4349416330703306e-16,1.7445006340579111e-16,3.1982174557599816e-17,5.125098936041572e-17,0.8571338354666297,0.2453726144857917,0.148724641259183,99.08332999671792,0.997749957238421,0.0027388813458907,0.7100538335761966,0.0,0.0008855233496943,0.0,0.9833333333333332,0.0,0.7570175438596491,0.0,0.5,0.3473506995302338,0.0,0.0,0.3562580295575538,0.0,0.0,0.7624980539830628,0.1803503588255165,35.625,0.6165792619487727,0.189709919023541,4.13182683605509,0.0039130638338076,0.4037859437033539,0.4679739435175652,0.2027972027972185,0.0,0.2543859649122807,0.0,0.2543859649122807,0.0,0.0775877958398562,0.9972953216374268,0.4560514508085072,0.139100036167767,1.662089334477428,0.3597105710504418,6.75020468371326e-18,3.361683353664989e-17,0.0039988690101402,0.03482517735700377,-1.5989057775141018,0.3378764319266379,0.0082572516776788,0.0039130638338076,0.5114035087719299,0.4820483957465608,0.0802630121882568,0.3684210526315789,0.4825880968260496,0.2017543859649122,0.4014859266255492,32.0,0.0,0.0,2.0,0.0,1.0,1140.0,9.0,32.0,31.0,401.304328917,0.0,0.072001368370533,3.26099511199153,0.5779659675947333,0.0775877958398562,0.4779103545629209,0.1323701846843842,1.0232805511349412,0.0363202362223741,0.26055058541191,0.0,0.0,0.9640350877192982,0.0280701754385964,0.025438596491228,0.90625,0.0019976232789088,0.0242747372734582,0.2453726144857917,0.148724641259183,0.9279986316294668,single,,0.0,ru,kappa_vs_majority,-0.2931034482758621,0.1
Tweet sentiment RU [baseline size=2000],8,1035.0,384.0,5.0,0.4309178743961352,143.0,25.849781070088618,0.072463768115942,0.9604620724916602,0.3498137508418413,0.0867328054464059,28.430820642989087,15.952,53.30815042826943,0.2317239737273638,0.0,0.0100524090353076,0.0015416657655788,3.321911260181156,0.0,0.0309178743961352,0.9604620724916602,0.0277459298326071,0.4605679750537095,0.1531795886203942,0.0,0.0081364577915287,0.0050623507036525,2.230123870192128,0.549814718320411,1.3989175088281946e-16,1.7787121269782159e-16,1.5234829719989402e-17,2.2840375267042804e-17,0.938788439435988,0.1397351193507288,0.1332846106211465,41.91443296141582,0.9712848875065052,0.0417731584099155,0.2516882387607317,0.1432824060028739,0.0004983838437908,0.0004486932008016,0.9351289682539684,0.0535484275610897,0.3735416666666666,0.3221684132513825,0.2,0.0712949210217324,0.0,0.0,1.0729236616005626,0.0,0.0,0.8939388196566096,0.2116053350877861,32.34375,0.4412817430001362,0.1962511628330061,5.498828544655064,0.0318540844866582,0.8135805254957534,0.5058466512132174,0.108577843039075,0.0560697720246701,0.1607440476190476,0.1029088526719973,0.1472321428571428,0.0857004351286137,1.39714107202419,0.9984643748978972,0.3266143580436457,0.1460227517966372,1.320524547231933,0.3339460814211318,2.1721754829622626e-18,2.4562110864297585e-17,0.000225119844522,0.016376132067716934,-1.3228391321012865,0.3872442879614247,0.0532065857182193,0.0318540844866582,0.7681159420289855,0.5108102965234896,0.032169154395802,0.6560386473429952,0.4752580063356916,0.2057971014492753,0.4044783365642847,32.0,0.0,0.0,5.0,0.0,4.0,1035.0,3.0,32.0,31.0,61.43421214384834,0.0,0.9188833976900376,2.643363679333219,0.6573614591094155,0.8459150316053821,0.3512202102059601,0.1300302031161841,1.2101587433686505,0.0065274788455772,0.1928508591082533,0.0,0.0,0.9951690821256038,0.0309178743961352,0.0280193236714975,0.90625,-0.0001600527448497,0.0106340000044133,0.1397351193507288,0.1332846106211465,0.3275668439331956,single,,0.0,ru,kappa_vs_majority,0.288647342995169,0.1
"Tweet sentiment RU [size=388, imbalanced]",2,307.0,384.0,5.0,0.5148486579097659,114.0,21.77510241748882,0.0456026058631921,0.7913897956899076,0.3560304704104962,0.10694919482407,23.721635573035996,15.88,43.8441844976312,0.3249615361854384,0.0,0.0182044500820588,0.0051166051517822,2.584840886692185,2.728962762839415e-05,0.1042345276872964,0.7913897956899076,0.2297778207806512,0.4409829914859571,0.1649925197855699,0.0,0.0171582265606893,0.0069024808590337,1.8375502006195663,0.5940113456927305,1.179526438471661e-16,1.4136344435237842e-16,1.5407091366989576e-17,2.133931491152737e-17,0.9124992016350514,0.1534220009905292,0.1168166951071944,27.827348581000713,0.973139632424521,0.0293166582747729,0.1555646944334754,0.1107247670483625,3.5149320004407566e-06,9.329320532954662e-06,0.6494452946027027,0.213982432232154,0.0,0.0,0.2,0.1878634667796635,0.0,0.0,1.3462845794883576,0.0,0.0,0.8280072543395466,0.2048709124614802,9.59375,0.4479215316998651,0.1692970424072198,4.35635712093257,0.0266505877554949,1.194880314291801,0.9119384013656224,0.0492811209973427,0.0592307579117413,0.0584092666459954,0.073206816241573,0.0804111492530817,0.0667216571987744,1.3053276870940584,0.9944296491209456,0.3310713343600863,0.1235267050900965,1.301989549827407,0.4035866127670655,2.5201520204744497e-18,1.2486117775302159e-17,0.0029545737421181,0.01851944059636206,-1.2637819293943855,0.3643562751440816,0.0660339663791815,0.0266527550953797,0.7003257328990228,0.508967288038012,0.0429349830770568,0.6221498371335505,0.4856414836873781,0.4429967426710097,0.49755100568417,32.0,0.0,0.0,5.0,0.0,4.0,307.0,8.0,32.0,32.0,38.14411065131936,0.0,0.8595315898751901,2.5657714792217927,0.6298568517506166,0.824096256247646,0.3739250725337381,0.1184939519182546,0.0,0.0113298298011739,0.335295782323365,0.0,0.0,0.996742671009772,0.1042345276872964,0.0944625407166123,0.90625,0.0019657345857173,0.0110296705476207,0.1534220009905292,0.1168166951071944,0.352275987055726,single,,0.0,ru,kappa_vs_majority,0.3935608223872073,0.1
"Tweet sentiment RU [size=488, imbalanced]",4,394.0,384.0,5.0,0.5127226463104325,121.0,24.11578897696951,0.0456852791878172,0.8137018754294978,0.3597542444424139,0.1024859114501923,23.782763497979413,15.8,46.17463811873723,0.4098780306383839,0.0,0.0173176961430938,0.0050906089325284,2.8073085712560983,0.0,0.0812182741116751,0.8137018754294978,0.210816978586018,0.4254944605553757,0.1397845325469966,0.0,0.0140968832361986,0.0034794236595405,1.8893572454222876,0.6081264788678205,1.4433016014023003e-16,1.6942995489960772e-16,1.7695907810987597e-17,2.1993859192752737e-17,0.9159788687823716,0.1506625736303855,0.1268279160279807,30.14753591506133,0.9755374549786736,0.0219877608689489,0.1868517970007144,0.1295358256443414,2.2152351638237697e-05,3.553803683548651e-05,0.828867515534145,0.0909502254975671,0.0432705632999103,0.0919673580760898,0.2,0.1789061071954698,0.0,0.0,1.138788656387418,0.0,0.0,0.8223223452783011,0.2085544477211063,12.3125,0.4476418923659169,0.1818435065120467,4.633995446179601,0.0140472167147557,1.2490548412921734,1.2772539591866674,0.0627528347658402,0.0645285345871687,0.0764475776223723,0.0806045249470327,0.0938234376551548,0.0738658014012815,1.0738997865140667,0.9959738720399908,0.330996685177326,0.1321381798156677,1.304879582235856,0.4291614011659739,1.787557693519248e-18,1.3460755316384629e-17,0.0043992239261908,0.019680804242398865,-1.2791329562953753,0.3816988481333737,0.0626703704987839,0.0140472167147557,0.7284263959390863,0.5105430603276572,0.0327101747963129,0.6218274111675127,0.4855475759478184,0.4644670050761421,0.4993699288909726,32.0,0.0,0.0,5.0,0.0,4.0,394.0,8.0,32.0,31.0,43.79482966054227,0.0,0.7828012904713879,2.584012538531231,0.668202874131592,0.5808947639449434,0.3681440072225,0.1249828419771769,0.0,-0.0429351337749226,0.3654371745833594,0.0,0.0,0.9949238578680204,0.0812182741116751,0.0736040609137055,0.90625,0.0025668891691433,0.0147405199319423,0.1506625736303855,0.1268279160279807,0.4026054590453048,single,,0.0,ru,kappa_vs_majority,0.3909033078880406,0.1
"Tweet sentiment RU [size=1049, imbalanced]",8,926.0,384.0,5.0,0.5280474649406689,144.0,26.29395682898201,0.0421166306695464,0.8250034741740067,0.3367569737347937,0.0833407133537184,28.79840151002554,15.752,53.71108958475189,0.4674355570557294,0.0,0.0102184250568543,0.0018895791387889,3.169918254448072,0.0,0.0345572354211663,0.8250034741740067,0.1745038391126094,0.396686729435214,0.1545229719396388,0.0,0.007934437861915,0.0047499183250351,1.9155987450643064,0.6013817560090394,1.5069899304252543e-16,2.0154672845879899e-16,1.675162494067435e-17,2.565940741034137e-17,0.9208265717121008,0.143949215977187,0.1273643630507349,41.21577300541089,0.9780914494872952,0.0318991581863444,0.2438017980292577,0.1471563910916281,0.0002599932397594,0.0005573183623127,0.8413565035892493,0.1467263732829034,0.2305876485670283,0.2794398344751385,0.1999999999999999,0.1676935804320422,0.0,0.0,1.243235302132902,0.0,0.0,0.8532565442975302,0.1897369070741834,28.9375,0.447708394735719,0.1761585657902782,5.039039677715872,0.0269546611152572,0.8049154309879762,0.5549127725736868,0.0926841441424689,0.0665972804776709,0.12558869832357,0.0961115733056699,0.1186484842452292,0.0793050704383815,0.9510514650748546,0.9982191921406548,0.332407258609543,0.1310886926244257,1.3151203396046167,0.3764628702400123,-4.4435897246403745e-18,2.1510589157632196e-17,0.0037154286361432,0.017684251950118805,-1.323282149683371,0.4084956522227879,0.0464773217965079,0.0269546611152572,0.7419006479481641,0.5084602958650097,0.031046451872996,0.642548596112311,0.4795082901666742,0.4319654427645788,0.4956173577377945,32.0,0.0,0.0,5.0,0.0,4.0,926.0,2.0,32.0,32.0,67.20354813745406,0.0,0.7010734918112018,2.6384024892879876,0.6905216554634639,0.5341141206771516,0.3587887052790729,0.1253429090243543,1.2695319402169625,-0.0360747513064929,0.2605711146905935,0.0,0.0,0.9946004319654428,0.0345572354211663,0.0313174946004319,0.90625,0.0020809763369746,0.013392055373047,0.143949215977187,0.127364363050735,0.44451554101987,single,,0.0,ru,kappa_vs_majority,0.4100593311758361,0.1
RuGoEmotions [baseline size=2000],24,357.0,384.0,203.0,0.0280112044817927,115.0,19.16103351716424,0.0028011204481792,0.976871577053875,0.3575700274592049,0.7000436875639643,24.456950439283418,16.18,43.69949598911192,0.46,0.0,0.0896358543417367,0.0,0.0,0.0,1.20144638420756e-16,1.3909820564078578e-16,2.1206960445452585e-17,2.576828121892977e-17,0.2037728872151514,0.1431199352387592,0.0049261083743842,0.0024865087983216,0.0,0.0,3.0689220645908,0.0,0.0,11.15625,0.5586493509338137,0.1938285684973681,0.4847588583696147,0.6439762536960738,0.0,0.4134737765016261,0.1424131229894936,1.3842392736457656,0.3704610366971873,-7.288754100742909e-20,1.6543844893238638e-17,-0.001415271703261,0.0234008356040667,-1.3496728982790285,0.372225524474692,32.0,0.0,0.0,203.0,0.0,0.0,357.0,22.0,32.0,29.0,0.0,0.0,2.733912171924794,0.6696214496455719,0.0,0.4326185748671818,0.130957982505752,0.0,0.0461389941562519,0.2565743664496162,0.0,0.0,-0.0024266983217973,0.0164357040148923,0.2037728872151515,0.1431199352387591,0.0,single,,0.0,ru,,,,,,,,,,,,,,,,,,,,,,,,,,,,,,,,,,,,,,,,,,,,,,,,kappa_vs_majority,0.023199378761405536,0.1
RuGoEmotions [size=1142],16,303.0,384.0,217.0,0.0198019801980198,110.0,19.10544496932039,0.0033003300330033,0.9770387398828858,0.3674115416163382,0.7334315959500392,23.895987691814337,15.98,42.24535816528368,0.2749545416973504,0.0,0.1056105610561056,0.8422290057991841,0.1009593857535738,0.0,1.1562874153774724e-16,1.22427951070044e-16,2.1040070363177308e-17,2.8269177385033786e-17,0.2056978906613522,0.1442168324567575,0.0046082949308755,0.0025198388492956,0.0,0.0,3.455114187085346,0.0,0.0,9.46875,0.559617330001291,0.2016265468234628,0.5199709280270328,0.5998090655493356,144.49011160837696,0.4155474472086137,0.1519128764546027,1.414544528518201,0.4170006400845769,1.1393068373577051e-18,2.1028787390654997e-17,-0.0033016668569079,0.0187296642510865,-1.3615223397491834,0.3809218497632182,32.0,0.0,0.0,217.0,0.0,32.0,303.0,18.0,32.0,31.0,0.0,23.015167067427335,2.7760668682673844,0.7140047285702588,16.803199878388167,0.4341417694737903,0.1333201421154979,0.0,0.0532525067043523,0.2369554700313888,0.0,0.0,-0.0029229080045251,0.0116955968633078,0.2056978906613522,0.1442168324567575,3.640864107213835e-21,single,,0.0,ru,,,,,,,,,,,,,,,,,,,,,,,,,,,,,,,,,,,,,,,,,,,,,,,,kappa_vs_majority,0.01526402640264026,0.1
"RuGoEmotions [size=1162, imbalanced]",16,301.0,384.0,218.0,0.0099669966996699,109.0,20.6297926579108,0.0033222591362126,0.9772990436777392,0.360809082869566,0.7374830231567795,23.51985800187059,15.972,42.28041266494535,0.2078845833629805,0.0,0.1063122923588039,0.84471816930119,0.0958665485059626,0.0,1.2152633238467026e-16,1.3918335763579988e-16,2.13209557136454e-17,2.453296417349592e-17,0.2025453158192143,0.1395234354896468,0.0045871559633027,0.0025052992184302,0.0,0.0,3.1472681220736938,0.0,0.0,9.40625,0.5612672147889801,0.1899909777656581,0.4175247188736524,0.719986057229816,146.25312270596368,0.4173741909986764,0.1441284426663402,1.3429943906175692,0.3113881549148664,4.414611902319715e-18,2.070168102928996e-17,0.0023107501030954,0.0199928605600114,-1.310705982006295,0.4083455510288031,32.0,0.0,0.0,218.0,0.0,32.0,301.0,23.0,32.0,31.0,0.0,23.11846338631755,2.653700372623864,0.6419476037688145,16.118741895390304,0.4317156221286593,0.1291837897721726,0.0,0.0392441823002233,0.2328933014992809,0.0,0.0,2.5558591286056536e-05,0.0137612872662219,0.2025453158192143,0.1395234354896469,3.0442754248951256e-21,single,,0.0,ru,,,,,,,,,,,,,,,,,,,,,,,,,,,,,,,,,,,,,,,,,,,,,,,,kappa_vs_majority,0.005404632629161466,0.1
RuGoEmotions [size=1714],24,349.0,384.0,226.0,0.0286373907063562,113.0,20.059149896144863,0.0028653295128939,0.9759238413002558,0.3646629255029981,0.7089995418163165,22.97212137907053,15.912,42.98581781880385,0.3467794688270919,0.0,0.0916905444126074,0.0,0.0,0.0,1.182900582983536e-16,1.270830688871086e-16,2.086710493141696e-17,3.0684270821846386e-17,0.1970392535114519,0.139765610031237,0.0044247787610619,0.0024015459386806,0.0,0.0,2.951296704178883,0.0,0.0,10.90625,0.5502007863455104,0.1874504522590936,0.4214948780553026,0.3977325961992839,0.0,0.4080608011803758,0.138963337531795,1.3110893611843772,0.3877587974191365,2.226808358847019e-18,1.441597747540938e-17,0.0015994833048766,0.0149340621679793,-1.3515196114315169,0.3753846090218555,32.0,0.0,0.0,226.0,0.0,0.0,349.0,17.0,32.0,30.0,0.0,0.0,2.662608972615894,0.6709732718290315,0.0,0.4246059595991083,0.1314888738945688,0.0,-0.033751697130286,0.2399360794771519,0.0,0.0,0.0021067859400109,0.0146090406557855,0.197039253511452,0.139765610031237,0.0,single,,0.0,ru,,,,,,,,,,,,,,,,,,,,,,,,,,,,,,,,,,,,,,,,,,,,,,,,kappa_vs_majority,0.024320223553940007,0.1
SNLI [baseline size=2000],8,1200.0,1152.0,3.0,0.4741666666666666,410.0,19.459156144898756,0.3333333333333333,0.9999999999999998,0.256024595261664,0.028565161133118,26.84215703720118,17.096,118.34932829552498,0.320599438552222,1.0,0.0097286504951553,0.0042432894844567,3.321928094887362,0.0,0.0266666666666666,0.9999999999999998,0.0,0.412777785231346,0.3144266219025168,0.0,0.0033123212178458,0.0033160867539018,1.584962500721156,0.6219797441566873,1.3411862918333256e-16,1.5786844656677972e-16,1.0676139288346731e-16,1.6340306622881383e-16,0.9232554906866832,0.8959097427376519,0.5824496297826903,72.24535607418785,0.9862614031076028,0.032093845636338,0.3800150057960244,0.1811810572565176,0.0158868909424398,0.0044135593838111,0.9841666666666664,0.0026020824993326,0.8075,0.0195256241897666,0.3333333333333333,0.0,0.0,0.0,0.736098017764214,0.0,0.0,0.8946554449313461,0.1629903274531017,37.5,1.210958768570467,0.414942098357477,4.884951988245388,0.0226871117674752,0.1643089373643164,0.4058310444760501,0.1454761039256913,0.0311886576467638,0.2441666666666666,0.0915007968999906,0.22375,0.098773731325692,0.7137033991327175,0.9984458333333334,0.8956827095714506,0.309059597344647,2.836873706205921,0.7010260947375498,-9.113080660464824e-18,3.635096727927702e-17,0.0042409592009402,0.051839346784695116,-2.888832298577637,0.6532738444302312,0.0219386073631304,0.0226871117674752,0.7208333333333333,0.5063458346778636,0.0461981577778956,0.565,0.4959636915333952,0.14,0.3471316998117262,32.0,0.0,0.0,3.0,0.0,2.0,1200.0,13.0,32.0,29.0,150.4192783480928,0.0,0.4396351005220186,5.725706004783558,1.1325491611438911,0.6760693013557788,0.9078212222673946,0.2721865984965468,1.0416816592073532,-0.005121198118386,0.2901041513413988,0.0,0.0,0.9933333333333332,0.0266666666666666,0.0241666666666666,0.90625,0.0003710155532892,0.0431445813368304,0.8959097427376517,0.58244962978269,0.5749946364723072,pair,,0.0,en,kappa_vs_majority,0.21124999999999994,0.1
SNLI [size=378],4,378.0,1152.0,3.0,0.4682539682539682,226.0,19.906820487154473,0.3333333333333333,0.9999999999999998,0.2746978978702137,0.0539527570935476,25.142530571549923,17.016,72.01633776467611,0.1254750971308649,1.0,0.0171155131911215,0.0039831120229833,2.8073549220576037,0.0,0.0846560846560846,0.9999999999999998,0.0,0.4696898758100289,0.2344917489488332,0.0,0.0075843505734889,0.0048802428538784,1.584962500721156,0.62526100370859,1.561340048109774e-16,1.6824879364612336e-16,1.391278650921676e-16,1.9599212877257694e-16,0.9214629559457146,0.981663100340085,0.5850167782860501,47.96068375179721,0.9844936387581,0.0273866502031606,0.3375288450029787,0.1251911929503852,0.0043798379821689,0.0028287887952252,0.9603174603174603,0.0068732174903526,0.3505291005291005,0.0693404360956674,0.3333333333333333,0.0,0.0,0.0,0.9486128123577288,0.0,0.0,0.8936867413568269,0.1693204496002713,11.8125,1.2098921367342137,0.3866905170668646,4.359270302163809,0.0211760525926916,0.3160431016782447,0.6999427641411942,0.1556850789193179,0.0189720375772504,0.2222222222222222,0.0757094604299163,0.2103174603174603,0.0766397139516982,0.7791983234804036,0.9953248789227626,0.8942747520321307,0.2780298171986168,2.7751638011080413,0.7189369234197833,-4.0109743862532515e-18,2.5794581015049708e-17,0.0022406262211035,0.07879134025182256,-2.7899068329086396,0.6659133576625991,0.0330471206149508,0.0211760525926916,0.7671957671957672,0.5093538480297526,0.0538454170771786,0.6005291005291006,0.4904388068748679,0.3465608465608465,0.4765050958462577,32.0,0.0,0.0,3.0,0.0,2.0,378.0,19.0,32.0,30.0,83.9500613008786,0.0,0.4962035392019635,5.565070634016681,1.1135532959799812,0.6774610987673357,0.9557938481600724,0.2651766936860527,1.102158047265392,-0.0162363037124588,0.382520729780263,0.0,0.0,0.992063492063492,0.0846560846560846,0.0767195767195767,0.90625,0.0027038805452696,0.0624524133584864,0.9816631003400852,0.58501677828605,0.5410900143732185,pair,,0.0,en,kappa_vs_majority,0.2023809523809523,0.1
SNLI [size=516],8,516.0,1152.0,3.0,0.5038759689922481,276.0,18.825651751683186,0.3333333333333333,0.9999999999999998,0.2712834370444196,0.0383098191130885,26.110110482389267,17.0,84.4839405585181,0.1788854381999831,1.0,0.0145451377925432,0.0034556643371421,2.999956651959304,0.0,0.0620155038759689,0.9999999999999998,0.0,0.4645631441123827,0.2388236989657156,0.0,0.0061699657702238,0.0047105954945807,1.584962500721156,0.6271538476470246,1.3639919092331562e-16,1.524379753388797e-16,1.1643300780163127e-16,1.6998690148740724e-16,0.9234514939414464,0.9504616589766348,0.5997383203014601,49.94064704681116,0.9847289188352888,0.0335527325485539,0.3521996275954088,0.1621244035093167,0.0056497163039356,0.0038747060039188,0.9544573643410852,0.0250630177449177,0.4854651162790697,0.0705503552297185,0.3333333333333333,0.0,0.0,0.0,0.8361975608357551,0.0,0.0,0.8650040694232769,0.2092381370294307,16.125,1.2169646247213897,0.3744711284334229,4.5531822290632,0.024384157668598,0.2724159772934218,0.5344032903745117,0.1489162761431477,0.0330195466891837,0.2383720930232558,0.079981491233707,0.2257751937984496,0.0979928594581123,0.7659339709593054,0.9964920978306592,0.900453056951845,0.2775790588402692,2.7574365111848143,0.7096057083633907,3.684606452849962e-18,2.5482156873682738e-17,-0.0022340513387563,0.07565994501362665,-2.8523152654194184,0.7378004660909515,0.0317369236172593,0.024384157668598,0.7209302325581395,0.503635340806169,0.0433855371098335,0.5542635658914729,0.4975290793180491,0.3624031007751938,0.4811608538642118,32.0,0.0,0.0,3.0,0.0,2.0,516.0,14.0,32.0,29.0,93.52575454817703,0.0,0.4886745889228318,5.609751776604233,1.197269529041616,0.6701250347633322,0.937176189065782,0.272929057779509,1.0960581621187284,-0.0249903895090332,0.3578681513163095,0.0,0.0,0.996124031007752,0.0620155038759689,0.0562015503875969,0.90625,-0.0035391745013046,0.0575403362092246,0.950461658976635,0.5997383203014603,0.5464069015910011,pair,,0.0,en,kappa_vs_majority,0.2558139534883721,0.1
"SNLI [size=1342, imbalanced]",2,1022.0,1152.0,3.0,0.477496981197171,394.0,21.337033693367463,0.1252446183953033,0.8952932074997931,0.2464094027779407,0.0398785619464981,27.364902993781296,17.124,114.9564841717872,0.3295815528818323,1.0,0.0100447437138821,0.0022348708062902,3.3219170664087727,0.0,0.0313111545988258,0.8952932074997931,0.1165866210834567,0.3837352658673963,0.2798867371860393,0.0,0.00330279083848,0.0038834263009114,1.4190061610375373,0.6360050761324012,1.50555245705037e-16,1.7927046455269306e-16,1.1434306597540974e-16,1.5376678763954362e-16,0.9107528592320564,0.8906992218778457,0.5502747417510476,65.36652137751193,0.98834868453041,0.0321415195895807,0.3766743752446792,0.1517846830392091,0.010375845901371,0.0151331393424947,0.9402464092338616,0.0439723829551401,0.5913575203449729,0.2207059317638539,0.3333333333333333,0.1802101133771924,0.0,0.0,0.9367948374339982,0.0,0.0,0.8638637810965167,0.1716394240822916,31.9375,1.201995202854535,0.3883648061875884,4.719214772856194,0.0263658875092023,0.1260127460014801,0.3932899691509906,0.1424196584548121,0.0472795579612683,0.2107700288558182,0.0699539198872685,0.1939940991472943,0.0646267015320665,0.5470501329084045,0.9979635877619956,0.8902419748189788,0.2820356910204202,2.837946192620774,0.7286198864099693,2.1047525540227404e-18,2.249317173727509e-17,-0.0011642189004545,0.04772953286896571,-2.73671277712344,0.6967382692691392,0.0217084545901155,0.0263658875092023,0.6956947162426614,0.5049103760511674,0.0469641905048783,0.5430528375733855,0.4983868936241287,0.3160469667318982,0.4651591091363617,32.0,0.0,0.0,3.0,0.0,2.0,1022.0,17.0,32.0,30.0,152.02411567893583,0.0,0.3728420941932897,5.574658969744214,1.2723959071568187,0.5112839884825192,0.90850785403863,0.2596527726627456,1.0697532655398965,0.0102719455728206,0.2821189533699488,0.0,0.0,0.9931506849315068,0.0313111545988258,0.0283757338551859,0.90625,-0.0009915817487609,0.0382645781213671,0.8906992218778451,0.5502747417510473,0.6388401566123493,pair,,0.0,en,kappa_vs_majority,0.21624547179575648,0.1
Ru ParaPhraser [baseline size=2000],4,1200.0,1152.0,3.0,0.5191666666666667,357.0,12.818287167561524,0.3333333333333333,0.9999999999999998,0.2878207720923091,0.0555720913229306,28.123021793865632,16.916,103.7143272403568,0.2914515397111499,1.0,0.0093751154165916,0.0026021824652521,3.321928094887362,0.0,0.0266666666666666,0.9999999999999998,0.0,0.4471100316763196,0.4098716371415418,0.0,0.0042910536283639,0.0094671450647499,1.584962500721156,0.5829058280623556,1.2620540805292158e-16,1.555518950020015e-16,5.418317348246153e-17,9.300084337693384e-17,0.9126883514039478,0.5117521758875634,0.4034104270965963,54.10454822150253,0.9822559525064384,0.0739139624199538,0.2844510477991791,0.1603019661710156,0.0067310545174652,0.0062664970791545,0.9166666666666666,0.0616483644011204,0.7241666666666666,0.0886736761013849,0.3333333333333333,0.0,0.0,0.0,0.6442988109667304,0.0,0.0,0.8590971222101886,0.2201807541375554,37.5,0.8661292784565466,0.2821587400330925,4.877596154515833,0.0675171018394051,0.4330179329397928,0.2555679998278441,0.1231287591271841,0.0409189070378699,0.1937499999999999,0.0943812084050633,0.1754166666666666,0.0822945674594218,1.2138872918777783,0.9979868055555556,0.6355757366377386,0.1960667487775508,2.347536152343062,0.5432497224086122,-4.388850394221323e-18,5.3310499205976746e-17,-0.0110563760728512,0.04697510220914827,-2.1934444390961505,0.6589003398716897,0.0292944410926852,0.0675171018394051,0.6558333333333334,0.4978388421408657,0.07199348301411,0.4941666666666666,0.5001744205088178,0.1641666666666666,0.370581184403747,32.0,0.0,0.0,3.0,0.0,2.0,1200.0,5.0,32.0,32.0,112.39789977139506,0.0,0.5678095197842867,4.5409805914392125,1.0827992160868023,1.1885205324761874,0.6794626372038179,0.2273725390553715,1.060890543848679,0.0637742198157416,0.2644102724038554,0.0,0.0,0.965,0.0266666666666666,0.0241666666666666,0.90625,-0.0074098685431548,0.0345394951264568,0.5117521758875633,0.4034104270965965,0.4456256085380415,pair,,0.0,ru,kappa_vs_majority,0.27875,0.1
"Ru ParaPhraser [size=529, imbalanced]",2,347.0,1152.0,3.0,0.706071964017991,201.0,15.304107573425537,0.0979827089337175,0.8431237493308005,0.2981042987634748,0.1055282482012092,30.135241275613645,17.016,65.8638372122598,0.1781684596105607,1.0,0.0178645702634427,0.0044254189663292,2.8072829619734176,0.0,0.0922190201729106,0.8431237493308005,0.1939308545066399,0.5673485940940751,0.2968053431603184,0.0,0.0095870018727545,0.0168000171832362,1.3363195261567429,0.5755651403249631,1.588605841486918e-16,1.8416241980645143e-16,7.100995606180349e-17,9.311938712437723e-17,0.8791624327430827,0.5557864623849942,0.4051070002940754,29.616618892386764,0.9771293035728474,0.0842448211525641,0.1711880180471783,0.0427157237535303,0.0002116125258389,0.0003187524487323,0.6318272365320481,0.1396829964315377,0.0,0.0,0.3333333333333333,0.2243092109286381,0.0,0.0,1.4473483838101449,0.0,0.0,0.7796049384563869,0.2381257864270373,10.84375,0.8800238953558883,0.2827405436328093,4.098481891109538,0.0893175953647275,0.6991166178181059,0.6893803585751741,0.0729294200407453,0.0182841488218666,0.0756514652713158,0.0052213520652523,0.0796655229969261,0.0164309858346818,1.6722326569384345,0.9911136210748366,0.6544337127450488,0.2113977932752337,2.3090976364087483,0.6656800147513118,5.079190350410478e-18,2.1474175135616533e-17,-0.0161428656876341,0.06306177173152795,-2.1358660550993234,0.6333071915523729,0.0451205970206226,0.0893175953647275,0.5504322766570605,0.4785575846202386,0.0705265192920262,0.3976945244956772,0.4901284355081142,0.3227665706051873,0.4682094292415423,32.0,0.0,0.0,3.0,0.0,2.0,347.0,13.0,32.0,31.0,61.21732750323165,0.0,0.7318622661695615,4.444963691508072,1.085746151810166,1.5257214193400572,0.7118619563005468,0.2249909361487974,1.3446213362618245,0.1084926703018634,0.390744905391276,0.0,0.0,0.9481268011527376,0.0922190201729106,0.0835734870317002,0.90625,-0.0142284985161289,0.0481959820241044,0.5557864623849942,0.4051070002940756,0.3453315332388808,pair,,0.0,ru,kappa_vs_majority,0.5591079460269864,0.1
Ru ParaPhraser [size=633],4,633.0,1152.0,3.0,0.4928909952606635,281.0,16.18220964740984,0.2338072669826224,0.9768189594116892,0.2920772005680059,0.069432682376097,29.398443424358135,16.988,85.892163267942,0.1409113196304683,1.0,0.0118293562727565,0.0030536236948987,2.9999874377175564,0.0,0.0505529225908372,0.9768189594116892,0.0340967476288602,0.5122362134711449,0.3038944500406854,0.0,0.0064290935290891,0.0101908438456414,1.5482214206609886,0.5862799912630083,1.2680273745091284e-16,1.43827028705265e-16,5.0808880855055966e-17,5.719055713359881e-17,0.9073529705841182,0.5170435333823324,0.4121799428501285,46.00761364649288,0.9807148838175308,0.063227257926355,0.2512662233055633,0.1265503744005235,0.0025802921811682,0.0018513864406976,0.8726258537052957,0.104035627606569,0.4672254149513095,0.2021703296452109,0.3333333333333333,0.0900473933649289,0.0,0.0,0.8021298964155748,0.0,0.0,0.8647062280281506,0.2033040579993028,19.78125,0.8661758646202475,0.2825409744229334,4.514557440755432,0.055803261862316,0.3777004280627478,0.4281026418492109,0.1141728245172288,0.0454225659740969,0.164722272302624,0.094082030323912,0.140810825710765,0.0671297749913268,1.2188129962438217,0.9961566202216682,0.6372185861552752,0.2005872033791211,2.204622173536052,0.5361822013097548,7.092360751702965e-18,1.738123854210797e-17,-0.0160464714896095,0.06093248976556878,-2.1233994488662997,0.6734609094208385,0.0336514176231135,0.055803261862316,0.6382306477093207,0.4953994938144992,0.0688480263999724,0.4834123222748815,0.5001199688098363,0.3665086887835703,0.4822317320105863,32.0,0.0,0.0,3.0,0.0,2.0,633.0,15.0,32.0,32.0,88.14891703275558,0.0,0.6171237135480433,4.328021622402352,1.0745755105077195,1.121819878548518,0.6824104186209052,0.2302527171272657,1.1013408757306078,0.0654205286502041,0.2934077165529479,0.0,0.0,0.9636650868878356,0.0505529225908372,0.0458135860979462,0.90625,-0.0072177970508919,0.0407721612830605,0.5170435333823324,0.4121799428501284,0.4296230592040287,pair,,0.0,ru,kappa_vs_majority,0.23933649289099523,0.1
TERRa (RU NLI) [baseline size=2000],4,1200.0,1152.0,2.0,0.5,411.0,7.917956506102062,0.5,1.0,0.2371221681822282,0.0083170110563831,28.120258559541345,17.008,116.01155376641086,0.0890842298052803,1.0,0.0083210571267997,0.0016989800654049,3.321928094887362,0.0,0.0266666666666666,1.0,0.0,0.2791325436612413,0.0,0.0,0.0010036427451035,0.0006041551127842,1.0,0.6256022450194141,1.45429745767834e-16,1.42674137814684e-16,4.962967603956608e-17,5.753484467532217e-17,0.8839129830414234,0.394517401483794,0.2480974310961085,152.7276947735759,0.9975651569709127,0.0037945888995391,0.7477018800325524,0.0,0.0201423804641997,0.0,0.9908333333333332,0.0,0.8791666666666667,0.0,0.5,0.0,0.0,0.0,0.3662457845186707,0.0,0.0,0.8424248397414499,0.1808250605282179,37.5,0.7995648010836012,0.273245030435487,4.315380493933373,0.0039743948020549,0.3208151653363278,0.5126098952837075,0.1842882523287338,0.0,0.3808333333333333,0.0,0.3566666666666667,0.0,0.0844986904477105,0.9983944444444444,0.5898857693825819,0.1987748128746546,2.056270361029128,0.5041901040079273,4.475586568020163e-18,3.7124759834264465e-17,-0.0039378838819866,0.03299460221390829,-2.0123901943491593,0.4364066242233276,0.0065476009539889,0.0039743948020549,0.6983333333333334,0.5130924590047783,0.080043342072735,0.5416666666666666,0.4984686028349552,0.1175,0.3221493962867849,32.0,0.0,0.0,2.0,0.0,1.0,1200.0,5.0,32.0,31.0,506.35042013572354,0.0,0.0779149769307947,4.068660555378287,0.7994917391189423,0.0844986904477105,0.6058733091134751,0.1682852717383736,1.0158567668738872,0.0529779825916907,0.2360933148035408,0.0,0.0,0.9775,0.0266666666666666,0.0241666666666666,0.90625,-0.004144174204778,0.0224581818513794,0.3945174014837939,0.2480974310961085,0.9220850230692051,pair,,0.0,ru,kappa_vs_majority,0.0,0.1
"TERRa (RU NLI) [size=826, imbalanced]",2,539.0,1152.0,2.0,0.6362921580798676,286.0,11.925204590425366,0.2634508348794063,0.831909209996626,0.2450165372978359,0.0162755591415346,28.92768501068716,16.988,85.96022240027814,0.189356806056714,1.0,0.0143846442510866,0.0029208824430726,2.999962801493836,0.0,0.059369202226345,0.831909209996626,0.3657754552153589,0.2916190643693323,0.0,0.0,0.0019015392379057,0.0009066440589424,0.831909209996626,0.6198198823208038,1.4767693815635816e-16,1.635643834659097e-16,5.754343548215476e-17,8.338530713685495e-17,0.8551841148760958,0.4158717099277531,0.2459521867470215,86.49124503561622,0.997342447540511,0.0041363280837706,0.6769095211440851,0.0,0.0038184998161566,0.0,0.9666048237476808,0.0,0.7050092764378478,0.0,0.5,0.3345310374815762,0.0,0.0,0.4478855163113888,0.0,0.0,0.7782989427136882,0.170768323443259,16.84375,0.8162900859818231,0.2655871711353291,3.822253590462368,0.0045651401246272,0.3853814786520015,0.539324346901719,0.208516886930754,0.0,0.2634508348794063,0.0,0.2634508348794063,0.0,0.0929459590936927,0.9939694548758954,0.6020087358164746,0.195076335314155,1.943741912656352,0.5016078647845559,-1.8087469267142222e-18,1.5965534971220385e-17,-0.0040665117067937,0.03406425107357264,-2.0217733106841207,0.4006361344433556,0.0096184210280942,0.0045651401246272,0.5194805194805194,0.4929479721748149,0.0697103710230622,0.4007421150278293,0.4905040711152645,0.2782931354359926,0.4485748388294389,32.0,0.0,0.0,2.0,0.0,1.0,539.0,15.0,32.0,30.0,310.8976381602861,0.0,0.0850416787036447,3.9655152233404727,0.750176401739347,0.0929459590936927,0.6240847915792346,0.1650489908806368,1.0392605907333312,-0.012318648692561,0.2251324180102322,0.0,0.0,0.9684601113172542,0.059369202226345,0.0538033395176252,0.90625,-0.0001326094970599,0.0206952048811922,0.4158717099277533,0.2459521867470216,0.9149583212963552,pair,,0.0,ru,kappa_vs_majority,-0.3805530055982494,0.1
TERRa (RU NLI) [size=1004],2,1004.0,1152.0,2.0,0.5348616200434951,390.0,9.531983972326673,0.4800796812749004,0.9988547190181812,0.2362957941881824,0.0108757713101368,29.966011316728896,17.204,111.67549882226388,0.42235530066521,1.0,0.0098116977099271,0.0016921742767445,3.32191093154384,0.0,0.0318725099601593,0.9988547190181812,0.0031695218776247,0.3066917310056323,0.0,0.0,0.001119070759833,0.0006303478511194,0.9988547190181812,0.6238433672747519,1.4990405795939043e-16,1.6602204071500712e-16,5.199817300242096e-17,6.474709791687083e-17,0.8823013032615301,0.3951344764071573,0.2482008415695009,136.78220246434176,0.997060630691649,0.0038632123056692,0.7066490553119119,0.0,0.0221220793947355,0.0,0.9920318725099602,0.0,0.8715139442231076,0.0,0.5,0.0281715849078305,0.0,0.0,0.4113427112745658,0.0,0.0,0.830292252123577,0.2034712791686806,31.375,0.8008999686554255,0.2625861936104745,4.313463130928455,0.0041394027830929,0.2502680766949097,0.473745083786538,0.1809645395374308,0.0,0.3675298804780876,0.0,0.3386454183266932,0.0,0.1038256385159945,0.9979613418834622,0.5938462710530352,0.1958018231392692,1.9872012713974572,0.4494602280106297,-1.4444510218292936e-18,1.243454135377125e-17,-0.011247844886927,0.027043366275396184,-2.015533437878246,0.4954916944839535,0.0073025196335654,0.0041394027830929,0.6772908366533864,0.5089636898713265,0.0712492429646351,0.5258964143426295,0.4995777810802284,0.2828685258964143,0.4506175430839475,32.0,0.0,0.0,2.0,0.0,1.0,1004.0,14.0,32.0,31.0,453.89928110222905,0.0,0.0940598178672311,4.002734709275703,0.855550401993833,0.1038256385159945,0.6064124821908614,0.1681731146485875,1.019433425143199,0.0369267948488886,0.1847418615089502,0.0,0.0,0.9840637450199204,0.0318725099601593,0.0288844621513944,0.90625,-0.0075804895851551,0.0201836551155335,0.3951344764071574,0.2482008415695009,0.9059401821327688,pair,,0.0,ru,kappa_vs_majority,0.03112254465491521,0.1
TERRa (RU NLI) [size=1109],2,1109.0,1152.0,2.0,0.5194243023511317,400.0,7.967373883627303,0.4806131650135257,0.9989152560576408,0.2385465917621613,0.0101697292056054,28.575503425401177,17.048,113.39771932725712,0.264,1.0,0.0093369754875269,0.0020560825910514,3.3219228034786905,0.0,0.0288548241659152,0.9989152560576408,0.0030022813441257,0.3130993432958599,0.0,0.0,0.0011686977050989,0.0006172717697192,0.9989152560576408,0.6245184976191474,1.4526123390998466e-16,1.62235560842161e-16,5.1377400022551705e-17,6.981148458847446e-17,0.8837489786551126,0.3975173319901595,0.2501604009852425,130.94685690337352,0.9969365250383656,0.0055219899204969,0.6970554132398177,0.0,0.0194371152985098,0.0,0.9927862939585212,0.0,0.8827772768259693,0.0,0.5,0.0274171249693611,0.0,0.0,0.4272895201223178,0.0,0.0,0.8392266694415665,0.1918530688045864,34.65625,0.8041556495254893,0.2811548666199636,4.31320965760535,0.0040489493499398,0.2109307734799256,0.3455831064315008,0.1789904917024249,0.0,0.3733092876465284,0.0,0.3399458972046889,0.0,0.1086857978223471,0.9981575453234908,0.5948559058003577,0.2020979649290277,2.0956032685711614,0.4870441511234573,1.2889198775517486e-18,1.2364087195423628e-17,-0.0003258718439735,0.028694684474301527,-1.948234689558332,0.4173329127798961,0.0076284019309814,0.0040489493499398,0.6717763751127142,0.5153335562991771,0.0809592320617046,0.5320108205590622,0.4991993733201625,0.3110910730387736,0.4631488324245178,32.0,0.0,0.0,2.0,0.0,1.0,1109.0,17.0,32.0,31.0,434.4677209635856,0.0,0.0980311987722987,4.043837958129492,0.8260654974583228,0.1086857978223471,0.60833630778326,0.1683138960710677,1.019327433724913,0.0309213063224998,0.152654976228769,0.0,0.0,0.9801623083859332,0.0288548241659152,0.0261496844003606,0.90625,-0.0018396853881365,0.017459485192705,0.3975173319901595,0.2501604009852425,0.9019688012277012,pair,,0.0,ru,kappa_vs_majority,7.795742477490951e-05,0.1
